R,No. Pedido,INFO,OT,MP,ML UV,ML TOTAL,ANCHO,M2,Cve,Cliente,Sku item,Descripcion,ABCD,F.Pedido,F.Lib,F. Soli. Clie,F. Venci. Ped,"F. Emb.
Plan",F. MODIFICADA,F. PT ENTREGA,Dias Lib,Dias Venci.,C.Orded.,C.Surtida,C.XSurtir,Existencia,U/M,Total,Vend,VENDEDORES,Nota
,I0ETI27987-1,SALDO POR CERRAR,OE00048077,M1830236-275,34.9249,678.940056,0.275,186.7085154,CT9222P,RECKITT BENCKISER MEXICO,09222I0027C,ETIQ. 50036799 VANISH PINK 420 ML. FTE.,C, 09/12/23, 09/12/23, 27/12/23, 28/12/23, 30/12/23,,,67,48,400.00,382.00,18.00,0.00,MI,"4,091.40",79,Jaime Blasques,
,I0ETI28003-3,SALDO POR CERRAR,,M0151319-230,35.71,38.5668,0.23,8.870364,N12368P,REPARTOS RAPIDOS DE JALISCO,12368I0003A,"ETIQ, TD, FOND, 51MMX25MM, 3"" AZUL",C, 11/12/23, 11/12/23, 16/12/23, 29/12/23, 31/12/23,,,65,60,40.00,39.00,1.00,0.00,RL,129.59,197,#N/A,
,I0ETI28007-1,CANCELACION SIST,,M0151318-225,52.39,905.2992,0.225,203.69232,NE3306P,BUNZL DE MEXICO,03306I0004A,ETIQ 4X4 CHICH PRENSADO D/AGUSTIN FINO,C, 11/12/23, 11/12/23, 15/12/23, 29/12/23, 31/12/23,,,65,61,16.00,0.00,16.00,0.00,RL,"7,187.20",117,Mayra Velazquez,
,I0ETI28012-2,SALDO POR CERRAR,,M0151319-220,83.9,72.4896,0.22,15.947712,NT7189P,HIPOLITO NEVAREZ RODRIGUEZ,07189I0003A,ETIQ. TD 4 X 6.5 C-P C-3 R-900 CON MARCA,C, 12/12/23, 12/12/23, 29/12/23, 30/12/23, 01/01/24,,,64,47,46.80,46.00,0.80,0.00,MI,235.80,179,Guadalupe Gomar,
,I0ETI28038-1,SALDO POR CERRAR,,M0549196-254,26.46,200.0376,0.254,50.8095504,N11585P,MARTIN ARTURO QUEZADA LOPEZ,11585I0002A,ETIQ. TT 3X3 FIFO ROSA  R-2000 C-3 C/P,C, 13/12/23, 13/12/23, 02/01/24, 31/12/23, 02/01/24,,,63,43,143.00,136.00,7.00,0.00,MI,749.87,39,Alejandro de Mata,
,I0ETI28038-3,SALDO POR CERRAR,,M0549196-254,26.46,114.3072,0.254,29.0340288,N11585P,MARTIN ARTURO QUEZADA LOPEZ,11585I0006A,ETIQ. TT 3X3 FIFO P-148-C R-2000 C-3 C/P,C, 13/12/23, 13/12/23, 02/01/24, 31/12/23, 02/01/24,,,63,43,200.00,196.00,4.00,0.00,MI,428.50,39,Alejandro de Mata,
,I0ETI28058-1,SALDO POR CERRAR,,M0151226-115,8.47,731.808,0.115,84.15792,NO3666P,THINK SMART,03666I0189A,ETIQ BOPP TRANSP 30X22MM R15000 3P C3 FS,C, 15/12/23, 15/12/23, 02/01/24, 02/01/24, 04/01/24,,,61,43,"2,000.00","1,920.00",80.00,0.00,MI,"1,558.86",205,Gabriela Chapa,
,I0ETI28018-1,PLANEACION,,M0151306-325,207.4,27999,0.325,9099.675,NE9988P,FERGUMEX,50000B0015A,ETIQ. TT 4 X 6 C/P R/1000 C-3,A, 12/12/23, 12/12/23, 04/01/24, 04/01/24, 06/01/24,,,64,41,125.00,0.00,125.00,-13.00,CJ,"96,396.84",205,Gabriela Chapa,
,I0ETI28362-1,SALDO POR CERRAR,,M0151306-220,331.5,716.04,0.22,157.5288,NE5388D,ID GLOBAL SOLUTIONS,50000B0014A,ETIQUETA TT 4X6 1/2  R-1000 C/P C-3,A, 27/12/23, 28/12/23, 10/01/24, 04/01/24, 06/01/24,,,48,35,23.00,21.00,2.00,0.00,CJ,"1,720.46",39,Alejandro de Mata,
,I0ETI27924-1,MP FLEXCON,,M0085244-216,14.8,447.552,0.216,96.671232,CA6958D,VICTORY PACKAGING LP.,06958B0003C,ETIQUETA 12000412A 4 X 2 1/2 MEDIO CORTE,C, 23/11/23, 19/12/23, 30/11/23, 06/01/24, 08/01/24,,,57,76,120.00,92.00,28.00,0.00,MI,"5,864.55",182,Clelia Sanchez,
,I0ETI28059-1,MP FLEXCON,,M0085244-216,2.9,1252.8,0.216,270.6048,CA6958D,VICTORY PACKAGING LP.,06958B0002C,ETIQUETA 12008437A 100MM X 25MM MEDIOS C,C, 15/12/23, 15/12/23, 08/01/24, 08/01/24, 10/01/24,,,61,37,400.00,0.00,400.00,0.00,MI,"38,414.79",182,Clelia Sanchez,
,I0ETI28147-1,SALDO POR CERRAR,OE00048137,M0151306-248,13.75,534.6,0.248,132.5808,NO8541P,MATERIALES PRODUCTIVOS E INDUSTRIALES DEL YAQUI,07935B0017A,ETIQ. TT 3 X 1.5 R/3000 C/P C3,C, 21/12/23, 21/12/23, 09/01/24, 09/01/24, 11/01/24,,,55,36,"1,200.00","1,164.00",36.00,0.00,MI,"1,615.73",182,Clelia Sanchez,
,I0ETI28174-2,PLANEACION,,M0549163-286,26.2,4131.216,0.286,1181.527776,N11200P,TIENDAS SORIANA,00742B0037C,ETIQ. TD 2 3/4 X 4 1/8 R-1500,C, 22/12/23, 22/12/23, 28/12/23, 09/01/24, 11/01/24,,,54,48,146.00,0.00,146.00,0.00,MI,"11,680.00",79,Jaime Blasques,SALINAS
,I0ETI28172-2,PLANEACION,,M0549163-286,26.2,282.96,0.286,80.92656,N11200P,TIENDAS SORIANA,00742B0037C,ETIQ. TD 2 3/4 X 4 1/8 R-1500,C, 22/12/23, 22/12/23, 28/12/23, 09/01/24, 11/01/24,,,54,48,10.00,0.00,10.00,0.00,MI,800.00,79,Jaime Blasques,HERMOSILLO
,I0ETI28170-2,PLANEACION,,M0549163-286,26.2,1697.76,0.286,485.55936,N11200P,TIENDAS SORIANA,00742B0037C,ETIQ. TD 2 3/4 X 4 1/8 R-1500,C, 22/12/23, 22/12/23, 28/12/23, 09/01/24, 11/01/24,,,54,48,60.00,0.00,60.00,0.00,MI,"4,800.00",79,Jaime Blasques,CUAUTITLAN
,I0ETI28136-1,SALDO POR CERRAR,OE00048295,M0119179-200,5.821,18.86004,0.2,3.772008,N11667P,LUIS FERNANDO MONTELONGO RIVERA,11667B0001A,ETIQ. PARA CABLE S/IMP R-3000,C, 21/12/23, 22/12/23, 11/01/24, 11/01/24, 13/01/24,,,54,34,"1,380.00","1,377.00",3.00,0.00,MI,66.55,39,Alejandro de Mata,SERVICIO OCURRE - Tres Guerras en Gómez Palacio
,I0ETI28589-1,PLANEACION,,M0151306-125,53.98,69.95808,0.125,8.74476,NE6281P,PCM Prueba Industrial,P4349A,"ETIQUETA RFID 4X2"" INLAY MINIWEB",C, 08/01/24, 08/01/24, 26/01/24, 11/01/24, 13/01/24,,,37,18,1.20,0.00,1.20,0.00,MI,1.20,185,#N/A,EMBARCAR A CARLOS OLALDE  A CEDIS MEXICO
,I0ETI28202-2,PLANEACION,,M0549247-118,355.8,384.264,0.118,45.343152,NT8548P,CADENA COMERCIAL OXXO,08809B0001A,KIT ETIQ BOPP 3/4 x 3/4 C/3 R/5000,C, 23/12/23, 23/12/23, 28/12/23, 11/01/24, 13/01/24,,,53,48,1.00,0.00,1.00,0.00,CJ,"1,656.10",8,Ilse de la Fuente,
,I0ETI28607-1,PLANEACION,OE00048454,M0151319-220,26.5,8586,0.22,1888.92,NE9999P,PCM  (REPROGRAMACIONES),00742I0273A,ETIQ. TD BLANCA 2 3/4 X 3 1/8 R2000,C, 08/01/24, 08/01/24, 26/01/24, 15/01/24, 17/01/24,,,37,18,300.00,0.00,300.00,364.00,MI,0.00,182,Clelia Sanchez,Coordinar entrega con JAIME BLAZQUEZ
,I0ETI28369-1,SALDO POR CERRAR,,M0151319-325,18,29.16,0.325,9.477,N11200P,TIENDAS SORIANA,00742B0013A,MTTO. EQUIPO ETIQ. 4 X 2 TD,C, 28/12/23, 28/12/23, 16/01/24, 16/01/24, 18/01/24,,,48,29,984.00,982.50,1.50,120.00,MI,120.00,79,Jaime Blasques,SALINAS
,I0ETI28175-2,SALDO POR CERRAR,,M0549163-325,18.4,29.808,0.325,9.6876,N11200P,TIENDAS SORIANA,00742I0564A,ETIQ TD 4X2 ENE-JUL MORADA CEDIS TIJUANA,C, 22/12/23, 28/12/23, 27/12/23, 16/01/24, 18/01/24,,,48,49,834.00,832.50,1.50,0.00,MI,120.00,79,Jaime Blasques,SALINAS
,I0ETI28383-1,PLANEACION,OE00047943,M0549196-225,26.99,1748.952,0.225,393.5142,NE9999P,PCM  (REPROGRAMACIONES),50000I0057A,ETIQ. TT 4 X 2 VERDE R/3000 C/P C-3,B, 28/12/23, 29/12/23, 16/01/24, 16/01/24, 18/01/24,,,47,28,60.00,0.00,60.00,12.00,MI,0.00,182,Clelia Sanchez,Coordinar entrega con Clelia sanchez
,I0ETI28383-2,PLANEACION,OE00047944,M0549196-225,26.99,1748.952,0.225,393.5142,NE9999P,PCM  (REPROGRAMACIONES),50000I0058A,ETIQ. TT 4 X 2 AMARILLA R/3000 C/P C-3,B, 28/12/23, 29/12/23, 16/01/24, 16/01/24, 18/01/24,,,47,28,60.00,0.00,60.00,0.00,MI,0.00,182,Clelia Sanchez,Coordinar entrega con Clelia sanchez
,I0ETI28765-1,PLANEACION,,M4800001-305,157.2,5376.24,0.305,1639.7532,NE2563P,VELADORAS MISTICAS,02563I0053A,MANGA M0178 CAD SAGRADO CORAZON,E, 10/01/24, 10/01/24, 09/02/24, 17/01/24, 19/01/24,,,35,4,30.00,0.00,30.00,0.00,MI,"29,136.00",79,Jaime Blasques,PEDIDO LIGADO AL WETI017717 Y WETI017862
,cs00005011-11,PTE SUAJE LIB FLXR,OE00048467,M0549204-245,137.58,8915.184,0.245,2184.22008,TTIJ,ALMACEN ETIQUETAS MONTERREY-MP,11819B0002A,TIQ TT 3X8 R/2000 C/3 C/P,C, 05/01/24, 05/01/24, 20/01/24, 20/01/24, 22/01/24,,,40,25,60.00,0.00,60.00,0.00,RL,"17,640.00",,#N/A,
,I0ETI28423-1,SALDO POR CERRAR,OE00047991,M0549163-325,18.4,19.872,0.325,6.4584,N11200P,TIENDAS SORIANA,00742I0564A,ETIQ TD 4X2 ENE-JUL MORADA CEDIS TIJUANA,C, 02/01/24, 02/01/24, 20/01/24, 20/01/24, 22/01/24,,,43,25,101.00,100.00,1.00,0.00,MI,80.00,79,Jaime Blasques,TIJUANA
,I0ETI28422-1,SALDO POR CERRAR,OE00047984,M0549163-325,18.4,19.872,0.325,6.4584,N11200P,TIENDAS SORIANA,00742I0564A,ETIQ TD 4X2 ENE-JUL MORADA CEDIS TIJUANA,C, 02/01/24, 02/01/24, 20/01/24, 20/01/24, 22/01/24,,,43,25,"1,086.00","1,085.00",1.00,0.00,MI,80.00,79,Jaime Blasques,SALINAS
,I0ETI28166-1,LIB NP5,OE00048974,M4800002-216,127,1447.8,0.216,312.7248,N12279P,MUNDO SALSA,12279I0001A,MANGA GOLOS BOKADOS 300 G.,E, 22/12/23, 22/12/23, 22/01/24, 21/01/24, 23/01/24,16/2/2024,,54,23,50.00,40.00,10.00,0.00,MI,"4,985.36",79,Jaime Blasques,
,I0ETI28177-2,PLANEACION,,M0549163-286,26.2,565.92,0.286,161.85312,N11200P,TIENDAS SORIANA,00742B0037C,ETIQ. TD 2 3/4 X 4 1/8 R-1500,C, 22/12/23, 05/01/24, 28/12/23, 23/01/24, 25/01/24,,,40,48,20.00,0.00,20.00,0.00,MI,"1,600.00",79,Jaime Blasques,GUADALAJARA
,I0ETI28388-1,MP ETI1001455 8 FEB,OE00047867,M0549246-245,1.42875,1851.66,0.245,453.6567,NE9849P,GRUPO COMERCIAL DSW,09849B0002A,ETIQ TD  3” x 1” C.S.12mm C/150pzas P/An,E, 28/12/23, 04/01/24, 16/01/24, 23/01/24, 25/01/24,,,41,22,"1,200.00",0.00,"1,200.00",0.00,RL,"17,100.00",8,Ilse de la Fuente,SUSTITUYE PEDIDO WETI018048 CON 36 DIAS EN BACK ORDER. FACTURAR ENERO 2024
,I0ETI28039-1,PLANEACION,OE00047896,M0549248-160,92.075,5469.255,0.16,875.0808,N12272P,APRICC COMERCIALIZADORA INMOBILIARIA,12272I0001A,ETIQ TUAWA 600ML,C, 13/12/23, 05/01/24, 02/01/24, 23/01/24, 25/01/24,,,40,26,55.00,0.00,55.00,0.00,MI,"28,336.55",205,Gabriela Chapa,
,I0ETI28039-2,PLANEACION,OE00047897,M0549248-330,52.38,2941.6608,0.33,970.748064,N12272P,APRICC COMERCIALIZADORA INMOBILIARIA,12272I0002A,ETIQ TUAWA 1LT,C, 13/12/23, 05/01/24, 02/01/24, 23/01/24, 25/01/24,,,40,22,52.00,0.00,52.00,0.00,MI,"35,536.75",205,Gabriela Chapa,
,I0ETI28486-1,SALDO POR CERRAR,OE00047875,M0034354-270/M16361015-225,59.9,287.52,0.27,77.6304,NE5388D,ID GLOBAL SOLUTIONS,05388B0007B,ETIQUETA CARTULINA 4X12 R-400 C-3,C, 04/01/24, 04/01/24, 23/01/24, 23/01/24, 25/01/24,,,41,22,24.00,20.00,4.00,0.00,RL,"1,479.54",39,Alejandro de Mata,
,I0ETI28491-1,MP RICOH,OE00047880,M0039242-330,37.04,20001.6,0.33,6600.528,BA9014P,BACHOCO COMERCIAL,09014I0002A,ET TERMICA 4X4” S/SEG BLANCA C/TIF AH,C, 04/01/24, 04/01/24, 23/01/24, 23/01/24, 25/01/24,,,41,21,500.00,0.00,500.00,0.00,MI,"239,755.00",59,Cynthia Garay,WETI017228 ESTE PEDIDO LO SUSTITUYE
,I0ETI28547-4,SALDO POR CERRAR,OE00047931,M0549247-225,9.922,107.1576,0.225,24.11046,NE4003P,BACHOCO (MTY),03362I0332B,ETIQ. F&E PIERNAS DE POLLO,C, 05/01/24, 05/01/24, 23/01/24, 23/01/24, 25/01/24,,,40,21,120.00,110.00,10.00,0.00,MI,544.00,59,Cynthia Garay,WETI018300 ESTE PEDIDO LO SUSTITUYE
,I0ETI29065-1,SOLO FACT,,M0549153-215,29,313.2,0.215,67.338,NE9798D,UNICAR PLASTICS,PL5267100,,A, 17/01/24, 17/01/24, 24/01/24, 29/02/24,N/A,,,28,21,10.00,0.00,10.00,130.00,PQ,"1,473.53",182,Clelia Sanchez,solo facturar sustituye a la fac WEF0018908
,I0ETI28431-1,MP ETI1001450-1 23 FEB,,M0151246-180,0.0069,6259.68,0.18,1126.7424,D11204D,UNIVERSAL ELECTRONICS INC.,11204I0023A,47006-0037950-M PULL TAB GUIDE FILM,C, 02/01/24, 02/01/24, 25/01/24, 25/01/24, 27/01/24,,,43,20,"840,000.00",0.00,"840,000.00",0.00,PZ,"58,553.28",59,Cynthia Garay,
,I0ETI28658-1,SALDO POR CERRAR,OE00047993,M1830251-180,206.5,446.04,0.18,80.2872,NE2196P,MARIA MARGARITA TREVIÑO FUENTES,02196I0002,ETIQ. 6.5 X 8 IMPRESA A UNA TINTA,B, 08/01/24, 08/01/24, 25/01/24, 25/01/24, 27/01/24,,,37,20,102.00,100.00,2.00,0.00,MI,"1,051.04",39,Alejandro de Mata,
,I0ETI28559-1,PLANEACION,,M1001904-340,13.229,685.79136,0.34,233.1690624,NE9999P,PCM  (REPROGRAMACIONES),08125I0008A,ETIQ. SEGURIDAD APEAM,C, 06/01/24, 06/01/24, 25/01/24, 25/01/24, 27/01/24,,,39,20,48.00,0.00,48.00,0.00,MI,0.00,182,Clelia Sanchez,Coordinar entrega con Alejandra bañuelos
,I0ETI28592-1,PLANEACION,,M0151306-125,53.98,69.95808,0.125,8.74476,NE6281P,PCM Prueba Industrial,P4349A,"ETIQUETA RFID 4X2"" INLAY MINIWEB",C, 08/01/24, 08/01/24, 26/01/24, 26/01/24, 28/01/24,,,37,18,1.20,0.00,1.20,0.00,MI,1.20,185,#N/A,embarcar a carlos olalde a cedis mexico
,I0ETI28592-2,PLANEACION,,M0151306-125,53.98,116.5968,0.125,14.5746,NE6281P,PCM Prueba Industrial,P4350A,"ETIQUETA RFID 4X2"" INLAY BELT",C, 08/01/24, 08/01/24, 26/01/24, 26/01/24, 28/01/24,,,37,18,2.00,0.00,2.00,0.00,MI,2.00,185,#N/A,embarcar a carlos olalde a cedis mexico
,I0ETI28600-2,PLANEACION,,M0549163-286,26.2,282.96,0.286,80.92656,N11200P,TIENDAS SORIANA,00742B0037C,ETIQ. TD 2 3/4 X 4 1/8 R-1500,C, 08/01/24, 08/01/24, 26/01/24, 26/01/24, 28/01/24,,,37,18,10.00,0.00,10.00,0.00,MI,800.00,79,Jaime Blasques,"HERMOSILLO, SE FACTURO COMPLETO, SOLO SE SURTE LA ETIQUETA 00742B0037C ,  SE SUSTITUYE EL PEDIDO I0ETI28600  FACTURA EFV127175"
,I0ETI28601-1,PLANEACION,OE00048091,M0549163-225,26.91,167837.67,0.225,37763.47575,NE9999P,PCM  (REPROGRAMACIONES),00742I0553A,ETIQ. TD 4X2 CEDIS FEB-AGO GRIS,C, 08/01/24, 08/01/24, 26/01/24, 26/01/24, 28/01/24,,,37,18,"5,775.00",0.00,"5,775.00",0.00,MI,0.00,182,Clelia Sanchez,Coordinar entrega con JAIME BLAZQUEZ
,I0ETI28602-1,PLANEACION,OE00048619,M0549163-225,26.91,167837.67,0.225,37763.47575,NE9999P,PCM  (REPROGRAMACIONES),00742I0553A,ETIQ. TD 4X2 CEDIS FEB-AGO GRIS,C, 08/01/24, 08/01/24, 26/01/24, 26/01/24, 28/01/24,,,37,18,"5,775.00",0.00,"5,775.00",0.00,MI,0.00,182,Clelia Sanchez,Coordinar entrega con JAIME BLAZQUEZ
,I0ETI28606-1,PLANEACION,,M0151308-325,18,5443.2,0.325,1769.04,NE9999P,PCM  (REPROGRAMACIONES),00742B0057A,ETIQ. TD 4 X 2 BLANCA CEDIS FRESCOS,C, 08/01/24, 08/01/24, 26/01/24, 26/01/24, 28/01/24,,,37,18,280.00,0.00,280.00,215.00,MI,0.00,182,Clelia Sanchez,Coordinar entrega con JAIME BLAZQUEZ
,I0ETI28608-1,PLANEACION,,M0151319-220,26.5,8586,0.22,1888.92,NE9999P,PCM  (REPROGRAMACIONES),00742I0273A,ETIQ. TD BLANCA 2 3/4 X 3 1/8 R2000,C, 08/01/24, 08/01/24, 26/01/24, 26/01/24, 28/01/24,,,37,18,300.00,0.00,300.00,364.00,MI,0.00,182,Clelia Sanchez,Coordinar entrega con JAIME BLAZQUEZ
,I0ETI28970-2,LIB NP5,OE00048487,M0549247-300,82.55,2407.158,0.3,722.1474,NE5335P,PLASTICOS INDUSTRIALES DE MONTERREY,00969I0023E,ETIQ. DEL VALLE FRUT BIDON 5 LT.,B, 15/01/24, 15/01/24, 27/01/24, 27/01/24, 29/01/24,13/2/2024,,30,18,150.00,123.00,27.00,0.00,MI,"26,460.00",79,Jaime Blasques,"PEDIDO PARA PRODUCCIÓN, NO FACTURAR HASTA REVISAR CON MARY ALVARADO DE CREDITO Y COBRANZA"
,I0ETI28786-1,MP,OE00048201,M0039242-330,37.04,16801.344,0.33,5544.44352,BA9014P,BACHOCO COMERCIAL,09014I0002A,ET TERMICA 4X4” S/SEG BLANCA C/TIF AH,C, 10/01/24, 10/01/24, 28/01/24, 27/01/24, 29/01/24,,,35,16,420.00,0.00,420.00,0.00,MI,"201,394.20",59,Cynthia Garay,
,I0ETI28726-1,CANCELACION SIST,OE00048120,M0151306-325,17.99,38858.4,0.325,12628.98,C10596P,COMERCIALIZADORA ELORO,10596B0003B,ETIQ. 60010850 TT 102 X 51 MM BCA,C, 09/01/24, 09/01/24, 27/01/24, 27/01/24,N/A,,,36,17,"2,000.00",0.00,"2,000.00",0.00,MI,"176,000.00",79,Jaime Blasques,
,I0ETI28863-1,PT,,M0151319-325,210.2,9080.64,0.325,2951.208,D12196D,FXI INC,50000B0004A,ETIQ. TD 4X6 R-1000 C/P C-3,A, 11/01/24, 11/01/24, 30/01/24, 30/01/24, 01/02/24,,,34,15,40.00,0.00,40.00,29.00,CJ,"35,224.18",182,Clelia Sanchez,WETI017938-5
,I0ETI28804-1,PLANEACION,OE00048239,M0151306-220,52.3,16945.2,0.22,3727.944,NT7189P,HIPOLITO NEVAREZ RODRIGUEZ,07189B0008A,ETIQ. TT 4X4 C-P R-1500 C-3,C, 11/01/24, 11/01/24, 30/01/24, 30/01/24, 01/02/24,,,34,15,300.00,0.00,300.00,0.00,MI,"42,624.64",179,Guadalupe Gomar,
,I0ETI29335-2,SALDO POR CERRAR,,M0549153-215,29,156.6,0.215,33.669,BA1744P,EFREN ROQUE FRANCO,PL5164100,ETQ. LASER 4 X 3 1/3 C/100,A, 23/01/24, 23/01/24, 30/01/24, 30/01/24, 01/02/24,,,22,14,25.00,20.00,5.00,110.00,PQ,"1,113.61",205,Gabriela Chapa,
,cs00005063-1,PT,OE00048885,M0549163-310,6.0452,7834.5792,0.31,2428.719552,TTIJ,ALMACEN ETIQUETAS MONTERREY-MP,00606I0001A,ETIQ. CAS LP 1000 57X40 R/700 C-38,C, 18/01/24, 18/01/24, 01/02/24, 01/02/24, 03/02/24,17/2/2024,14/2/2024,27,13,"1,200.00",0.00,"1,200.00",0.00,RL,"21,600.00",,#N/A,
,cs00005071-5,LIB FLXR,OE00048888,M0549247-118,355.8,3842.64,0.118,453.43152,TTIJ,ALMACEN ETIQUETAS MONTERREY-MP,08809B0001A,KIT ETIQ BOPP 3/4 x 3/4 C/3 R/5000,C, 19/01/24, 19/01/24, 02/02/24, 02/02/24, 06/02/24,12/2/2024,,26,12,10.00,0.00,10.00,0.00,CJ,0.00,,#N/A,
,I0ETI28999-1,LIB NP4,OE00048550,M0549196-325,54.77,9227.6496,0.325,2998.98612,N11730D,USEM DE MEXICO,11730I0001A,"ETIQ TT 6 X 8.5"" R-500 C-3""",C, 16/01/24, 16/01/24, 03/02/24, 03/02/24, 06/02/24,17/2/2024,,29,11,156.00,0.00,156.00,0.00,RL,"42,656.13",205,Gabriela Chapa,
,I0ETI28484-1,LIB NP5,OE00049396,M0085255-150,0.01249,539.568,0.15,80.9352,D11204D,UNIVERSAL ELECTRONICS INC.,11204I0022A,47006-0055860-M LABEL PROD ID PRUEBA IND,E, 04/01/24, 04/01/24, 23/01/24, 03/02/24, 06/02/24,14/2/2024,,41,1,"40,000.00",0.00,"40,000.00",0.00,PZ,"17,452.04",59,Cynthia Garay,
,I0ETI29062-1,PT,OE00048586,M0151318-290,146.05,7886.7,0.29,2287.143,NE8835P,DIKEN DE MEXICO,08835I0047D,MPQ-D482-2  ETIQ.  ADHESIVA DIKEN GRANDE,C, 17/01/24, 17/01/24, 04/02/24, 03/02/24, 06/02/24,14/2/2024,14/2/2024,28,10,50.00,0.00,50.00,0.00,MI,"69,849.00",39,Alejandro de Mata,
,I0ETI29062-2,LIB NP5,OE00048587,M0549247-245,103.19,3343.356,0.245,819.12222,NE8835P,DIKEN DE MEXICO,08835I0048D,MPQ-D902-5 ETIQ. ADHESIVA DIKEN CH S/R,C, 17/01/24, 17/01/24, 04/02/24, 03/02/24, 06/02/24,14/2/2024,,28,10,30.00,0.00,30.00,0.00,MI,"25,496.10",39,Alejandro de Mata,
,I0ETI29062-3,LIB NP5,OE00048588,M0549247-290,146.05,3154.68,0.29,914.8572,NE8835P,DIKEN DE MEXICO,08835I0049C,MPQ-D909-6 ETIQ. ADHESIVA DIKEN GDE S/R,C, 17/01/24, 17/01/24, 04/02/24, 03/02/24, 06/02/24,14/2/2024,,28,10,20.00,0.00,20.00,0.00,MI,"29,476.60",39,Alejandro de Mata,
,I0ETI29063-2,SALDO POR CERRAR,OE00048590,M0151308-325,18,38.88,0.325,12.636,N11200P,TIENDAS SORIANA,00742B0057A,ETIQ. TD 4 X 2 BLANCA CEDIS FRESCOS,C, 17/01/24, 17/01/24, 04/02/24, 03/02/24, 06/02/24,,,28,10,12.00,10.00,2.00,215.00,MI,160.00,79,Jaime Blasques,HERMOSILLO
,I0ETI29337-1,PT,OE00048950,M0151307-235,77.79,84.0132,0.235,19.743102,NE6281P,PCM Prueba Industrial,07935D0166A,3 1/8” x 230’ –30 roll case full footage,D, 23/01/24, 23/01/24, 04/02/24, 03/02/24, 06/02/24,,,22,9,1.00,0.00,1.00,0.00,MI,0.00,185,#N/A,Entregar en Ventas Consumibles a Perla Escalante de manera urgente.
,I0ETI29337-2,PT,OE00048951,M0151307-235,,0,0.235,0,NE6281P,PCM Prueba Industrial,07935D0167A,"2 1/4"" x 165’ –30 roll case full footage",D, 23/01/24, 23/01/24, 04/02/24, 03/02/24, 06/02/24,,,22,9,1.00,0.00,1.00,0.00,MI,0.00,185,#N/A,Entregar en Ventas Consumibles a Perla Escalante de manera urgente.
,I0ETI29017-1,SALDO POR CERRAR,OE00048570,M0549163-225,26.91,58.1256,0.225,13.07826,N11200P,TIENDAS SORIANA,00742I0553A,ETIQ. TD 4X2 CEDIS FEB-AGO GRIS,C, 16/01/24, 16/01/24, 03/02/24, 03/02/24, 06/02/24,,,29,10,652.00,650.00,2.00,0.00,MI,160.00,79,Jaime Blasques,VILLAHERMOSA
,I0ETI28508-1,LIB NP5,OE00047895,M4800001-284,25.003,14251.71,0.284,4047.48564,C11406P,JUAN PABLO LUCIO AGUIÑAGA,11406I0002A,MANGA CABLES TINTA ROJA,E, 04/01/24, 05/01/24, 03/02/24, 03/02/24, 06/02/24,15/2/2024,,40,10,500.00,0.00,500.00,0.00,MI,"60,710.88",9775,Magdalena Martínez,
,CS00005100-1,PLANEACION,,M0151233-225,77.79,420.066,0.225,94.51485,MTYM,ALMACEN ETIQUETAS MONTERREY-MP,07935I0133A,ETIQ. CT31822132G THERMAL ROLL 3 1/8” X,C, 29/01/24, 29/01/24, 05/02/24, 05/02/24, 07/02/24,,,16,9,5.00,0.00,5.00,0.00,MI,0.00,,#N/A,
,I0ETI28747-3,LIB NP5,OE00048298,M0549142-220/M1830157-220,87.32,943.056,0.22,207.47232,NE3330P,QUALTIA ALIMENTOS OPERACIONES,03330I0030D,ETIQ. B6672 PECHUGA PAVO ZWAN BIO,B, 10/01/24, 11/01/24, 06/02/24, 06/02/24, 08/02/24,15/2/2024,,34,8,10.00,0.00,10.00,8.00,MI,"14,646.00",79,Jaime Blasques,
,I0ETI28817-1,LIB NP5,OE00048292,M0549142-190,219.07,2365.956,0.19,449.53164,NE3330P,QUALTIA ALIMENTOS OPERACIONES,03330I0029E,ETIQ. B6634 JAMON DE PIERNA ZWAN,B, 11/01/24, 11/01/24, 06/02/24, 06/02/24, 08/02/24,15/2/2024,,34,8,10.00,0.00,10.00,0.00,MI,"31,381.00",79,Jaime Blasques,
,I0ETI28911-1,PT LOGISTICA,,M0151319-325,210.2,9080.64,0.325,2951.208,D12196D,FXI INC,50000B0004A,ETIQ. TD 4X6 R-1000 C/P C-3,A, 12/01/24, 12/01/24, 06/02/24, 06/02/24, 08/02/24,,,33,8,40.00,0.00,40.00,29.00,CJ,"35,341.70",182,Clelia Sanchez,WETI017938-6
,I0ETI29113-1,PT,,M1001950-230,17.86,96.444,0.23,22.18212,NE6281P,PCM Prueba Industrial,P3541C,ETIQUETA NARANJA 51 x 25mm C/2500,C, 18/01/24, 18/01/24, 06/02/24, 06/02/24, 08/02/24,,,27,8,5.00,0.00,5.00,0.00,RL,5.00,185,#N/A,"AV DE LAS AMÉRICAS 1254 COL. COUNTRY CLUB  44610 GUADALAJARA JALISCO 
TORRE PODIUM SEGUNDO PISO - OFICINAS FARMACIAS GUADALAJARA 
ATENCION  ELENA DE LA CRUZ"
,I0ETI29113-2,PT,,M1001950-230,17.86,96.444,0.23,22.18212,NE6281P,PCM Prueba Industrial,P3542C,ETIQUETA AMARILLA 51 x 25mm C/2500,C, 18/01/24, 18/01/24, 06/02/24, 06/02/24, 08/02/24,,,27,8,5.00,0.00,5.00,0.00,RL,5.00,185,#N/A,"AV DE LAS AMÉRICAS 1254 COL. COUNTRY CLUB  44610 GUADALAJARA JALISCO 
TORRE PODIUM SEGUNDO PISO - OFICINAS FARMACIAS GUADALAJARA 
ATENCION  ELENA DE LA CRUZ"
,I0ETI29123-1,PLANEACION,OE00049448,M0151319-305,285,4617,0.305,1408.185,N10698P,M.A.S. REFRIGERACION Y EQUIPOS PARA SUPERMERCADOS,01325B0003A,ETIQ. TD TORREY 57 X 40 R-1000 C-40 B/33,C, 18/01/24, 12/02/24, 06/02/24, 06/02/24, 08/02/24,,,2,8,15.00,0.00,15.00,0.00,CJ,"23,304.72",182,Clelia Sanchez,
,I0ETI29176-2,SALDO POR CERRAR,OE00048725,M0151319-220,26.5,28.62,0.22,6.2964,N11200P,TIENDAS SORIANA,00742I0273A,ETIQ. TD BLANCA 2 3/4 X 3 1/8 R2000,C, 19/01/24, 19/01/24, 06/02/24, 06/02/24, 08/02/24,,,26,7,43.00,42.00,1.00,364.00,MI,80.00,79,Jaime Blasques,CUAUTITLAN
*,I0CON60869-1,RETENIDO,,,,,,,NE5189D,ETIFILMS,50000B0013A,ETIQ. TT 4X2 R-3000 C/P C-3,A, 26/12/23, 26/12/23, 02/01/24, 02/01/24,02/01/2024,,,50,43,34.00,0.00,34.00,36.00,CJ,"31,816.03",182,Clelia Sanchez,
*,I0CON61007-1,RETENIDO,,,,,,,N12287D,OPP FILM MEXICO,50000B0015A,ETIQ. TT 4 X 6 C/P R/1000 C-3,A, 05/01/24, 05/01/24, 12/01/24, 12/01/24,12/01/2024,,,40,32,30.00,0.00,30.00,-13.00,CJ,"25,737.47",182,Clelia Sanchez,WETI018333
*,I0CON61846-1,RETENIDO,,,,,,,NE0742P,TIENDAS SORIANA,00742I0528A,KIT R 12UP RIEL PRECIO NORMAL SUPER,C, 17/01/24, 17/01/24, 16/02/24, 19/01/24,16/02/2024,,,28,-3,7.00,0.00,7.00,2.00,CJ,"3,899.70",79,Jaime Blasques,"GUADALAJARA, NO SURTIR SOLO FACTURAR SUSTITUYE FACTURA EFV126998"
*,I0CON61846-2,RETENIDO,,,,,,,NE0742P,TIENDAS SORIANA,00742I0537A,KIT 24UP ADHESIVA PRECIO LINEA HIPER-S,C, 17/01/24, 17/01/24, 16/02/24, 19/01/24,16/02/2024,,,28,-3,62.00,0.00,62.00,-148.00,CJ,"87,008.94",79,Jaime Blasques,"GUADALAJARA, NO SURTIR SOLO FACTURAR SUSTITUYE FACTURA EFV126998"
*,I0CON61846-3,RETENIDO,,,,,,,NE0742P,TIENDAS SORIANA,00742I0538A,KIT R 12UP RIEL REMATES UNICOS,C, 17/01/24, 17/01/24, 16/02/24, 19/01/24,16/02/2024,,,28,-3,1.00,0.00,1.00,54.00,CJ,557.10,79,Jaime Blasques,"GUADALAJARA, NO SURTIR SOLO FACTURAR SUSTITUYE FACTURA EFV126998"
*,I0CON61846-4,RETENIDO,,,,,,,NE0742P,TIENDAS SORIANA,00742I0535A,PLANTILLA 1UP REBAJAS FIN DE TEMPORADA,C, 17/01/24, 17/01/24, 16/02/24, 19/01/24,16/02/2024,,,28,-3,1.00,0.00,1.00,2.00,CJ,246.88,79,Jaime Blasques,"GUADALAJARA, NO SURTIR SOLO FACTURAR SUSTITUYE FACTURA EFV126998"
,I0ETI29177-1,SALDO POR CERRAR,OE00048726,M0151308-325,18,9.72,0.325,3.159,N11200P,TIENDAS SORIANA,00742B0057A,ETIQ. TD 4 X 2 BLANCA CEDIS FRESCOS,C, 19/01/24, 19/01/24, 06/02/24, 06/02/24, 08/02/24,,,26,7,38.00,37.50,0.50,215.00,MI,40.00,79,Jaime Blasques,TIJUANA
,CS00005077-6,LIB XL,OE00049070,M0151306-220,78.3,845.64,0.22,186.0408,MTYM,ALMACEN ETIQUETAS MONTERREY-MP,PCMI0065A,ETIQ. TT 4 X 6 C/P P021 R/1000 C3,C, 24/01/24, 24/01/24, 07/02/24, 07/02/24, 09/02/24,12/2/2024,,21,7,10.00,0.00,10.00,0.00,MI,"1,624.70",,#N/A,
,CS00005077-8,LIB FLEXOR,OE00049077,M0549196-205,40.481,874.3896,0.205,179.249868,MTYM,ALMACEN ETIQUETAS MONTERREY-MP,PCMB0008A,"ETIQ. BLANCA TT 1.812""X 6.25"" 1 AL PASO",C, 24/01/24, 24/01/24, 07/02/24, 07/02/24, 09/02/24,13/2/2024,,21,7,20.00,0.00,20.00,20.00,MI,0.00,,#N/A,
*,I0ETI27990-1,RETENIDO,,,,,,,ct6010p,ESTAFETA MEXICANA,06010I0006G,ETIQ. ESTAFETA TD 99X149 GUÍA 007 AD HOT,C, 11/12/23, 11/12/23, 30/12/23, 30/12/23,30/12/2023,,,65,46,"1,125.00",0.00,"1,125.00",0.00,MI,"306,900.00",79,Jaime Blasques,"ESTE PEDIDO SUSTITUYE AL WETI018115-1 DE CONVERTIDORAS PCM, PASAR A PT EL 30 DIC Y FACTURAR 2 DE ENERO YA QUE TENEMOS QUE CUMPLIR CON FECHA 4 DE ENERO EN ALMACEN DE CTE"
,I0ETI28733-6,LIB NP5,OE00048101,M0549142-245/M0151226-250,114.3,1851.66,0.245,453.6567,NE3330P,QUALTIA ALIMENTOS OPERACIONES,03330I0027D,ETIQ. B6846 JAMON VIRGINIA ZWAN BIO,B, 09/01/24, 09/01/24, 07/02/24, 07/02/24, 09/02/24,15/2/2024,,36,7,15.00,0.00,15.00,1.00,MI,"30,247.50",79,Jaime Blasques,"PEDIDO LIGADO AL WETI018119, PARTIDAS QUE SE TIENEN QUE RESPETAR FECHAS DE ENTREGA YA QUE ES DE UN PEDIDO PROGRAMADO DE CONVERTIDORAS PCM"
,I0ETI29095-1,PDT REV VENTAS,OE00048646,M0549163-225,77.8,100828.8,0.225,22686.48,N11133P,OPERADORA DE SERVICIOS PAQUETEXPRESS,05184I0001G,ETIQ. TD 4 X 6 PAQUETEXPRESS R/1000 C-3,C, 17/01/24, 17/01/24, 08/02/24, 08/02/24, 10/02/24,,,28,6,"1,200.00",0.00,"1,200.00",0.00,MI,"309,441.69",182,Clelia Sanchez,Facturar y entregar 15 febrero
,I0ETI29095-2,PDT REV VENTAS,OE00048647,M0549163-225,77.72,101984.184,0.225,22946.4414,N11133P,OPERADORA DE SERVICIOS PAQUETEXPRESS,05184I0002G,ETIQ. TD 4 X 6 PAQUETEXPRESS R/300 C-1,C, 17/01/24, 17/01/24, 08/02/24, 08/02/24, 10/02/24,,,28,6,"1,215.00",0.00,"1,215.00",0.00,MI,"313,309.71",182,Clelia Sanchez,Facturar y entregar 15 febrero
,CS00005130-1,PLANEACION,,M0151233-225,77.79,420.066,0.225,94.51485,MTYM,ALMACEN ETIQUETAS MONTERREY-MP,07935I0133A,ETIQ. CT31822132G THERMAL ROLL 3 1/8” X,C, 08/02/24, 08/02/24, 08/02/24, 08/02/24, 10/02/24,,,6,6,5.00,0.00,5.00,0.00,MI,0.00,,#N/A,
*,I0ETI28029-1,RETENIDO,,,,,,,NE9798D,UNICAR PLASTICS,PL5267100,,A, 13/12/23, 13/12/23, 13/12/23, 20/12/23,20/12/2023,,,63,63,10.00,0.00,10.00,130.00,PQ,"1,521.38",182,Clelia Sanchez,PUEBLA
,I0ETI29187-1,LIB NP4,OE00048749,M0549247-225,52.39,4526.496,0.225,1018.4616,PA5204P,BACHOCO ( LAGOS DE MORENO),03362I0407A,ET 102x102mm P-ROJO ENTRADA,C, 20/01/24, 20/01/24, 08/02/24, 08/02/24, 10/02/24,14/2/2024,,25,6,80.00,0.00,80.00,0.00,MI,"35,020.00",59,Cynthia Garay,
,I0ETI29188-1,MP,,M0085244-216,14.8,1918.08,0.216,414.30528,CA6958D,VICTORY PACKAGING LP.,06958B0003C,ETIQUETA 12000412A 4 X 2 1/2 MEDIO CORTE,C, 20/01/24, 20/01/24, 08/02/24, 08/02/24, 10/02/24,,,25,6,120.00,0.00,120.00,0.00,MI,"25,118.15",182,Clelia Sanchez,Sustituye el I0ETI29139
,I0ETI29464-1,LIB NP4,OE00048903,M0549199-295,82.55,8915.4,0.295,2630.043,NE0969P,EMBOTELLADORA GEYSER,00969I0026A,ETIQ. CIEL BIDON 5 LT. SALIDA # 4,B, 26/01/24, 26/01/24, 08/02/24, 08/02/24, 10/02/24,14/2/2024,,19,6,100.00,0.00,100.00,0.00,MI,"96,200.00",79,Jaime Blasques,MATERIAL CON SALIDA DE EMBOBINADO # 4
,I0ETI29189-1,MP,,M0085244-216,2.9,939.6,0.216,202.9536,CA6958D,VICTORY PACKAGING LP.,06958B0002C,ETIQUETA 12008437A 100MM X 25MM MEDIOS C,C, 20/01/24, 20/01/24, 08/02/24, 08/02/24, 10/02/24,,,25,6,300.00,0.00,300.00,0.00,MI,"28,482.38",182,Clelia Sanchez,
,I0ETI29465-1,SALDO POR CERRAR,OE00048902,M0549199-300,82.55,1069.848,0.3,320.9544,NE0969P,EMBOTELLADORA GEYSER,00969I0025C,ETIQ. CIEL BIDON 5 LT.,B, 26/01/24, 26/01/24, 08/02/24, 08/02/24, 10/02/24,,,19,6,100.00,88.00,12.00,0.00,MI,"11,544.00",79,Jaime Blasques,
,I0ETI29468-1,LIB NP5,OE00048899,M0549247-300,82.55,4457.7,0.3,1337.31,NE0969P,EMBOTELLADORA GEYSER,00969I0023E,ETIQ. DEL VALLE FRUT BIDON 5 LT.,B, 26/01/24, 26/01/24, 08/02/24, 08/02/24, 10/02/24,14/2/2024,,19,6,50.00,0.00,50.00,0.00,MI,"49,000.00",79,Jaime Blasques,
,CS00005082-1,PTE SUAJE LIB FLXR,OE00048894,M0151306-220,39.688,8572.608,0.22,1885.97376,PMEX,ALMACEN ETIQUETAS MONTERREY-MP,50000B0098A,ETIQ. TT 4x3 C3 R2000 CP,C, 25/01/24, 25/01/24, 09/02/24, 09/02/24, 12/02/24,13/2/2024,,20,5,200.00,0.00,200.00,0.00,MI,"15,200.00",,#N/A,
*,I0ETI28089-1,RETENIDO,,,,,,,N12381D,DISEÑOS EN CARTON ECOLOGICOS DE GUADALAJARA,12381B0001A,ETIQ.TT 3X3 C-3 R-2000 C/P,C, 19/12/23, 19/12/23, 10/01/24, 10/01/24,10/01/2024,,,57,35,120.00,0.00,120.00,0.00,MI,"11,180.90",39,Alejandro de Mata,
,cs00005105-1,LIB DCR,oe00049031,M0151319-220,103.2,111456,0.22,24520.32,TTIJ,ALMACEN ETIQUETAS MONTERREY-MP,10887B0003A,ETIQ. TD 4X8 R/1000 C/3 C/P,C, 30/01/24, 30/01/24, 09/02/24, 09/02/24, 12/02/24,17/2/2024,,15,5,"1,000.00",0.00,"1,000.00",0.00,RL,"165,713.52",,#N/A,
,cs00005106-1,LIB DCR,oe00049032,M0151319-220,103.2,102539.52,0.22,22558.6944,TTIJ,ALMACEN ETIQUETAS MONTERREY-MP,10887B0003A,ETIQ. TD 4X8 R/1000 C/3 C/P,C, 30/01/24, 30/01/24, 09/02/24, 09/02/24, 12/02/24,17/2/2024,,15,5,920.00,0.00,920.00,0.00,RL,"152,456.44",,#N/A,
,I0ETI29339-2,MP LIB PARCIAL 2200,OE00048926,M0549217-220,81.7,1058.832,0.22,232.94304,NE3611D,CERVECERIA CUAUHTEMOC MOCTEZUMA,03611I0003B,17020168 ETIQUETA REMOVIBLE MANUAL,B, 23/01/24, 23/01/24, 09/02/24, 09/02/24, 12/02/24,12/2/2024,,22,5,50.00,38.00,12.00,0.00,MI,"6,609.72",39,Alejandro de Mata,
,CS00005136-1,PLANEACION,,M0151233-225,77.79,420.066,0.225,94.51485,MTYM,ALMACEN ETIQUETAS MONTERREY-MP,07935I0133A,ETIQ. CT31822132G THERMAL ROLL 3 1/8” X,C, 09/02/24, 09/02/24, 09/02/24, 09/02/24, 12/02/24,,,5,5,5.00,0.00,5.00,0.00,MI,0.00,,#N/A,
,I0ETI29200-1,PT,OE00049321,M0549197-225,26.988,58.29408,0.225,13.116168,NE9999P,PCM  (REPROGRAMACIONES),03362I0551A,ETI09076 ET. SMO 2421 30NERA BLANCO,C, 22/01/24, 22/01/24, 09/02/24, 09/02/24, 12/02/24,12/2/2024,12/2/2024,23,5,2.00,0.00,2.00,0.00,MI,0.00,182,Clelia Sanchez,Entrega con Cynthia Garay o Daniela Rodriguez
,I0ETI29206-1,SALDO POR CERRAR,OE00048962,M1830236-185,82.55,891.54,0.185,164.9349,CT9222P,RECKITT BENCKISER MEXICO,09222I0009C,ETIQ. 50036802 VANISH PINK 925 ML. FTE.,C, 22/01/24, 22/01/24, 09/02/24, 09/02/24, 12/02/24,,,23,5,500.00,490.00,10.00,0.00,MI,"3,741.70",79,Jaime Blasques,
,I0ETI28762-1,LIB NP2,OE00048317,M4800002-360,222.25,9374.505,0.36,3374.8218,NE2563P,VELADORAS MISTICAS,02563I0143A,MANGA VELADORA LISO BLANCO 14 DÍAS,E, 10/01/24, 11/01/24, 09/02/24, 09/02/24, 12/02/24,21/2/2024,,34,5,37.00,0.00,37.00,0.00,MI,"55,059.70",79,Jaime Blasques,PEDIDO LIGADO AL WETI017076 (SALDO POR SURTIR)
,I0ETI28766-3,SALDO POR CERRAR,OE00048310,M4800001-305,157.2,537.624,0.305,163.97532,NE2563P,VELADORAS MISTICAS,02563I0040A,MANGA M0184 CAD VIRGEN GUADALUPE,E, 10/01/24, 11/01/24, 09/02/24, 09/02/24, 12/02/24,,,34,4,80.00,77.00,3.00,0.00,MI,"2,812.50",79,Jaime Blasques,PEDIDO LIGADO AL WETI017717 Y WETI017862
,I0ETI28766-4,SALDO POR CERRAR,OE00048312,M4800001-305,157.2,179.208,0.305,54.65844,NE2563P,VELADORAS MISTICAS,02563I0021B,MANGA M4203 CLASICO SAGRADO,E, 10/01/24, 11/01/24, 09/02/24, 09/02/24, 12/02/24,,,34,4,50.00,49.00,1.00,0.00,MI,952.50,79,Jaime Blasques,PEDIDO LIGADO AL WETI017717 Y WETI017862
,I0ETI28766-5,SALDO POR CERRAR,OE00048314,M4800001-296,157.2,224.01,0.296,66.30696,NE2563P,VELADORAS MISTICAS,02563I0020C,MANGA M4214 CLASICO MUERTE,E, 10/01/24, 11/01/24, 09/02/24, 09/02/24, 12/02/24,,,34,4,50.00,48.75,1.25,0.00,MI,"1,190.63",79,Jaime Blasques,PEDIDO LIGADO AL WETI017717 Y WETI017862
*,I0ETI28196-1,RETENIDO,,,,,,,NE9798D,UNICAR PLASTICS,PL1069100,ETIQ. LASER 4 1/4 X 2 3/4 C100,C, 22/12/23, 22/12/23, 10/01/24, 10/01/24,10/01/2024,,,54,35,180.00,0.00,180.00,0.00,PQ,"26,788.83",182,Clelia Sanchez,
*,I0ETI28198-1,RETENIDO,,,,,,,A10683D,"JL EDITORA, SRL",000018I0002A,MANGA CALAVERITAS PERRO,E, 22/12/23,,, 21/01/24,,,,54,0,10.00,0.00,10.00,0.00,MI,"1,706.73",1,Directo,
,I0ETI28766-6,SALDO POR CERRAR,OE00048316,M4800001-296,157.163,1074.99492,0.296,318.1984963,NE2563P,VELADORAS MISTICAS,02563I0065A,MANGA M4210 MANGA CLASICO SAN MIGUEL ARC,E, 10/01/24, 11/01/24, 09/02/24, 09/02/24, 12/02/24,,,34,4,50.00,44.00,6.00,0.00,MI,"5,715.00",79,Jaime Blasques,PEDIDO LIGADO AL WETI017717 Y WETI017862
*,I0ETI28317-1,RETENIDO,,,,,,,CT9222P,RECKITT BENCKISER MEXICO,09222I0003B,ETIQ. 50037329 PLANCHY TEX 4L FTE,C, 27/12/23, 27/12/23, 28/12/23, 14/01/24,14/01/2024,,,49,48,100.00,0.00,100.00,0.00,MI,"46,851.00",79,Jaime Blasques,
*,I0ETI28317-2,RETENIDO,,,,,,,CT9222P,RECKITT BENCKISER MEXICO,09222I0055A,ETIQ 3152623 LYSOL PODERMARINO 820ML FTE,C, 27/12/23, 27/12/23, 29/01/24, 29/01/24,29/01/2024,,,49,16,60.00,0.00,60.00,0.00,MI,"25,804.20",79,Jaime Blasques,
*,I0ETI28320-1,RETENIDO,OE00048324,,,,,,CT9222P,RECKITT BENCKISER MEXICO,09222I0057A,ETIQ. 3155251 LYSOL CITRICO 1.75 L. FTE,C, 27/12/23, 28/12/23, 12/01/24, 16/01/24,16/01/2024,,,48,29,60.00,56.00,4.00,0.00,MI,"2,020.92",79,Jaime Blasques,
*,I0ETI28334-1,RETENIDO,,,,,,,NE0742P,TIENDAS SORIANA,00742I0248A,PLANTILLA UNIFICADA 30X40 C/40 NJA,C, 27/12/23, 27/12/23, 28/12/23, 14/01/24,14/01/2024,,,49,48,3.00,0.00,3.00,22.00,MI,"3,702.39",79,Jaime Blasques,"SALINAS, EMBARCAR 5 ENERO, CITA 8 DE ENERO"
*,I0ETI28334-10,RETENIDO,,,,,,,NE0742P,TIENDAS SORIANA,00742I0420B,PLANTILLA 1 UP A SOLO CON PUNTOS P-382,C, 27/12/23, 27/12/23, 28/12/23, 14/01/24,14/01/2024,,,49,48,7.00,0.00,7.00,-8.00,CJ,"1,728.16",79,Jaime Blasques,"SALINAS, EMBARCAR 5 ENERO, CITA 8 DE ENERO"
*,I0ETI28334-11,RETENIDO,,,,,,,NE0742P,TIENDAS SORIANA,00742I0406B,PANTILLA DOBLABLE DE PUNTOS 2UP RED 032,C, 27/12/23, 27/12/23, 28/12/23, 14/01/24,14/01/2024,,,49,48,3.00,0.00,3.00,-1.00,CJ,740.64,79,Jaime Blasques,"SALINAS, EMBARCAR 5 ENERO, CITA 8 DE ENERO"
*,I0ETI28334-2,RETENIDO,,,,,,,NE0742P,TIENDAS SORIANA,00742B0042A,PLANTILLA UNIFICADA 30X40 C/40 BCA,C, 27/12/23, 27/12/23, 28/12/23, 14/01/24,14/01/2024,,,49,48,24.00,0.00,24.00,27.00,MI,"29,619.12",79,Jaime Blasques,"SALINAS, EMBARCAR 5 ENERO, CITA 8 DE ENERO"
*,I0ETI28334-3,RETENIDO,,,,,,,NE0742P,TIENDAS SORIANA,00742B0045A,ETIQ. 1115 BLANCA,C, 27/12/23, 27/12/23, 28/12/23, 14/01/24,14/01/2024,,,49,48,4.00,0.00,4.00,65.00,CJ,"1,627.72",79,Jaime Blasques,"SALINAS, EMBARCAR 5 ENERO, CITA 8 DE ENERO"
*,I0ETI28334-4,RETENIDO,,,,,,,NE0742P,TIENDAS SORIANA,00742I0461A,KIT ETIQ. R24UP ANAQUEL ADHESIVA MERCADO,C, 27/12/23, 27/12/23, 28/12/23, 14/01/24,14/01/2024,,,49,48,10.00,0.00,10.00,4.00,CJ,"14,033.70",79,Jaime Blasques,"SALINAS, EMBARCAR 5 ENERO, CITA 8 DE ENERO"
*,I0ETI28334-5,RETENIDO,,,,,,,NE0742P,TIENDAS SORIANA,00742I0444A,KIT ETIQUETA COMPARE MERCADO Y RIBBON,C, 27/12/23, 27/12/23, 28/12/23, 14/01/24,14/01/2024,,,49,48,1.00,0.00,1.00,4.00,CJ,534.55,79,Jaime Blasques,"SALINAS, EMBARCAR 5 ENERO, CITA 8 DE ENERO"
*,I0ETI28334-6,RETENIDO,,,,,,,NE0742P,TIENDAS SORIANA,00742I0462A,KIT ETIQ. R24UP ANAQUEL ADHESIVA EXPRESS,C, 27/12/23, 27/12/23, 28/12/23, 14/01/24,14/01/2024,,,49,48,4.00,0.00,4.00,11.00,CJ,"5,613.48",79,Jaime Blasques,"SALINAS, EMBARCAR 5 ENERO, CITA 8 DE ENERO"
*,I0ETI28334-7,RETENIDO,,,,,,,NE0742P,TIENDAS SORIANA,00742I0509A,PLANTILLA 1UP ULTIMAS OPORTUNIDADES VDE,C, 27/12/23, 27/12/23, 28/12/23, 14/01/24,14/01/2024,,,49,48,4.00,0.00,4.00,4.00,CJ,987.52,79,Jaime Blasques,"SALINAS, EMBARCAR 5 ENERO, CITA 8 DE ENERO"
*,I0ETI28334-8,RETENIDO,,,,,,,NE0742P,TIENDAS SORIANA,00742I0423B,PLANTILLA TE REGALA PUNTOS 1UP RED 032,C, 27/12/23, 27/12/23, 28/12/23, 14/01/24,14/01/2024,,,49,48,4.00,0.00,4.00,2.00,CJ,940.72,79,Jaime Blasques,"SALINAS, EMBARCAR 5 ENERO, CITA 8 DE ENERO"
*,I0ETI28334-9,RETENIDO,,,,,,,NE0742P,TIENDAS SORIANA,00742I0422B,PLANTILLA TE REGALA PUNTOS 1UP PURPLE,C, 27/12/23, 27/12/23, 28/12/23, 14/01/24,14/01/2024,,,49,48,3.00,0.00,3.00,5.00,CJ,705.54,79,Jaime Blasques,"SALINAS, EMBARCAR 5 ENERO, CITA 8 DE ENERO"
*,I0ETI28359-1,RETENIDO,,,,,,,NE0742P,TIENDAS SORIANA,00742I0248A,PLANTILLA UNIFICADA 30X40 C/40 NJA,C, 27/12/23, 27/12/23, 14/01/24, 28/12/23,14/01/2024,,,49,30,3.00,0.00,3.00,22.00,MI,"3,702.39",79,Jaime Blasques,
*,I0ETI28359-10,RETENIDO,,,,,,,NE0742P,TIENDAS SORIANA,00742I0420B,PLANTILLA 1 UP A SOLO CON PUNTOS P-382,C, 27/12/23, 27/12/23, 14/01/24, 28/12/23,14/01/2024,,,49,30,7.00,0.00,7.00,-8.00,CJ,"1,728.16",79,Jaime Blasques,
*,I0ETI28359-11,RETENIDO,,,,,,,NE0742P,TIENDAS SORIANA,00742I0406B,PANTILLA DOBLABLE DE PUNTOS 2UP RED 032,C, 27/12/23, 27/12/23, 14/01/24, 28/12/23,14/01/2024,,,49,30,3.00,0.00,3.00,-1.00,CJ,740.64,79,Jaime Blasques,
*,I0ETI28359-12,RETENIDO,,,,,,,NE0742P,TIENDAS SORIANA,00742I0421B,PLANTILLA 2 UP DOBLABLE A SOLO P-382,C, 27/12/23, 27/12/23, 14/01/24, 28/12/23,14/01/2024,,,49,30,3.00,0.00,3.00,-3.00,CJ,740.64,79,Jaime Blasques,
*,I0ETI28359-13,RETENIDO,,,,,,,NE0742P,TIENDAS SORIANA,00742I0533A,PLANTILLA 1 UP OFERTA HIPER,C, 27/12/23, 27/12/23, 14/01/24, 28/12/23,14/01/2024,,,49,30,221.00,0.00,221.00,-504.00,CJ,"54,560.48",79,Jaime Blasques,
*,I0ETI28359-14,RETENIDO,,,,,,,NE0742P,TIENDAS SORIANA,00742I0527A,KIT R 12UP OFERTA RIEL HIPER,C, 27/12/23, 27/12/23, 14/01/24, 28/12/23,14/01/2024,,,49,30,109.00,0.00,109.00,-322.00,CJ,"60,723.90",79,Jaime Blasques,
*,I0ETI28359-15,RETENIDO,,,,,,,NE0742P,TIENDAS SORIANA,00742I0534A,PLANTILLA 1UP HIPER COMPARA Y AHORRA,C, 27/12/23, 27/12/23, 14/01/24, 28/12/23,14/01/2024,,,49,30,3.00,0.00,3.00,10.00,CJ,740.64,79,Jaime Blasques,
*,I0ETI28359-16,RETENIDO,,,,,,,NE0742P,TIENDAS SORIANA,00742I0524A,KIT R 6UP OFERTA COMPRE HIPER,C, 27/12/23, 27/12/23, 14/01/24, 28/12/23,14/01/2024,,,49,30,1.00,0.00,1.00,5.00,CJ,534.55,79,Jaime Blasques,
*,I0ETI28359-17,RETENIDO,,,,,,,NE0742P,TIENDAS SORIANA,00742I0531A,PLANTILLA 1 UP PRECIO NORMAL HIPER,C, 27/12/23, 27/12/23, 14/01/24, 28/12/23,14/01/2024,,,49,30,100.00,0.00,100.00,-214.00,CJ,"24,688.00",79,Jaime Blasques,
*,I0ETI28359-18,RETENIDO,,,,,,,NE0742P,TIENDAS SORIANA,00742I0529A,KIT R 12UP RIEL PRECIO NORMAL HIPER,C, 27/12/23, 27/12/23, 14/01/24, 28/12/23,14/01/2024,,,49,30,41.00,0.00,41.00,-63.00,CJ,"22,841.10",79,Jaime Blasques,
*,I0ETI28359-19,RETENIDO,,,,,,,NE0742P,TIENDAS SORIANA,00742I0532A,PLANTILLA 1 UP OFERTA SUPER,C, 27/12/23, 27/12/23, 14/01/24, 28/12/23,14/01/2024,,,49,30,12.00,0.00,12.00,6.00,CJ,"2,962.56",79,Jaime Blasques,
*,I0ETI28359-2,RETENIDO,,,,,,,NE0742P,TIENDAS SORIANA,00742B0042A,PLANTILLA UNIFICADA 30X40 C/40 BCA,C, 27/12/23, 27/12/23, 14/01/24, 28/12/23,14/01/2024,,,49,30,24.00,0.00,24.00,27.00,MI,"29,619.12",79,Jaime Blasques,
*,I0ETI28359-20,RETENIDO,,,,,,,NE0742P,TIENDAS SORIANA,00742I0526A,KIT R 12UP OFERTA RIEL SUPER,C, 27/12/23, 27/12/23, 14/01/24, 28/12/23,14/01/2024,,,49,30,10.00,0.00,10.00,83.00,CJ,"5,571.00",79,Jaime Blasques,
*,I0ETI28359-21,RETENIDO,,,,,,,NE0742P,TIENDAS SORIANA,00742I0530A,PLANTILLA 1UP PRECIO NORMAL SUPER,C, 27/12/23, 27/12/23, 14/01/24, 28/12/23,14/01/2024,,,49,30,11.00,0.00,11.00,-35.00,CJ,"2,715.68",79,Jaime Blasques,
*,I0ETI28359-22,RETENIDO,,,,,,,NE0742P,TIENDAS SORIANA,00742I0528A,KIT R 12UP RIEL PRECIO NORMAL SUPER,C, 27/12/23, 27/12/23, 14/01/24, 28/12/23,14/01/2024,,,49,30,6.00,0.00,6.00,2.00,CJ,"3,342.60",79,Jaime Blasques,
*,I0ETI28359-23,RETENIDO,,,,,,,NE0742P,TIENDAS SORIANA,00742I0537A,KIT 24UP ADHESIVA PRECIO LINEA HIPER-S,C, 27/12/23, 27/12/23, 14/01/24, 28/12/23,14/01/2024,,,49,30,73.00,0.00,73.00,-148.00,CJ,"102,446.01",79,Jaime Blasques,
*,I0ETI28359-24,RETENIDO,,,,,,,NE0742P,TIENDAS SORIANA,00742I0539A,PLANTILLA 1UP REMATES UNICOS,C, 27/12/23, 27/12/23, 14/01/24, 28/12/23,14/01/2024,,,49,30,3.00,0.00,3.00,-5.00,CJ,740.64,79,Jaime Blasques,
*,I0ETI28359-25,RETENIDO,,,,,,,NE0742P,TIENDAS SORIANA,00742I0538A,KIT R 12UP RIEL REMATES UNICOS,C, 27/12/23, 27/12/23, 14/01/24, 28/12/23,14/01/2024,,,49,30,4.00,0.00,4.00,54.00,CJ,"2,228.40",79,Jaime Blasques,
*,I0ETI28359-26,RETENIDO,,,,,,,NE0742P,TIENDAS SORIANA,00742I0535A,PLANTILLA 1UP REBAJAS FIN DE TEMPORADA,C, 27/12/23, 27/12/23, 14/01/24, 28/12/23,14/01/2024,,,49,30,1.00,0.00,1.00,2.00,CJ,246.88,79,Jaime Blasques,
*,I0ETI28359-27,RETENIDO,,,,,,,NE0742P,TIENDAS SORIANA,00742I0540A,PLANTILLA 1UP OUTLET,C, 27/12/23, 27/12/23, 14/01/24, 28/12/23,14/01/2024,,,49,30,1.00,0.00,1.00,3.00,CJ,246.88,79,Jaime Blasques,
*,I0ETI28359-28,RETENIDO,,,,,,,NE0742P,TIENDAS SORIANA,00742I0541A,KIT R 12UP RIEL OUTLET,C, 27/12/23, 27/12/23, 14/01/24, 28/12/23,14/01/2024,,,49,30,1.00,0.00,1.00,24.00,CJ,557.10,79,Jaime Blasques,
*,I0ETI28359-29,RETENIDO,,,,,,,NE0742P,TIENDAS SORIANA,00742I0338A,ETIQ. 1115 NARANJA,C, 27/12/23, 27/12/23, 14/01/24, 28/12/23,14/01/2024,,,49,30,11.00,0.00,11.00,10.00,CJ,"5,205.20",79,Jaime Blasques,
*,I0ETI28359-3,RETENIDO,,,,,,,NE0742P,TIENDAS SORIANA,00742B0045A,ETIQ. 1115 BLANCA,C, 27/12/23, 27/12/23, 14/01/24, 28/12/23,14/01/2024,,,49,30,4.00,0.00,4.00,65.00,CJ,"1,627.72",79,Jaime Blasques,
*,I0ETI28359-4,RETENIDO,,,,,,,NE0742P,TIENDAS SORIANA,00742I0461A,KIT ETIQ. R24UP ANAQUEL ADHESIVA MERCADO,C, 27/12/23, 27/12/23, 14/01/24, 28/12/23,14/01/2024,,,49,30,10.00,0.00,10.00,4.00,CJ,"14,033.70",79,Jaime Blasques,
*,I0ETI28359-5,RETENIDO,,,,,,,NE0742P,TIENDAS SORIANA,00742I0444A,KIT ETIQUETA COMPARE MERCADO Y RIBBON,C, 27/12/23, 27/12/23, 14/01/24, 28/12/23,14/01/2024,,,49,30,1.00,0.00,1.00,4.00,CJ,534.55,79,Jaime Blasques,
*,I0ETI28359-6,RETENIDO,,,,,,,NE0742P,TIENDAS SORIANA,00742I0462A,KIT ETIQ. R24UP ANAQUEL ADHESIVA EXPRESS,C, 27/12/23, 27/12/23, 14/01/24, 28/12/23,14/01/2024,,,49,30,4.00,0.00,4.00,11.00,CJ,"5,613.48",79,Jaime Blasques,
*,I0ETI28359-7,RETENIDO,,,,,,,NE0742P,TIENDAS SORIANA,00742I0509A,PLANTILLA 1UP ULTIMAS OPORTUNIDADES VDE,C, 27/12/23, 27/12/23, 14/01/24, 28/12/23,14/01/2024,,,49,30,4.00,0.00,4.00,4.00,CJ,987.52,79,Jaime Blasques,
*,I0ETI28359-8,RETENIDO,,,,,,,NE0742P,TIENDAS SORIANA,00742I0423B,PLANTILLA TE REGALA PUNTOS 1UP RED 032,C, 27/12/23, 27/12/23, 14/01/24, 28/12/23,14/01/2024,,,49,30,4.00,0.00,4.00,2.00,CJ,940.72,79,Jaime Blasques,
*,I0ETI28359-9,RETENIDO,,,,,,,NE0742P,TIENDAS SORIANA,00742I0422B,PLANTILLA TE REGALA PUNTOS 1UP PURPLE,C, 27/12/23, 27/12/23, 14/01/24, 28/12/23,14/01/2024,,,49,30,3.00,0.00,3.00,5.00,CJ,705.54,79,Jaime Blasques,
,I0ETI28772-1,PLANEACION,,M0039145-285,260.604,16887.1392,0.285,4812.834672,C11515D,AEROVIAS DE MEXICO,11515I0004B,BAG TAG AEROVIAS ROLLO,E, 10/01/24, 10/01/24, 28/01/24, 09/02/24, 12/02/24,,,35,16,60.00,0.00,60.00,-26.00,CJ,"145,811.66",94,#N/A,VENTAS LIBERA PEDIDO POR MEDIO DE CITA.
,I0ETI29436-1,PT,OE00049125,M0721370-250,88.9,1728.216,0.25,432.054,NE9999P,PCM  (REPROGRAMACIONES),11248I0017B,ETIQ. QUESO & JALAPEÑO 425GR,C, 25/01/24, 25/01/24, 13/02/24, 10/02/24, 12/02/24,14/2/2024,13/2/2024,20,0,18.00,0.00,18.00,36.00,MI,0.00,182,Clelia Sanchez,Clelia sanchez
,I0ETI29392-1,LIB 2200,OE00049510,M0285229-215,28.1,606.96,0.215,130.4964,NE0458P,CONSUMIBLES AR-CA,PL1150100,ETIQ. LASER 4 1/4,C, 24/01/24, 24/01/24, 11/02/24, 10/02/24, 12/02/24,,,21,2,20.00,0.00,20.00,0.00,PQ,"3,080.00",59,Cynthia Garay,
,I0ETI29309-1,LIB DCR,OE00049127,M0151319-250,10.79,17479.8,0.25,4369.95,NO6304P,GENARO BORQUEZ GASTELUM,06304B0008A,ETIQ. TORREY 57 X 40 MM C-40MM R-1000,C, 23/01/24, 23/01/24, 10/02/24, 10/02/24, 12/02/24,19/2/2024,,22,3,"1,500.00",0.00,"1,500.00",0.00,RL,"48,600.00",72,Arturo Castro,
,I0ETI29331-1,PTE SUAJE LIB FLXR,OE00049135,M0151306-220,39.688,7072.4016,0.22,1555.928352,CT6233P,BARCEL,50000B0098A,ETIQ. TT 4x3 C3 R2000 CP,C, 23/01/24, 23/01/24, 10/02/24, 10/02/24, 12/02/24,13/2/2024,,22,3,165.00,0.00,165.00,0.00,MI,"22,671.00",43,Aldolfo Vargas,
,I0ETI28935-1,PT,OE00048403,M2644004-240,21.63,19726.56,0.24,4734.3744,C12109D,AUTOMATIZACION Y TRAFICO ALTO,12109I0014A,"PATIO LINCOLN CON FOLIO, 05-BTDESTERM",E, 12/01/24, 12/01/24, 11/02/24, 10/02/24, 12/02/24,,,33,2,760.00,0.00,760.00,0.00,MI,"103,306.50",94,#N/A,"FOLIO DEL 220,001 AL 980,000"
,I0ETI29528-1,LIB NP4,OE00048957,M0549199-300,82.55,13373.1,0.3,4011.93,NE5335P,PLASTICOS INDUSTRIALES DE MONTERREY,00969I0025C,ETIQ. CIEL BIDON 5 LT.,B, 29/01/24, 29/01/24, 10/02/24, 10/02/24, 12/02/24,14/2/2024,,16,3,150.00,0.00,150.00,0.00,MI,"144,300.00",79,Jaime Blasques,
,I0ETI29343-1,PT,,M3356356-280,107.95,116.586,0.28,32.64408,NE0742P,TIENDAS SORIANA,P4354A,PLANTILLA 1UP GRATIS CON PUNTOS,C, 23/01/24, 23/01/24, 10/02/24, 10/02/24, 12/02/24,,,22,3,1.00,0.00,1.00,0.00,CJ,0.01,79,Jaime Blasques,PEDIDO MUESTRAS INDUSTRIALES URGENTES PARA REALIZAR PRUEBAS
*,I0ETI28458-2,LIB NP5,OE00049073,,,,,,NE7141P,SPRAYLAB,09052I0001J,MANGA ACEITE NUTRIOLI 180ML,E, 03/01/24, 03/01/24, 07/02/24, 07/02/24,07/02/2024,,,42,7,120.00,0.00,120.00,0.00,MI,"80,358.48",79,Jaime Blasques,
*,I0ETI28458-3,LIB NP5,OE00049078,,,,,,NE7141P,SPRAYLAB,07141I0152A,MANGA 2PACK SIMPLE TRUTH AVOCADO OIL,E, 03/01/24, 03/01/24, 07/02/24, 07/02/24,07/02/2024,,,42,7,30.00,0.00,30.00,0.00,MI,"28,860.43",79,Jaime Blasques,
*,I0ETI28458-4,LIB NP5,OE00049080,,,,,,NE7141P,SPRAYLAB,07141I0151A,MANGA 2PACK KROGER CANOLA OIL,E, 03/01/24, 03/01/24, 07/02/24, 07/02/24,07/02/2024,,,42,7,31.00,0.00,31.00,0.00,MI,"29,822.44",79,Jaime Blasques,
*,I0ETI28458-5,LIB NP5,OE00049081,,,,,,NE7141P,SPRAYLAB,07141I0153A,MANGA 2PACK KROGER VEGETABLE OIL,E, 03/01/24, 03/01/24, 07/02/24, 07/02/24,07/02/2024,,,42,7,30.00,0.00,30.00,0.00,MI,"28,860.43",79,Jaime Blasques,
*,I0ETI28460-2,RETENIDO,OE00048060,,,,,,SU2399P,OPERADORA DE TIENDAS VOLUNTARIAS,02399I0002A,"ETIQ TD 100 X 75MM R-1000 C3"" NARANJA",C, 03/01/24, 03/01/24, 21/01/24, 20/01/24,19/01/2024,,,42,23,288.00,267.00,21.00,0.00,RL,"3,179.40",87,Carlos Larrache,
,I0ETI29343-2,PT,,M3356356-280,107.95,116.586,0.28,32.64408,NE0742P,TIENDAS SORIANA,P4355A,PLANTILLA 1UP A SOLO CON PUNTOS,C, 23/01/24, 23/01/24, 10/02/24, 10/02/24, 12/02/24,,,22,3,1.00,0.00,1.00,0.00,CJ,0.01,79,Jaime Blasques,PEDIDO MUESTRAS INDUSTRIALES URGENTES PARA REALIZAR PRUEBAS
,I0ETI29343-3,PT,,M3356356-280,107.95,116.586,0.28,32.64408,NE0742P,TIENDAS SORIANA,P4356A,PLANTILLA 1UP TE REGALA PUNTOS,C, 23/01/24, 23/01/24, 10/02/24, 10/02/24, 12/02/24,,,22,3,1.00,0.00,1.00,0.00,CJ,0.01,79,Jaime Blasques,PEDIDO MUESTRAS INDUSTRIALES URGENTES PARA REALIZAR PRUEBAS
,I0ETI29346-1,LIB 2200,OE00049149,M0549204-230,96.04,10372.32,0.23,2385.6336,N11432D,MULTIAPLICACIONES PORTATILES,11432B0004B,9055001954 ETIQ TT 106X187MM BLAN R-1000,C, 23/01/24, 23/01/24, 10/02/24, 10/02/24, 12/02/24,17/2/2024,,22,3,100.00,0.00,100.00,0.00,MI,"31,061.22",205,Gabriela Chapa,MATERIAL DE STOCK
*,I0ETI28494-1,LIB NP5,OE00049076,,,,,,NE7141P,SPRAYLAB,09052I0001J,MANGA ACEITE NUTRIOLI 180ML,E, 04/01/24, 04/01/24, 08/02/24, 08/02/24,07/02/2024,,,41,6,24.00,0.00,24.00,0.00,MI,"16,176.85",79,Jaime Blasques,saldo por fabricar ligado a WETI017408
,I0ETI29348-1,LIB 2200,OE00049193,M0549204-230,96.04,10372.32,0.23,2385.6336,N11432D,MULTIAPLICACIONES PORTATILES,11432B0004B,9055001954 ETIQ TT 106X187MM BLAN R-1000,C, 23/01/24, 23/01/24, 10/02/24, 10/02/24, 12/02/24,17/2/2024,,22,3,100.00,0.00,100.00,0.00,MI,"31,061.22",205,Gabriela Chapa,MATERIAL DE STOCK
*,I0ETI28527-1,RETENIDO,,,,,,,N12191P,MARTHA ELENA SANCHEZ SEGURA,50000I0013A,ETIQ. TT 4 X 2 R-3000 C/P C-3 P-7488 (VE,A, 05/01/24, 05/01/24, 23/01/24, 23/01/24,23/01/2024,,,40,21,1.00,0.00,1.00,20.00,CJ,"1,002.49",182,Clelia Sanchez,
*,I0ETI28527-2,RETENIDO,,,,,,,N12191P,MARTHA ELENA SANCHEZ SEGURA,50000I0055A,ETIQ. TT 4 X 3 VERDE R/2000 C/P C-3,C, 05/01/24, 05/01/24, 23/01/24, 23/01/24,23/01/2024,,,40,21,16.00,0.00,16.00,0.00,MI,"1,985.89",182,Clelia Sanchez,
,I0ETI29349-1,LIB 2200,OE00049196,M0549204-230,96.04,10372.32,0.23,2385.6336,N11432D,MULTIAPLICACIONES PORTATILES,11432B0004B,9055001954 ETIQ TT 106X187MM BLAN R-1000,C, 23/01/24, 23/01/24, 10/02/24, 10/02/24, 12/02/24,17/2/2024,,22,3,100.00,0.00,100.00,0.00,MI,"31,061.22",205,Gabriela Chapa,MATERIAL DE STOCK
,I0ETI29350-1,LIB 2200,OE00049198,M0549204-230,96.04,5186.16,0.23,1192.8168,N11432D,MULTIAPLICACIONES PORTATILES,11432B0004B,9055001954 ETIQ TT 106X187MM BLAN R-1000,C, 23/01/24, 23/01/24, 10/02/24, 10/02/24, 12/02/24,17/2/2024,,22,3,50.00,0.00,50.00,0.00,MI,"15,530.61",205,Gabriela Chapa,MATERIAL DE STOCK
*,I0ETI28563-1,RETENIDO,,,,,,,N11818P,BELKEL DISTRIBUIDORA,PL2113100,"ETQ. LASER 8 1/2"" X 5 1/2"" C/100",A, 06/01/24, 06/01/24, 13/01/24, 13/01/24,13/01/2024,,,39,32,40.00,0.00,40.00,60.00,PQ,"6,361.49",182,Clelia Sanchez,
*,I0ETI28563-2,RETENIDO,,,,,,,N11818P,BELKEL DISTRIBUIDORA,PL5165100,ETIQ. LASER 8 1/2 X 11 C/100,A, 06/01/24, 06/01/24, 13/01/24, 13/01/24,13/01/2024,,,39,32,20.00,0.00,20.00,120.00,PQ,"3,180.75",182,Clelia Sanchez,
*,I0ETI28570-1,RETENIDO,OE00049033,,,,,,N11443D,CP PACK,11443D0001A,ETIQ. TT REMOV. 3 X 12 R/500 C-3,D, 08/01/24, 08/01/24, 20/01/24, 20/01/24,20/01/2024,,,37,25,30.00,0.00,30.00,0.00,MI,"18,833.90",182,Clelia Sanchez,
,I0ETI29351-1,LIB 2200,OE00049199,M0549204-230,96.04,5186.16,0.23,1192.8168,N11432D,MULTIAPLICACIONES PORTATILES,11432B0004B,9055001954 ETIQ TT 106X187MM BLAN R-1000,C, 23/01/24, 23/01/24, 10/02/24, 10/02/24, 12/02/24,17/2/2024,,22,3,50.00,0.00,50.00,0.00,MI,"15,530.61",205,Gabriela Chapa,MATERIAL DE STOCK
,I0ETI29352-1,LIB 2200,OE00049150,M0549204-235,96.04,2074.464,0.235,487.49904,N11432D,MULTIAPLICACIONES PORTATILES,11432I0001B,9055001959 ETIQ TT 106X187MM AZUL R-1000,C, 23/01/24, 23/01/24, 10/02/24, 10/02/24, 12/02/24,17/2/2024,,22,3,20.00,0.00,20.00,0.00,MI,"7,260.75",205,Gabriela Chapa,MATERIAL EN STOCK
,I0ETI29353-1,LIB 2200,OE00049153,M0549204-235,96.04,2074.464,0.235,487.49904,N11432D,MULTIAPLICACIONES PORTATILES,11432I0001B,9055001959 ETIQ TT 106X187MM AZUL R-1000,C, 23/01/24, 23/01/24, 10/02/24, 10/02/24, 12/02/24,17/2/2024,,22,3,20.00,0.00,20.00,0.00,MI,"7,260.75",205,Gabriela Chapa,MATERIAL DE STOCK
,I0ETI29355-1,LIB 2200,OE00049154,M0549204-230,96.04,18670.176,0.23,4294.14048,N11432D,MULTIAPLICACIONES PORTATILES,11432B0004B,9055001954 ETIQ TT 106X187MM BLAN R-1000,C, 23/01/24, 23/01/24, 10/02/24, 10/02/24, 12/02/24,17/2/2024,,22,3,180.00,0.00,180.00,0.00,MI,"55,910.20",205,Gabriela Chapa,ENVIO NORMAL
,I0ETI29356-1,LIB 2200,OE00049155,M0549204-235,96.04,4978.7136,0.235,1169.997696,N11432D,MULTIAPLICACIONES PORTATILES,11432I0001B,9055001959 ETIQ TT 106X187MM AZUL R-1000,C, 23/01/24, 23/01/24, 10/02/24, 10/02/24, 12/02/24,17/2/2024,,22,3,48.00,0.00,48.00,0.00,MI,"17,425.81",205,Gabriela Chapa,ORDEN NORMAL
,I0ETI29357-1,LIB 2200,OE00049156,M0549204-230,96.04,5808.4992,0.23,1335.954816,N11432D,MULTIAPLICACIONES PORTATILES,11432B0004B,9055001954 ETIQ TT 106X187MM BLAN R-1000,C, 23/01/24, 23/01/24, 10/02/24, 10/02/24, 12/02/24,17/2/2024,,22,3,56.00,0.00,56.00,0.00,MI,"17,394.28",205,Gabriela Chapa,ORDEN NORMAL
,I0ETI29359-1,LIB 2200,OE00048835,M0549247-230,7.938,428.652,0.23,98.58996,PA5209P,BACHOCO  (CULIACAN ),03362I0339A,ETIQ FILETE DE MUSLO SIN PIEL,C, 23/01/24, 23/01/24, 10/02/24, 10/02/24, 12/02/24,14/2/2024,,22,3,50.00,0.00,50.00,40.00,MI,"2,720.00",59,Cynthia Garay,
,I0ETI29359-2,LIB XL,OE00049137,M0549247-225,9.922,535.788,0.225,120.5523,PA5209P,BACHOCO  (CULIACAN ),03362I0327B,ETIQ. F&E ALITAS DE POLLO,C, 23/01/24, 23/01/24, 10/02/24, 10/02/24, 12/02/24,14/2/2024,,22,3,50.00,0.00,50.00,0.00,MI,"2,720.00",59,Cynthia Garay,
,I0ETI29359-3,PT,OE00048837,M0549247-225,9.922,535.788,0.225,120.5523,PA5209P,BACHOCO  (CULIACAN ),03362I0325C,ETIQ. F&E FILETE DE PECH DE POLLO SIN HU,C, 23/01/24, 23/01/24, 10/02/24, 10/02/24, 12/02/24,,,22,3,50.00,0.00,50.00,150.00,MI,"2,720.00",59,Cynthia Garay,
,I0ETI29359-5,PT,OE00049138,M0549142-230,9.92,128.5632,0.23,29.569536,PA5209P,BACHOCO  (CULIACAN ),03362I0607A,ETI19151 ET. DECO MUSLOS PICOSITOS,C, 23/01/24, 23/01/24, 10/02/24, 10/02/24, 12/02/24,14/2/2024,8/2/2024,22,3,12.00,0.00,12.00,12.00,MI,"1,711.92",59,Cynthia Garay,
*,I0ETI28679-1,RETENIDO,OE00048623,,,,,,CT9222P,RECKITT BENCKISER MEXICO,09222I0038A,ETIQ. 3169092 VANISH PINK ARMAGEDON 450G,C, 09/01/24, 09/01/24, 27/01/24, 27/01/24,26/01/2024,,,36,18,50.00,48.50,1.50,0.00,MI,"1,448.27",79,Jaime Blasques,"SOLO FACTURAR, PEDIDO LIGADO AL WETI018201  WOT58084"
*,I0ETI28701-1,RETENIDO,,,,,,,C10740P,IMPRENTA Y SERVICIOS EMPRESARIALES MENDEZ,M5642-G32433M,G32433M 105SL300DPI,C, 09/01/24, 09/01/24, 27/01/24, 09/01/24,27/01/2024,,,36,18,1.00,0.00,1.00,0.00,PZ,"12,674.03",209,#N/A,
*,I0ETI28716-1,RETENIDO,,,,,,,N11248D,ALIMENTOS TRES G,11248I0037B,ETIQ. DE HABANERO CREMOSA 425GR,C, 09/01/24, 09/01/24, 25/01/24, 25/01/24,25/01/2024,,,36,20,18.00,0.00,18.00,17.50,MI,"15,275.75",182,Clelia Sanchez,
*,I0ETI28716-2,RETENIDO,,,,,,,N11248D,ALIMENTOS TRES G,11248D0005C,,D, 09/01/24, 09/01/24, 21/01/24, 19/01/24,21/01/2024,,,36,23,5.00,0.00,5.00,0.00,MI,"4,716.43",182,Clelia Sanchez,
,I0ETI29359-6,PT,OE00049139,M0549247-230,7.938,428.652,0.23,98.58996,PA5209P,BACHOCO  (CULIACAN ),03362I0341A,ETIQ MUSLO DE POLLOS SIN PIEL,C, 23/01/24, 23/01/24, 10/02/24, 10/02/24, 12/02/24,,,22,3,50.00,0.00,50.00,50.00,MI,"2,720.00",59,Cynthia Garay,
,I0ETI29365-1,PTE SUAJE LIB FLXR,OE00049140,M0549204-220,39.68,1799.8848,0.22,395.974656,NO3666P,THINK SMART,03666b0023A,"ETIQ. TT 4X3"" R-1000 C-3"" C/P",C, 23/01/24, 07/02/24, 10/02/24, 10/02/24, 12/02/24,13/2/2024,,7,3,42.00,0.00,42.00,0.00,MI,"5,591.02",205,Gabriela Chapa,
*,I0ETI28741-1,RETENIDO,,,,,,,N10540P,INGENIERIA CARNICA MEXICANA,05223B0001A,ETIQ. TT 3.25 X 6 R-1000 C-3,C, 10/01/24, 10/01/24, 28/01/24, 27/01/24,28/01/2024,,,35,17,48.00,0.00,48.00,0.00,MI,"9,272.87",182,Clelia Sanchez,"FAVOR DE CITAR EL NO. DE OC EN TODA LA CORRESPONDENCIA, DOC, Y EMPAQUES"
,I0ETI29367-1,SALDO POR CERRAR,OE00049143,M0151306-220,84.7,91.476,0.22,20.12472,NE5911D,ACS INTERNACIONAL,05911I0005A,ETIQ. TT ORANGE 4 X 6 1/2 C/PLECA C-3,C, 23/01/24, 23/01/24, 10/02/24, 10/02/24, 12/02/24,,,22,3,17.00,16.00,1.00,0.00,MI,300.33,182,Clelia Sanchez,"REVISAR FICHA TÉCNICA
SHIP DATE: (COLOCAR FECHA DE EMPAQUE) | PART NO. LABEL- ORAGE | PART DESC: LABEL, 4"" X 6.5"" ORANGE| QUANTITY: (SOLICITAR INF A PRODUCCIÓN) | UOM: PCS | LOTE BATCH: (COLOCAR WOT PCM)  | SOURCE_REF2: 1 | SOURCE_REF3: 1 | P.O: P373844"
,cs00005096-1,PT,oe00048927,M0151319-220,77.8,8402.4,0.22,1848.528,TTIJ,ALMACEN ETIQUETAS MONTERREY-MP,10223B0002A,ETIQUETA TD 4 X 6 R-250 C-1,C, 29/01/24, 29/01/24, 13/02/24, 13/02/24, 15/02/24,14/2/2024,14/2/2024,16,1,100.00,0.00,100.00,0.00,MI,"14,800.00",,#N/A,
,cs00005096-2,LIB NP4,oe00048928,M2644003-254,39.68,25712.64,0.254,6531.01056,TTIJ,ALMACEN ETIQUETAS MONTERREY-MP,10272I0001A,"ETIQ. TD 70GR 3.125"" X 1.25"" R5000 C1 CP",C, 29/01/24, 29/01/24, 13/02/24, 13/02/24, 15/02/24,19/2/2024,,16,1,600.00,0.00,600.00,0.00,RL,"17,390.19",,#N/A,
,I0ETI28747-6,LIB NP5,OE00048301,M0549142-160,238.1,2571.48,0.16,411.4368,NE3330P,QUALTIA ALIMENTOS OPERACIONES,03330I0035C,ETIQ. B6802 JAMÓN DE PIERNA KIR,C, 10/01/24, 11/01/24, 13/02/24, 13/02/24, 15/02/24,16/2/2024,,34,1,10.00,0.00,10.00,0.00,MI,"30,470.00",79,Jaime Blasques,
,I0ETI28912-1,PT LOGISTICA,,M0151319-325,210.2,9080.64,0.325,2951.208,D12196D,FXI INC,50000B0004A,ETIQ. TD 4X6 R-1000 C/P C-3,A, 12/01/24, 12/01/24, 13/02/24, 13/02/24, 15/02/24,,,33,1,40.00,0.00,40.00,29.00,CJ,"35,341.70",182,Clelia Sanchez,WETI017938-7
,I0ETI29140-1,LIB NP4,OE00049168,M0151234-320,50.8,5431.536,0.32,1738.09152,CT8425P,ESTAFETA SOLUCIONES LOGISTICAS,06010I0006H,ETIQ. ESTAFETA TD 99X149 GUÍA 007 R250,C, 18/01/24, 18/01/24, 13/02/24, 13/02/24, 15/02/24,14/2/2024,,27,1,99.00,0.00,99.00,0.00,MI,"27,007.20",79,Jaime Blasques,
,I0ETI29612-1,LIB FLXR OE00049169,,M0151306-220,331.5,3580.2,0.22,787.644,C10723D,CORRUGADOS HEAVY BOX,50000B0014A,ETIQUETA TT 4X6 1/2  R-1000 C/P C-3,A, 31/01/24, 31/01/24, 13/02/24, 13/02/24, 15/02/24,14/2/2024,,14,1,32.00,22.00,10.00,0.00,CJ,"9,317.70",39,Alejandro de Mata,
,I0ETI29434-1,MP,,M0085244-216,14.8,447.552,0.216,96.671232,CA6958D,VICTORY PACKAGING LP.,06958B0003C,ETIQUETA 12000412A 4 X 2 1/2 MEDIO CORTE,C, 25/01/24, 25/01/24, 13/02/24, 13/02/24, 15/02/24,,,20,1,28.00,0.00,28.00,0.00,MI,"5,912.87",182,Clelia Sanchez,WETI018127
,I0ETI29438-1,PT,OE00049147,M0721370-250,88.9,1728.216,0.25,432.054,NE9999P,PCM  (REPROGRAMACIONES),11248I0017B,ETIQ. QUESO & JALAPEÑO 425GR,C, 25/01/24, 25/01/24, 13/02/24, 13/02/24, 15/02/24,15/2/2024,13/2/2024,20,0,18.00,0.00,18.00,36.00,MI,0.00,182,Clelia Sanchez,Clelia sanchez
,I0ETI29438-2,PT,OE00049174,M0721370-250,88.9,1728.216,0.25,432.054,NE9999P,PCM  (REPROGRAMACIONES),11248I0015C,ETIQ. RANCH & JALAPEÑO 425GR,C, 25/01/24, 25/01/24, 13/02/24, 13/02/24, 15/02/24,15/2/2024,13/2/2024,20,0,18.00,0.00,18.00,18.00,MI,0.00,182,Clelia Sanchez,Clelia sanchez
,I0ETI29440-1,PT,OE00049175,M0721370-250,88.9,1728.216,0.25,432.054,NE9999P,PCM  (REPROGRAMACIONES),11248I0019C,ETIQ. CHIPOTLE CREMOSA 425GR,C, 25/01/24, 25/01/24, 13/02/24, 13/02/24, 15/02/24,15/2/2024,13/2/2024,20,0,18.00,0.00,18.00,18.00,MI,0.00,182,Clelia Sanchez,Coordinar con clelia sanchez
,I0ETI29440-2,PT 17.5 DE 18,OE00049176,M0721370-250,88.9,1728.216,0.25,432.054,NE9999P,PCM  (REPROGRAMACIONES),11248I0037B,ETIQ. DE HABANERO CREMOSA 425GR,C, 25/01/24, 25/01/24, 13/02/24, 13/02/24, 15/02/24,15/2/2024,14/2/2024,20,0,18.00,0.00,18.00,17.50,MI,0.00,182,Clelia Sanchez,Coordinar con clelia sanchez
,I0ETI29481-2,LIB FLXR,OE00049204,M0549196-220,40.5,1312.2,0.22,288.684,SU9178P,OCTAVIO ALLEC ACEVEDO,50000B0040A,ETIQ. TT 102 MM X 76 MM C/P R-1000 C-1.5,C, 26/01/24, 26/01/24, 13/02/24, 13/02/24, 15/02/24,13/2/2024,,19,0,30.00,0.00,30.00,0.00,MI,"3,533.03",179,Guadalupe Gomar,
,I0ETI29461-1,LIB NP4,OE00049274,M0549247-280,118.53,1280.124,0.28,358.43472,SU5241P,BACHOCO  (MERIDA),05300I0120A,ETI19263 ET CAJA EXHIB ALITAS CITRUS & H,C, 25/01/24, 25/01/24, 13/02/24, 13/02/24, 15/02/24,15/2/2024,,20,0,10.00,0.00,10.00,0.00,MI,"21,343.50",59,Cynthia Garay,
,I0ETI29642-1,PDT X DISEÑO,OE00049092,M0151225-285,92.07,795.4848,0.285,226.713168,N12091D,AVIDEG DE MEXICO,12091D0001A,ETIQ. CHICHARRON EN SALSA VERDE 250 GR,D, 31/01/24, 31/01/24, 13/02/24, 13/02/24, 15/02/24,,,14,0,8.00,0.00,8.00,0.00,MI,"10,906.61",182,Clelia Sanchez,
*,I0ETI28779-1,RETENIDO,,,,,,,BA3362P,BACHOCO ( CELAYA ),03362I0053B,"ETIQ. TERMICA 4"" X 4"" C/SEG. AMARILLO",B, 10/01/24, 10/01/24, 27/01/24, 27/01/24,27/01/2024,,,35,18,24.00,0.00,24.00,0.00,MI,"9,006.00",59,Cynthia Garay,
*,I0ETI28779-2,RETENIDO,,,,,,,BA3362P,BACHOCO ( CELAYA ),03362I0050B,ETIQ. TERMICA 4 X 4 C/SEG. ROJO,B, 10/01/24, 10/01/24, 27/01/24, 27/01/24,27/01/2024,,,35,18,24.00,0.00,24.00,47.00,MI,"9,006.00",59,Cynthia Garay,
,I0ETI29642-2,PDT X DISEÑO,OE00049093,M0151225-285,92.07,795.4848,0.285,226.713168,N12091D,AVIDEG DE MEXICO,12091D0002A,ETIQ. ESQUITE 320 GR,D, 31/01/24, 31/01/24, 13/02/24, 13/02/24, 15/02/24,,,14,0,8.00,0.00,8.00,0.00,MI,"10,906.61",182,Clelia Sanchez,
,I0ETI29642-3,PDT X DISEÑO,OE00049094,M0151225-285,92.07,795.4848,0.285,226.713168,N12091D,AVIDEG DE MEXICO,12091D0003A,ETIQ. BIRRIA DE RES 280 GR,D, 31/01/24, 31/01/24, 13/02/24, 13/02/24, 15/02/24,,,14,0,8.00,0.00,8.00,0.00,MI,"10,906.61",182,Clelia Sanchez,
,I0ETI29485-1,LIB DCR,OE00049003,M0151319-250,10.79,34959.6,0.25,8739.9,NO6304P,GENARO BORQUEZ GASTELUM,06304B0008A,ETIQ. TORREY 57 X 40 MM C-40MM R-1000,C, 26/01/24, 30/01/24, 13/02/24, 13/02/24, 15/02/24,21/2/2024,,15,0,"3,000.00",0.00,"3,000.00",0.00,RL,"97,200.00",72,Arturo Castro,enviar a la brevedad
,I0ETI28787-1,MP,OE00048198,M0039242-330,37.04,16801.344,0.33,5544.44352,BA9014P,BACHOCO COMERCIAL,09014I0002A,ET TERMICA 4X4” S/SEG BLANCA C/TIF AH,C, 10/01/24, 10/01/24, 14/02/24, 14/02/24, 16/02/24,,,35,0,420.00,0.00,420.00,0.00,MI,"201,394.20",59,Cynthia Garay,
,I0ETI28793-1,LIB NP5,OE00048225,M4800005-246,158.75,904.875,0.246,222.59925,N10902P,PODER Y ARMONIA,10902I0009D,MANGA PHITEN ORO 500ML. AZUL,E, 10/01/24, 10/01/24, 14/02/24, 14/02/24, 16/02/24,,,35,0,5.00,0.00,5.00,0.00,MI,"10,805.91",59,Cynthia Garay,
,I0ETI28793-2,MP,OE00048226,M4800005-384,257.175,1465.8975,0.384,562.90464,N10902P,PODER Y ARMONIA,10902I0007C,MANGA PHITEN ORO 2L AZUL,E, 10/01/24, 10/01/24, 14/02/24, 14/02/24, 16/02/24,,,35,0,5.00,0.00,5.00,0.00,MI,"15,891.09",59,Cynthia Garay,
,I0ETI29791-1,LIB DCR,,M0151319-305,293.6,41855.616,0.305,12765.96288,N12131P,ISRAEL JUAREZ FUENTES,50000B0065A,ETIQ. TD TORREY 57 X 40 R-1000 C-38 B/34,A, 07/02/24, 07/02/24, 14/02/24, 14/02/24, 16/02/24,,,7,-1,132.00,0.00,132.00,37.00,CJ,"181,048.03",201,Sonia Segura,
*,I0ETI28840-1,RETENIDO,,,,,,,N11623P,SAMUEL IVAN LOPEZ MEDINA,50000B0015A,ETIQ. TT 4 X 6 C/P R/1000 C-3,A, 11/01/24, 11/01/24, 18/01/24, 18/01/24,18/01/2024,,,34,27,14.00,0.00,14.00,-13.00,CJ,"11,930.16",205,Gabriela Chapa,
*,I0ETI28840-2,RETENIDO,,,,,,,N11623P,SAMUEL IVAN LOPEZ MEDINA,50000B0012A,ETIQ. TT 4X2 R-2000 C/P C-3,A, 11/01/24, 11/01/24, 18/01/24, 18/01/24,18/01/2024,,,34,27,3.00,0.00,3.00,62.00,CJ,"2,798.29",205,Gabriela Chapa,
,I0ETI29466-1,PT,OE00048901,M0549199-300,82.55,1426.464,0.3,427.9392,NE0969P,EMBOTELLADORA GEYSER,00969I0025C,ETIQ. CIEL BIDON 5 LT.,B, 26/01/24, 26/01/24, 15/02/24, 15/02/24, 17/02/24,15/2/2024,14/2/2024,19,-1,100.00,84.00,16.00,0.00,MI,"15,392.00",79,Jaime Blasques,
,I0ETI29684-1,LIB NP5,OE00049217,M0549247-300,82.55,8915.4,0.3,2674.62,NE9999P,PCM  (REPROGRAMACIONES),00969I0023E,ETIQ. DEL VALLE FRUT BIDON 5 LT.,B, 02/02/24, 02/02/24, 15/02/24, 15/02/24, 17/02/24,19/2/2024,,12,-2,100.00,0.00,100.00,0.00,MI,0.00,182,Clelia Sanchez,coordinar con jaime blazquez
,I0ETI29684-2,LIB NP4,OE00049279,M0549199-300,82.55,8915.4,0.3,2674.62,NE9999P,PCM  (REPROGRAMACIONES),00969I0025C,ETIQ. CIEL BIDON 5 LT.,B, 02/02/24, 02/02/24, 15/02/24, 15/02/24, 17/02/24,17/2/2024,,12,-2,100.00,0.00,100.00,0.00,MI,0.00,182,Clelia Sanchez,coordinar con jaime blazquez
*,I0ETI28914-1,RETENIDO,,,,,,,NT9488D,ALPHABET DE MEXICO,50000B0031B,ETIQ. TT 4X4 R-1000 C/P C-3,A, 12/01/24, 12/01/24, 19/01/24, 19/01/24,19/01/2024,,,33,25,5.00,0.00,5.00,49.00,CJ,"3,394.84",39,Alejandro de Mata,WETI018302 SUSTITUYE A ESTE PEDIDO.
*,I0ETI28915-1,RETENIDO,,,,,,,NT9488D,ALPHABET DE MEXICO,50000B0012A,ETIQ. TT 4X2 R-2000 C/P C-3,A, 12/01/24, 12/01/24, 19/01/24, 12/01/24,19/01/2024,,,33,25,5.00,0.00,5.00,62.00,CJ,"5,148.33",39,Alejandro de Mata,WETI018303 SUSTITUYE A ESTE PEDIDO
*,I0ETI28915-2,RETENIDO,,,,,,,NT9488D,ALPHABET DE MEXICO,50000I0008B,ETIQ. TT 4 X 2 R-3000 C/P C-3 P-230 (ROS,A, 12/01/24, 12/01/24, 19/01/24, 12/01/24,19/01/2024,,,33,25,4.00,0.00,4.00,16.00,CJ,"4,469.37",39,Alejandro de Mata,WETI018303 SUSTITUYE A ESTE PEDIDO
*,I0ETI28916-1,RETENIDO,,,,,,,NT9488D,ALPHABET DE MEXICO,50000B0012A,ETIQ. TT 4X2 R-2000 C/P C-3,A, 12/01/24, 12/01/24, 19/01/24, 19/01/24,19/01/2024,,,33,25,5.00,0.00,5.00,62.00,CJ,"5,148.33",39,Alejandro de Mata,WETI018303 SUSTITUYE A ESTE PEDIDO
*,I0ETI28916-2,RETENIDO,,,,,,,NT9488D,ALPHABET DE MEXICO,50000I0008B,ETIQ. TT 4 X 2 R-3000 C/P C-3 P-230 (ROS,A, 12/01/24, 12/01/24, 19/01/24, 19/01/24,19/01/2024,,,33,25,4.00,0.00,4.00,16.00,CJ,"4,469.37",39,Alejandro de Mata,WETI018303 SUSTITUYE A ESTE PEDIDO
*,I0ETI28917-2,RETENIDO,,,,,,,NE3611D,CERVECERIA CUAUHTEMOC MOCTEZUMA,03611I0003B,17020168 ETIQUETA REMOVIBLE MANUAL,B, 12/01/24, 12/01/24, 25/01/24, 12/01/24,25/01/2024,,,33,19,50.00,0.00,50.00,0.00,MI,"27,313.35",39,Alejandro de Mata,WETI018624 SUSTITUYE A ESTE PEDIDO
*,I0ETI28919-1,RETENIDO,,,,,,,N12382D,SY TOTAL SERVICES,12382B0001A,"ETIQ. TD 1.5""X0.75"" BLANCA C-1 R-800",C, 12/01/24, 12/01/24, 30/01/24, 30/01/24,30/01/2024,,,33,14,320.00,0.00,320.00,0.00,MI,"8,753.87",79,Jaime Blasques,
*,I0ETI28919-2,RETENIDO,,,,,,,N12382D,SY TOTAL SERVICES,12382I0001A,"ETIQ. TD 1.5""X0.75"" AMARILLA C-1 R-800",C, 12/01/24, 12/01/24, 30/01/24, 30/01/24,30/01/2024,,,33,14,320.00,0.00,320.00,0.00,MI,"9,351.96",79,Jaime Blasques,
*,I0ETI28921-1,RETENIDO,,,,,,,N12382D,SY TOTAL SERVICES,10262B0010A,ETIQ. TT 64 X 24 MM C-3 R-1000,C, 12/01/24, 12/01/24, 30/01/24, 30/01/24,30/01/2024,,,33,14,8.00,0.00,8.00,0.00,CJ,"4,419.07",79,Jaime Blasques,
*,I0ETI28921-2,RETENIDO,,,,,,,N12382D,SY TOTAL SERVICES,50000B0015A,ETIQ. TT 4 X 6 C/P R/1000 C-3,A, 12/01/24, 12/01/24, 30/01/24, 30/01/24,30/01/2024,,,33,14,2.00,0.00,2.00,-13.00,CJ,"2,041.32",79,Jaime Blasques,
*,I0ETI28921-3,RETENIDO,,,,,,,N12382D,SY TOTAL SERVICES,10262I0018A,ETIQ.TD 4 X 6 C-P C-1 R-500 P-297,C, 12/01/24, 12/01/24, 30/01/24, 30/01/24,30/01/2024,,,33,14,30.00,0.00,30.00,0.00,CJ,"35,834.44",79,Jaime Blasques,
*,I0ETI28921-4,RETENIDO,,,,,,,N12382D,SY TOTAL SERVICES,10262I0025B,ETIQ. KIA MOTORS GENUINE PARTS 3 X 2,C, 12/01/24, 12/01/24, 30/01/24, 30/01/24,30/01/2024,,,33,14,240.00,0.00,240.00,0.00,MI,"24,548.89",79,Jaime Blasques,
*,I0ETI28924-1,RETENIDO,,,,,,,N12382D,SY TOTAL SERVICES,10262B0005A,ETIQ. TD 4 X 3 BLANCA C-1 C/P,C, 12/01/24, 12/01/24, 30/01/24, 30/01/24,30/01/2024,,,33,14,18.00,0.00,18.00,0.00,CJ,"24,944.44",79,Jaime Blasques,
*,I0ETI28924-2,RETENIDO,,,,,,,N12382D,SY TOTAL SERVICES,10262B0007A,ETIQ. TD 4 X 5 BLANCA C-1 R-300,C, 12/01/24, 12/01/24, 30/01/24, 30/01/24,30/01/2024,,,33,14,20.00,0.00,20.00,0.00,CJ,"29,455.94",79,Jaime Blasques,
*,I0ETI28924-3,RETENIDO,,,,,,,N12382D,SY TOTAL SERVICES,10262I0007A,ETIQ. TD 4 X 5 YELLOW C-1 R-300,C, 12/01/24, 12/01/24, 30/01/24, 30/01/24,30/01/2024,,,33,14,20.00,0.00,20.00,0.00,CJ,"38,498.66",79,Jaime Blasques,
*,I0ETI28924-4,RETENIDO,,,,,,,N12382D,SY TOTAL SERVICES,10262I0028A,"ETIQ. TD 4""X5"" VERDE C-1 R-300",C, 12/01/24, 12/01/24, 30/01/24, 30/01/24,30/01/2024,,,33,14,4.00,0.00,4.00,0.00,CJ,"7,699.73",79,Jaime Blasques,
*,I0ETI28927-1,PT,,,,,,,N12091D,AVIDEG DE MEXICO,12091I0001A,ETIQ. SALSA PARA ALITAS BUFFALO 355ML,C, 12/01/24, 12/01/24, 30/01/24, 30/01/24,30/01/2024,,,33,14,60.00,0.00,60.00,0.00,MI,"58,337.40",182,Clelia Sanchez,WETI018408-1
*,I0ETI28929-1,RETENIDO,,,,,,,NE7141P,SPRAYLAB,07141I0139C,MANGA 2PACK ACEITE CANOLA MEMBERS CHOICE,E, 12/01/24, 12/01/24, 11/02/24, 10/02/24,11/02/2024,,,33,2,20.00,0.00,20.00,0.00,MI,"31,362.36",79,Jaime Blasques,PEDIDO LIGADO AL WETI018269
,CS00005113-2,PT,OE00049280,M0151307-235,77.79,420.066,0.235,98.71551,MTYM,ALMACEN ETIQUETAS MONTERREY-MP,07935D0168A,TERMICO 2 1/4' x 85'' 100 ROLLS,D, 02/02/24, 02/02/24, 16/02/24, 16/02/24, 19/02/24,16/2/2024,14/2/2024,12,-2,5.00,0.00,5.00,0.00,MI,0.00,,#N/A,
*,I0ETI28950-1,RETENIDO,,,,,,,NO8594P,MANUEL MORENO HERNANDEZ,50000B0065A,ETIQ. TD TORREY 57 X 40 R-1000 C-38 B/34,A, 12/01/24, 12/01/24, 19/01/24, 19/01/24,19/01/2024,,,33,25,30.00,0.00,30.00,37.00,CJ,"33,139.80",72,Arturo Castro,URGENTE
*,I0ETI28952-1,RETENIDO,,,,,,,C11810P,ROSA ARREOLA CARDENAS,08125I0008A,ETIQ. SEGURIDAD APEAM,C, 13/01/24, 13/01/24, 01/02/24, 12/01/24,01/02/2024,,,32,13,60.00,0.00,60.00,0.00,MI,"13,440.00",209,#N/A,SOLO FACTURAR
*,I0ETI28960-1,RETENIDO,,,,,,,NE7141P,SPRAYLAB,07141B0003C,MANGA SELLO DE GARANTIA,E, 13/01/24, 13/01/24, 13/02/24, 13/02/24,13/02/2024,,,32,1,840.00,400.00,440.00,0.00,MI,"54,346.97",79,Jaime Blasques,PEDIDO LIGADO AL WETI017510
*,I0ETI28961-1,LIB NP5,OE00049173,,,,,,NE7141P,SPRAYLAB,07141I0151A,MANGA 2PACK KROGER CANOLA OIL,E, 13/01/24, 13/01/24, 13/02/24, 13/02/24,13/02/2024,,,32,1,30.00,0.00,30.00,0.00,MI,"28,981.20",79,Jaime Blasques,PEDIDO LIGADO AL WETI017510
,CS00005116-2,PT,OE00049207,M0039145-230,3.7,95.904,0.23,22.05792,BCEL,ALMACEN ETIQUETAS MONTERREY-MP,03362B0005A,ETI. TERMICA FECHA DE CADUCIDAD,B, 06/02/24, 06/02/24, 16/02/24, 16/02/24, 19/02/24,,,8,-2,24.00,0.00,24.00,-160.00,MI,556.04,,#N/A,
,CS00005116-3,PT,OE00049208,M0039145-325,37.042,4000.536,0.325,1300.1742,BCEL,ALMACEN ETIQUETAS MONTERREY-MP,03362B0003A,ETIQ. BCA. TOTE 4 X 4 1/4 RESPALDO LAM,B, 06/02/24, 06/02/24, 16/02/24, 16/02/24, 19/02/24,,,8,-2,100.00,0.00,100.00,-198.00,MI,"29,605.10",,#N/A,
,CS00005118-3,MP,OE00049228,M3077285-325,"1,000.00",10800,0.325,3510,WRIB,ALMACEN ETIQUETAS MONTERREY-MP,07935I0034B,LIDER AZUL DNP,B, 06/02/24, 06/02/24, 16/02/24, 16/02/24, 19/02/24,,,8,-2,10.00,0.00,10.00,0.00,ML,0.00,,#N/A,
*,I0ETI29012-1,RETENIDO,,,,,,,C12057P,DISTRIBUIDORA MODELO EN VILLA NICOLAS ROMERO,12057I0002A,ETIQ. TT 102x152 R500 C3 AZUL P-297,C, 16/01/24, 16/01/24, 03/02/24, 03/02/24,03/02/2024,,,29,10,20.00,0.00,20.00,0.00,RL,"3,263.71",118,Martin Rodriguez,"Por favor, enviar a CEDIS CDMX"
,I0ETI29512-1,LIB FLXR,OE00049220,M0549163-220,84.138,9086.904,0.22,1999.11888,N10851P,CODIFLEX,10851B0004A,TD10216500-TI ETIQ TD 4X6.5 R-250 C-1,C, 29/01/24, 29/01/24, 16/02/24, 16/02/24, 19/02/24,16/2/2024,,16,-3,100.00,0.00,100.00,0.00,MI,"26,356.14",39,Alejandro de Mata,
,I0ETI29527-1,PT,OE00049287,M0549247-225,9.922,535.788,0.225,120.5523,BA3362P,BACHOCO ( CELAYA ),03362I0324B,ETIQ. F&E PIERNA CON MUSLOS DE POLLO,C, 29/01/24, 29/01/24, 16/02/24, 16/02/24, 19/02/24,,10/2/2024,16,-3,50.00,0.00,50.00,50.00,MI,"2,720.00",59,Cynthia Garay,
,I0ETI29527-2,LIB NP4,OE00049288,M0549247-225,52.39,2829.06,0.225,636.5385,BA3362P,BACHOCO ( CELAYA ),03362I0408A,ET 102x102mm P- AMARILLO TRASPASO,C, 29/01/24, 29/01/24, 16/02/24, 16/02/24, 19/02/24,19/2/2024,,16,-3,50.00,0.00,50.00,0.00,MI,"21,887.50",59,Cynthia Garay,
,I0ETI29527-3,LIB NP4,OE00049461,M0549247-225,52.39,2829.06,0.225,636.5385,BA3362P,BACHOCO ( CELAYA ),03362I0409A,ET. 102x102mm P- AZUL SALIDA,C, 29/01/24, 29/01/24, 16/02/24, 16/02/24, 19/02/24,19/2/2024,,16,-3,50.00,0.00,50.00,0.00,MI,"21,887.50",59,Cynthia Garay,
,I0ETI29527-4,PT,OE00049322,M0549247-225,9.922,1071.576,0.225,241.1046,BA3362P,BACHOCO ( CELAYA ),03362I0325C,ETIQ. F&E FILETE DE PECH DE POLLO SIN HU,C, 29/01/24, 29/01/24, 16/02/24, 16/02/24, 19/02/24,,13/2/2024,16,-3,100.00,0.00,100.00,150.00,MI,"5,440.00",59,Cynthia Garay,
,I0ETI29876-1,PT,,M0151319-305,293.6,3170.88,0.305,967.1184,N10435P,COMERCIALIZADORA DE POLLOS Y CARNES CAVAZOS,50000B0065A,ETIQ. TD TORREY 57 X 40 R-1000 C-38 B/34,A, 12/02/24, 12/02/24, 18/02/24, 17/02/24, 19/02/24,,13/2/2024,2,-4,10.00,0.00,10.00,37.00,CJ,"16,292.10",205,Gabriela Chapa,
*,I0ETI29078-1,RETENIDO,,,,,,,C12385P,INTER HOSP,M2225-TC15,KT-TC15-ROLATAM,C, 17/01/24, 17/01/24, 04/02/24, 03/02/24,04/02/2024,,,28,9,4.00,0.00,4.00,0.00,PZ,"49,354.53",206,Victor Vázquez,
*,I0ETI29078-2,RETENIDO,,,,,,,C12385P,INTER HOSP,M2225-ZD21,ZD4A042-301E00EZ,C, 17/01/24, 17/01/24, 04/02/24, 03/02/24,04/02/2024,,,28,9,2.00,0.00,2.00,0.00,PZ,"29,042.43",206,Victor Vázquez,
*,I0ETI29091-1,RETENIDO,,,,,,,NE7141P,SPRAYLAB,07141B0003C,MANGA SELLO DE GARANTIA,E, 17/01/24, 17/01/24, 16/02/24, 16/02/24,16/02/2024,,,28,-3,"1,400.00",0.00,"1,400.00",0.00,MI,"171,990.90",79,Jaime Blasques,PEDIDO LIGADO AL WETI018261
,I0ETI29594-1,LIB DCR,OE00049289,M0151306-310,26.99,2623.428,0.31,813.26268,C10230D,INDUSTRIAS FERDI,10230B0009A,ETIQ. TT 5.8X2  R/3000  C/P C-3,C, 31/01/24, 31/01/24, 18/02/24, 17/02/24, 19/02/24,21/2/2024,,14,-4,90.00,0.00,90.00,0.00,MI,"11,958.19",120,Pedro Roblero,
,I0ETI29599-1,LIB DCR,OE00049294,M0549205-305,129.5,69930,0.305,21328.65,N10411P,FABRICANTES DE EQUIPOS PARA REFRIGERACION,00111B0003C,12900450 KIT 20 ROLLOS WLABEL ESP,C, 31/01/24, 31/01/24, 18/02/24, 17/02/24, 19/02/24,22/2/2024,,14,-5,500.00,0.00,500.00,0.00,CJ,"304,190.00",59,Cynthia Garay,
*,I0ETI29096-1,RETENIDO,,,,,,,N12279P,MUNDO SALSA,12279I0001A,MANGA GOLOS BOKADOS 300 G.,E, 17/01/24, 17/01/24, 16/02/24, 16/02/24,16/02/2024,,,28,-3,50.00,0.00,50.00,0.00,MI,"24,679.97",79,Jaime Blasques,PEDIDO LIGADO AL WETI18006
,I0ETI29565-1,COMERCIALIZACION,,MAQUILA,,0,0,0,N10411P,FABRICANTES DE EQUIPOS PARA REFRIGERACION,02939R0051A,ROLLO PAPEL TERMICO 57 X 60 EN BOLSA,C, 30/01/24, 30/01/24, 17/02/24, 17/02/24,N/A,,,15,-4,200.00,0.00,200.00,0.00,RL,"3,288.00",59,Cynthia Garay,
,I0ETI29604-1,LIB FLXR,OE00049290,M0549196-245,15.875,5143.5,0.245,1260.1575,C11468D,AG ELECTRONICA,11468B0002A,ETIQ. TT 76X44 C1 R1000,C, 31/01/24, 31/01/24, 18/02/24, 17/02/24, 19/02/24,17/2/2024,,14,-5,300.00,0.00,300.00,0.00,MI,"21,145.26",179,Guadalupe Gomar,
,I0ETI29749-1,LIB NP3,OE00049229,M0151319-225,51.59,2005.8192,0.225,451.30932,CT8944P,TIENDAS TRES B,08944I0003A,ETIQ. TD 4 X 8 C/P R/500 C-3 GREEN,B, 06/02/24, 06/02/24, 18/02/24, 17/02/24, 19/02/24,19/2/2024,,8,-5,36.00,0.00,36.00,72.00,RL,"6,840.00",175,Anthuan Perez,fecha de entrega: 22 febrero
*,I0ETI29129-1,RETENIDO,,,,,,,NE7141P,SPRAYLAB,09052I0001J,MANGA ACEITE NUTRIOLI 180ML,E, 18/01/24, 18/01/24, 17/02/24, 17/02/24,17/02/2024,,,27,-4,120.00,0.00,120.00,0.00,MI,"81,502.19",79,Jaime Blasques,
*,I0ETI29130-1,RETENIDO,,,,,,,CT9222P,RECKITT BENCKISER MEXICO,09222I0015A,ETIQ. 3155837 3 EN 1 ACEITE ROJO 500 ML,C, 18/01/24, 18/01/24, 27/02/24, 27/02/24,27/02/2024,,,27,-13,60.00,0.00,60.00,0.00,MI,"70,162.80",79,Jaime Blasques,PEDIDO LIGADO AL WETI18136
,I0ETI29749-2,LIB NP3,OE00049230,M0151319-225,51.59,2005.8192,0.225,451.30932,CT8944P,TIENDAS TRES B,08944I0002A,ETIQ. TD 4 X 8 C/P R/500 C-3 BLUE,B, 06/02/24, 06/02/24, 18/02/24, 17/02/24, 19/02/24,19/2/2024,,8,-5,36.00,0.00,36.00,12.00,RL,"6,840.00",175,Anthuan Perez,fecha de entrega: 22 febrero
*,I0ETI29145-1,RETENIDO,,,,,,,ct6010p,ESTAFETA MEXICANA,06010I0006H,ETIQ. ESTAFETA TD 99X149 GUÍA 007 R250,C, 18/01/24, 18/01/24, 28/03/24, 28/03/24,28/03/2024,,,27,-43,999.00,0.00,999.00,0.00,MI,"272,527.20",79,Jaime Blasques,"FACTURAR Y EMBARCAR EL 30 DE MARZO, ENTREGAR EL 4 DE ABRIL"
*,I0ETI29147-1,LIB NP5,OE00049356,,,,,,CT9222P,RECKITT BENCKISER MEXICO,09222I0037A,ETIQ. 3169091 VANISH PINK ARMAGEDON 900G,C, 18/01/24, 18/01/24, 19/02/24, 19/02/24,19/02/2024,,,27,-5,30.00,0.00,30.00,0.00,MI,"43,797.30",79,Jaime Blasques,
*,I0ETI29148-1,RETENIDO,,,,,,,CT9222P,RECKITT BENCKISER MEXICO,09222I0038A,ETIQ. 3169092 VANISH PINK ARMAGEDON 450G,C, 18/01/24, 18/01/24, 19/02/24, 19/02/24,19/02/2024,,,27,-5,50.00,0.00,50.00,0.00,MI,"48,275.50",79,Jaime Blasques,
,I0ETI29749-3,LIB NP3,OE00049231,M0151319-225,51.59,2005.8192,0.225,451.30932,CT8944P,TIENDAS TRES B,08944I0001A,ETIQ. TD 4X8 C/P R/500 C-3 AMARILLO,B, 06/02/24, 06/02/24, 18/02/24, 17/02/24, 19/02/24,19/2/2024,,8,-5,36.00,0.00,36.00,12.00,RL,"6,840.00",175,Anthuan Perez,fecha de entrega: 22 febrero
,I0ETI29627-1,LIB NP2 OE00049063,,M0044361-230,15.36,49.7664,0.23,11.446272,PA2138P,COPPEL,02138I0092A,6884 ETIQUETA FASHION MARKET CELULARES P,C, 31/01/24, 31/01/24, 18/02/24, 17/02/24, 19/02/24,17/2/2024,,14,-5,3.00,0.00,3.00,0.00,PQ,"1,140.81",59,Cynthia Garay,
,I0ETI29628-1,LIB NP2,OE00049063,M0044361-230,15.36,82.944,0.23,19.07712,PA2138P,COPPEL,02138I0092A,6884 ETIQUETA FASHION MARKET CELULARES P,C, 31/01/24, 31/01/24, 18/02/24, 17/02/24, 19/02/24,17/2/2024,,14,-5,5.00,0.00,5.00,0.00,PQ,"1,901.35",59,Cynthia Garay,
,I0ETI29577-1,SUAJE,OE00049095,suaje,0,0,0,0,N12091D,AVIDEG DE MEXICO,SUAJE,CARGO POR SUAJE,C, 30/01/24, 31/01/24, 17/02/24, 17/02/24,N/A,,,14,-4,1.00,0.00,1.00,0.00,PZ,"6,866.28",182,Clelia Sanchez,
,I0ETI29579-1,LIB XL,OE00049330,M0549197-225,65.09,702.972,0.225,158.1687,SU5300P,BACHOCO (MERIDAII),03362I0464A,ET. SMO 4707 ALITAS PICOSITAS INST FC,C, 30/01/24, 30/01/24, 17/02/24, 17/02/24, 19/02/24,17/2/2024,,15,-4,10.00,0.00,10.00,0.00,MI,"2,754.00",59,Cynthia Garay,
,I0ETI29579-10,LIB NP4,OE00049328,M0549247-280,118.534,1280.1672,0.28,358.446816,SU5300P,BACHOCO (MERIDAII),05300I0089B,ET CAJA EXHIB BONELESS PYL 2022,C, 30/01/24, 30/01/24, 17/02/24, 17/02/24, 19/02/24,19/2/2024,,15,-4,10.00,0.00,10.00,0.00,MI,"21,343.50",59,Cynthia Garay,
,I0ETI29579-11,LIB NP4,OE00049332,M0549247-280,118.534,1280.1672,0.28,358.446816,SU5300P,BACHOCO (MERIDAII),05300I0096A,ETIQ CAJA EXHIB TROZOS DE PECHUGA 2022,C, 30/01/24, 30/01/24, 17/02/24, 17/02/24, 19/02/24,19/2/2024,,15,-4,10.00,0.00,10.00,0.00,MI,"21,343.50",59,Cynthia Garay,
,I0ETI29579-12,LIB NP4,OE00049334,M0549247-280,118.53,1280.124,0.28,358.43472,SU5300P,BACHOCO (MERIDAII),05300I0072C,ETIQ CAJA EXHIB TENDER A 2022,C, 30/01/24, 30/01/24, 17/02/24, 17/02/24, 19/02/24,19/2/2024,,15,-4,10.00,0.00,10.00,0.00,MI,"21,343.50",59,Cynthia Garay,
,I0ETI29579-13,LIB NP4,OE00049335,M0549247-275,118.53,1280.124,0.275,352.0341,SU5300P,BACHOCO (MERIDAII),05300I0093B,ETI09011 ETIQ CAJA EXHIB ALITAS PICOSAS,C, 30/01/24, 30/01/24, 17/02/24, 17/02/24, 19/02/24,19/2/2024,,15,-4,10.00,0.00,10.00,0.00,MI,"21,343.50",59,Cynthia Garay,
,I0ETI29579-14,PT,OE00049337,M0549197-225,65.08,702.864,0.225,158.1444,SU5300P,BACHOCO (MERIDAII),03362I0465B,ETI08759 ET. SMO TIRAS DE PECH 1.36KG,C, 30/01/24, 30/01/24, 17/02/24, 17/02/24, 19/02/24,,12/2/2024,15,-4,10.00,0.00,10.00,0.00,MI,"2,754.00",59,Cynthia Garay,
,I0ETI29579-15,PT,OE00049339,M0549197-225,65.09,702.972,0.225,158.1687,SU5300P,BACHOCO (MERIDAII),03362I0432A,ET. SMO 5161 TENDER EMPANIZADO 700GR,C, 30/01/24, 30/01/24, 17/02/24, 17/02/24, 19/02/24,17/2/2024,12/2/2024,15,-4,10.00,0.00,10.00,10.00,MI,"2,754.00",59,Cynthia Garay,
,I0ETI29579-2,PT,OE00049342,M0549197-225,65.09,702.972,0.225,158.1687,SU5300P,BACHOCO (MERIDAII),03362I0458A,ET. SMO 4736 TIRAS DE PECH GRILL 8.1KG,C, 30/01/24, 30/01/24, 17/02/24, 17/02/24, 19/02/24,17/2/2024,12/2/2024,15,-4,10.00,0.00,10.00,10.00,MI,"2,754.00",59,Cynthia Garay,
*,I0ETI29196-1,RETENIDO,,,,,,,CT9222P,RECKITT BENCKISER MEXICO,09222B0007B,"KIT ETIQ 50021854 TT 4""X2"" R3000 C/RIBBO",C, 20/01/24, 20/01/24, 30/03/24, 30/03/24,30/03/2024,,,25,-45,390.00,0.00,390.00,0.00,MI,"41,067.00",79,Jaime Blasques,
,I0ETI29579-3,PT,OE00049343,M0549197-225,65.09,702.972,0.225,158.1687,SU5300P,BACHOCO (MERIDAII),03362I0452A,ET. SMO 4798 NUGGET GRANEL 5KG,C, 30/01/24, 30/01/24, 17/02/24, 17/02/24, 19/02/24,17/2/2024,12/2/2024,15,-4,10.00,0.00,10.00,10.00,MI,"2,754.00",59,Cynthia Garay,
,I0ETI29579-4,PT,OE00049344,M0549197-225,65.09,702.972,0.225,158.1687,SU5300P,BACHOCO (MERIDAII),03362I0467A,ET. SMO 4570 ALITA PICOSITA FC 8.4KG,C, 30/01/24, 30/01/24, 17/02/24, 17/02/24, 19/02/24,17/2/2024,12/2/2024,15,-4,10.00,0.00,10.00,10.00,MI,"2,754.00",59,Cynthia Garay,
*,I0ETI29218-1,LIB NP5,OE00049397,,,,,,CT9222P,RECKITT BENCKISER MEXICO,09222I0053A,ETIQ. 3152621 LYSOL CITRICO 820 ML FTE,C, 22/01/24, 22/01/24, 15/02/24, 15/02/24,15/02/2024,,,23,-1,100.00,0.00,100.00,0.00,MI,"39,359.00",79,Jaime Blasques,
*,I0ETI29219-1,LIB NP5,OE00049400,,,,,,CT9222P,RECKITT BENCKISER MEXICO,09222I0024C,ETIQ. 50036803 VANISH PINK 1.75 L. FTE.,C, 22/01/24, 22/01/24, 15/02/24, 15/02/24,15/02/2024,,,23,-1,50.00,0.00,50.00,0.00,MI,"26,349.50",79,Jaime Blasques,
*,I0ETI29220-1,LIB NP5,OE00049215,,,,,,CT9222P,RECKITT BENCKISER MEXICO,09222I0006C,ETIQ. 50036800 VANISH PINK 450 ML. REV.,C, 22/01/24, 22/01/24, 15/02/24, 15/02/24,15/02/2024,,,23,-1,500.00,0.00,500.00,0.00,MI,"36,440.00",79,Jaime Blasques,
*,I0ETI29225-1,LIB NP5,OE00049460,,,,,,CT9222P,RECKITT BENCKISER MEXICO,09222I0054A,ETIQ 3152622 LYSOL CITRICO 820 ML REV,C, 22/01/24, 22/01/24, 15/02/24, 15/02/24,15/02/2024,,,23,-1,60.00,0.00,60.00,0.00,MI,"5,941.20",79,Jaime Blasques,
*,I0ETI29226-1,LIB NP5,OE00049403,,,,,,CT9222P,RECKITT BENCKISER MEXICO,09222I0055A,ETIQ 3152623 LYSOL PODERMARINO 820ML FTE,C, 22/01/24, 22/01/24, 15/02/24, 15/02/24,15/02/2024,,,23,-1,100.00,0.00,100.00,0.00,MI,"39,566.00",79,Jaime Blasques,
*,I0ETI29227-1,RETENIDO,,,,,,,CT9222P,RECKITT BENCKISER MEXICO,09222I0026C,ETIQ. 50036804 VANISH WHITE 435 ML. FTE.,C, 22/01/24, 22/01/24, 15/02/24, 15/02/24,15/02/2024,,,23,-1,100.00,0.00,100.00,0.00,MI,"22,301.00",79,Jaime Blasques,
*,I0ETI29230-1,LIB NP5,OE00049405,,,,,,CT9222P,RECKITT BENCKISER MEXICO,09222I0029C,ETIQ. 50039753 VANISH WHITE 435 ML. REV.,C, 22/01/24, 22/01/24, 19/02/24, 19/02/24,19/02/2024,,,23,-5,200.00,0.00,200.00,0.00,MI,"14,452.00",79,Jaime Blasques,
*,I0ETI29231-1,LIB NP5,OE00049462,,,,,,CT9222P,RECKITT BENCKISER MEXICO,09222I0028C,ETIQ. 50037071 VANISH WHITE 900 ML. FTE.,C, 22/01/24, 22/01/24, 19/02/24, 19/02/24,19/02/2024,,,23,-5,100.00,0.00,100.00,0.00,MI,"38,664.00",79,Jaime Blasques,
*,I0ETI29232-1,RETENIDO,,,,,,,CT9222P,RECKITT BENCKISER MEXICO,09222I0025C,ETIQ. 50037070 VANISH WHITE 1.7 L. FTE.,C, 22/01/24, 22/01/24, 19/02/24, 19/02/24,19/02/2024,,,23,-5,50.00,0.00,50.00,0.00,MI,"27,611.00",79,Jaime Blasques,
*,I0ETI29233-1,LIB NP5,OE00049463,,,,,,CT9222P,RECKITT BENCKISER MEXICO,09222I0048B,ETIQ. 50036717 VANISH WHITE 3.8 L. FTE.,C, 22/01/24, 22/01/24, 19/02/24, 19/02/24,19/02/2024,,,23,-5,50.00,0.00,50.00,0.00,MI,"18,033.00",79,Jaime Blasques,
*,I0ETI29234-1,RETENIDO,,,,,,,CT9222P,RECKITT BENCKISER MEXICO,09222I0056A,ETIQ 3152624 LYSOL PODERMARINO 820ML REV,C, 22/01/24, 22/01/24, 28/02/24, 28/02/24,28/02/2024,,,23,-14,60.00,0.00,60.00,0.00,MI,"5,196.00",79,Jaime Blasques,
*,I0ETI29238-1,RETENIDO,OE00049470,,,,,,CT9222P,RECKITT BENCKISER MEXICO,09222I0058A,ETIQ. 3155252 LYSOL CITRICO 1.75 L. REV,C, 22/01/24, 22/01/24, 28/02/24, 28/02/24,28/02/2024,,,23,-14,50.00,0.00,50.00,0.00,MI,"7,529.50",79,Jaime Blasques,
*,I0ETI29240-1,RETENIDO,,,,,,,CT9222P,RECKITT BENCKISER MEXICO,09222I0027C,ETIQ. 50036799 VANISH PINK 420 ML. FTE.,C, 22/01/24, 22/01/24, 28/02/24, 28/02/24,28/02/2024,,,23,-14,600.00,0.00,600.00,0.00,MI,"136,380.00",79,Jaime Blasques,
,I0ETI29579-5,PT,OE00049345,M0549197-225,65.09,702.972,0.225,158.1687,SU5300P,BACHOCO (MERIDAII),03362I0468A,ET. SMO 4571 BONELESS BUFALO 8.4KG,C, 30/01/24, 30/01/24, 17/02/24, 17/02/24, 19/02/24,17/2/2024,12/2/2024,15,-4,10.00,0.00,10.00,10.00,MI,"2,754.00",59,Cynthia Garay,
*,I0ETI29255-1,RETENIDO,,,,,,,CT9222P,RECKITT BENCKISER MEXICO,09222I0046B,ETIQ. 50036798 VANISH PINK 3.8 L. FTE.,C, 22/01/24, 22/01/24, 28/02/24, 28/02/24,28/02/2024,,,23,-14,50.00,0.00,50.00,0.00,MI,"18,033.00",79,Jaime Blasques,
*,I0ETI29256-1,RETENIDO,,,,,,,CT9222P,RECKITT BENCKISER MEXICO,09222I0006C,ETIQ. 50036800 VANISH PINK 450 ML. REV.,C, 22/01/24, 22/01/24, 28/02/24, 28/02/24,28/02/2024,,,23,-14,500.00,0.00,500.00,0.00,MI,"36,440.00",79,Jaime Blasques,
*,I0ETI29257-1,RETENIDO,,,,,,,CT9222P,RECKITT BENCKISER MEXICO,09222I0006C,ETIQ. 50036800 VANISH PINK 450 ML. REV.,C, 22/01/24, 22/01/24, 11/03/24, 11/03/24,11/03/2024,,,23,-26,500.00,0.00,500.00,0.00,MI,"36,440.00",79,Jaime Blasques,
*,I0ETI29261-1,RETENIDO,,,,,,,CT9222P,RECKITT BENCKISER MEXICO,09222I0057A,ETIQ. 3155251 LYSOL CITRICO 1.75 L. FTE,C, 22/01/24, 22/01/24, 28/02/24, 28/02/24,28/02/2024,,,23,-14,60.00,0.00,60.00,0.00,MI,"30,313.80",79,Jaime Blasques,
,I0ETI29579-6,PT,OE00049346,M0549197-225,65.088,702.9504,0.225,158.16384,SU5300P,BACHOCO (MERIDAII),05300I0035B,SMO CUBITOS EMPANIZADOS 5632 TIF 97-B,C, 30/01/24, 30/01/24, 17/02/24, 17/02/24, 19/02/24,,12/2/2024,15,-4,10.00,0.00,10.00,10.00,MI,"2,754.00",59,Cynthia Garay,
,I0ETI29579-7,LIB XL,OE00049350,M0549197-225,65.09,2811.888,0.225,632.6748,SU5300P,BACHOCO (MERIDAII),03362I0394A,ET. SMO TROZOS PECHUGA EMPANIZ. 1.2 KG 5,C, 30/01/24, 30/01/24, 17/02/24, 17/02/24, 19/02/24,17/2/2024,,15,-4,40.00,0.00,40.00,34.00,MI,"11,016.00",59,Cynthia Garay,
,I0ETI29579-8,PT,OE00049352,M0549197-225,65.09,702.972,0.225,158.1687,SU5300P,BACHOCO (MERIDAII),03362I0463A,ET. SMO 4550 FILETE MEZQUITE  8.4KG,C, 30/01/24, 30/01/24, 17/02/24, 17/02/24, 19/02/24,,12/2/2024,15,-4,10.00,0.00,10.00,10.00,MI,"2,754.00",59,Cynthia Garay,
,I0ETI29579-9,PT,OE00049354,M0549197-225,65.09,2811.888,0.225,632.6748,SU5300P,BACHOCO (MERIDAII),03362I0451A,ET. SMO 4728  ALITAS PICOSITAS 12.24KG,C, 30/01/24, 30/01/24, 17/02/24, 17/02/24, 19/02/24,,12/02//24,15,-4,40.00,0.00,40.00,40.00,MI,"11,016.00",59,Cynthia Garay,
,I0ETI29639-2,SOLO FACT,,M0151319-220,26.5,286.2,0.22,62.964,N11200P,TIENDAS SORIANA,00742I0273A,ETIQ. TD BLANCA 2 3/4 X 3 1/8 R2000,C, 31/01/24, 31/01/24, 18/02/24, 17/02/24,N/A,,,14,-5,10.00,0.00,10.00,364.00,MI,800.00,79,Jaime Blasques,"NO SURTIR SOLO FACTURAR SUSTITUYE PEDIDO I0ETI28172 FACTURA EFV126673, SURTIR  Y EMBARCAR 00742I0273A-10  MILLARES"
*,I0ETI29283-1,PT,,,,,,,NE9798D,UNICAR PLASTICS,PL1069100,ETIQ. LASER 4 1/4 X 2 3/4 C100,C, 23/01/24, 23/01/24, 14/02/24, 14/02/24,14/02/2024,,,22,0,110.00,0.00,110.00,0.00,PQ,"16,433.49",182,Clelia Sanchez,PUEBLA FACTURAR Y EMBARCAR 18 FEB
*,I0ETI29304-1,RETENIDO,,,,,,,N11720P,JOSE LUIS QUIROGA PUENTE,M5642-ZM400-300S-SSI,SSI-ZM400-300S,C, 23/01/24, 23/01/24, 10/02/24, 10/02/24,10/02/2024,,,22,3,2.00,0.00,2.00,0.00,PZ,"11,136.13",59,Cynthia Garay,
,I0ETI29184-1,MP,,M4800002-216,119.0625,13573.125,0.216,2931.795,NE7176D,MEGA ALIMENTOS,07176I0036A,MANGA EMCIN0109 MAYONESA MEGASUPREM 180G,E, 19/01/24, 19/01/24, 18/02/24, 17/02/24, 19/02/24,,,26,-5,100.00,0.00,100.00,0.00,MI,"39,918.48",79,Jaime Blasques,
,I0ETI29587-1,SUAJE,,suaje,0,0,0,0,NA7446D,NATIONAL POS PAPER LLC,SUAJE,CARGO POR SUAJE,C, 30/01/24, 30/01/24, 17/02/24, 17/02/24,N/A,,,15,-4,1.00,0.00,1.00,0.00,PZ,"6,008.00",178,#N/A,
,cs00005141-1,PLANEACION,OE00049519,M0151306-225,311.15,2016.252,0.225,453.6567,TTIJ,ALMACEN ETIQUETAS MONTERREY-MP,50000I0022B,ETIQ. TT 4X6 C/P R-1000 C-3 P-2076C (MOR,C, 12/02/24, 12/02/24, 19/02/24, 19/02/24, 21/02/24,,,2,-5,6.00,0.00,6.00,0.00,CJ,0.00,,#N/A,
,I0ETI29469-1,LIB NP4,OE00048898,M0549247-300,82.55,4457.7,0.3,1337.31,NE0969P,EMBOTELLADORA GEYSER,00969I0023E,ETIQ. DEL VALLE FRUT BIDON 5 LT.,B, 26/01/24, 26/01/24, 19/02/24, 19/02/24, 21/02/24,,,19,-5,50.00,0.00,50.00,0.00,MI,"49,000.00",79,Jaime Blasques,
,I0ETI29660-1,LIB FLXR,OE00049357,M0039145-230,3.7,303.696,0.23,69.85008,BA3362P,BACHOCO ( CELAYA ),03362B0005A,ETI. TERMICA FECHA DE CADUCIDAD,B, 01/02/24, 01/02/24, 19/02/24, 19/02/24, 21/02/24,,,13,-5,76.00,0.00,76.00,-160.00,MI,"1,858.96",59,Cynthia Garay,
,I0ETI29744-1,LIB NP3,OE00049235,M0151319-225,51.59,30087.288,0.225,6769.6398,CT8944P,TIENDAS TRES B,08944I0003A,ETIQ. TD 4 X 8 C/P R/500 C-3 GREEN,B, 06/02/24, 06/02/24, 19/02/24, 19/02/24, 21/02/24,16/2/2024,,8,-5,540.00,0.00,540.00,72.00,RL,"102,600.00",175,Anthuan Perez,fecha de entrega: 19 febrero
,I0ETI29744-2,LIB NP3,OE00049236,M0151319-225,51.59,30087.288,0.225,6769.6398,CT8944P,TIENDAS TRES B,08944I0002A,ETIQ. TD 4 X 8 C/P R/500 C-3 BLUE,B, 06/02/24, 06/02/24, 19/02/24, 19/02/24, 21/02/24,16/2/2024,,8,-5,540.00,0.00,540.00,12.00,RL,"102,600.00",175,Anthuan Perez,fecha de entrega: 19 febrero
,I0ETI29744-3,LIB NP3,OE00049237,M0151319-225,51.59,30087.288,0.225,6769.6398,CT8944P,TIENDAS TRES B,08944I0001A,ETIQ. TD 4X8 C/P R/500 C-3 AMARILLO,B, 06/02/24, 06/02/24, 19/02/24, 19/02/24, 21/02/24,16/2/2024,,8,-5,540.00,0.00,540.00,12.00,RL,"102,600.00",175,Anthuan Perez,fecha de entrega: 19 febrero
,I0ETI29744-4,LIB FLXR,OE00049238,M0151319-225,51.59,30087.288,0.225,6769.6398,CT8944P,TIENDAS TRES B,08944B0001A,ETIQ. TD 4X8 C/P R/500 C-3,B, 06/02/24, 06/02/24, 19/02/24, 19/02/24, 21/02/24,16/2/2024,,8,-5,540.00,0.00,540.00,120.00,RL,"102,600.00",175,Anthuan Perez,fecha de entrega: 19 febrero
,I0ETI29766-1,PDT X DISEÑO,,M0151318-254,19.84,257.1264,0.254,65.3101056,NA7446D,NATIONAL POS PAPER LLC,07446D0093A,"ETIQ. BOPP GLOSSY 2"" x 3"" R-1000 C-3",D, 06/02/24, 06/02/24, 19/02/24, 19/02/24, 21/02/24,,,8,-5,12.00,0.00,12.00,0.00,MI,"3,769.09",178,#N/A,
,CS00005137-1,PT,OE00049428,M0039145-335,19.844,1371.61728,0.335,459.4917888,BCEL,ALMACEN ETIQUETAS MONTERREY-MP,03362B0007A,ETIQ. TERMICA 3x3” S/SEG BLANCA,B, 10/02/24, 10/02/24, 20/02/24, 20/02/24, 22/02/24,,12/2/2024,4,-6,64.00,0.00,64.00,518.00,MI,"9,738.92",,#N/A,
,CS00005137-2,LIB FLXR ,OE00049429,M0039145-230,3.7,543.456,0.23,124.99488,BCEL,ALMACEN ETIQUETAS MONTERREY-MP,03362B0005A,ETI. TERMICA FECHA DE CADUCIDAD,B, 10/02/24, 10/02/24, 20/02/24, 20/02/24, 22/02/24,,,4,-6,136.00,0.00,136.00,-160.00,MI,"3,150.90",,#N/A,
,CS00005137-3,MP,OE00049430,M0039145-325,37.042,4000.536,0.325,1300.1742,BCEL,ALMACEN ETIQUETAS MONTERREY-MP,03362B0003A,ETIQ. BCA. TOTE 4 X 4 1/4 RESPALDO LAM,B, 10/02/24, 10/02/24, 20/02/24, 20/02/24, 22/02/24,,,4,-6,100.00,0.00,100.00,-198.00,MI,"29,605.10",,#N/A,
,CS00005137-4,PT,OE00049431,M0039145-330,37.042,2000.268,0.33,660.08844,BCEL,ALMACEN ETIQUETAS MONTERREY-MP,03362I0362A,ETIQ. TERMICA 4 X 4” C/SEG AZUL SELLO TI,B, 10/02/24, 10/02/24, 20/02/24, 20/02/24, 22/02/24,,12/2/2024,4,-6,50.00,0.00,50.00,204.00,MI,"15,819.83",,#N/A,
,CS00005137-5,MP,OE00049432,M0039145-330,37.042,2000.268,0.33,660.08844,BCEL,ALMACEN ETIQUETAS MONTERREY-MP,03362I0360A,ETIQ. TERMICA 4 X 4” C/SEG NARANJA SELLO,B, 10/02/24, 10/02/24, 20/02/24, 20/02/24, 22/02/24,,,4,-6,50.00,0.00,50.00,-7.00,MI,"14,544.54",,#N/A,
,CS00005137-6,PT,OE00049433,M0039145-330,37.042,2000.268,0.33,660.08844,BCEL,ALMACEN ETIQUETAS MONTERREY-MP,03362I0359A,ETIQ. TERMICA 4 X 4” C/SEG AMARILLA SELL,B, 10/02/24, 10/02/24, 20/02/24, 20/02/24, 22/02/24,,12/2/2024,4,-6,50.00,0.00,50.00,122.00,MI,"14,556.26",,#N/A,
,CS00005137-7,MP,OE00049434,M0039145-330,37.042,2000.268,0.33,660.08844,BCEL,ALMACEN ETIQUETAS MONTERREY-MP,03362I0361A,ETIQ. TERMICA 4 X 4” C/SEG VERDE SELLO T,B, 10/02/24, 10/02/24, 20/02/24, 20/02/24, 22/02/24,,,4,-6,50.00,0.00,50.00,-38.00,MI,"14,638.16",,#N/A,
,CS00005137-8,PT,OE00049435,M0039145-330,37.042,2000.268,0.33,660.08844,BCEL,ALMACEN ETIQUETAS MONTERREY-MP,03362I0357A,ETIQ. TERMICA 4 X 4” C/SEG ROJA SELLO TI,B, 10/02/24, 10/02/24, 20/02/24, 20/02/24, 22/02/24,,12/2/2024,4,-6,50.00,0.00,50.00,115.00,MI,"15,831.08",,#N/A,
,CS00005137-9,PT,OE00049436,M0039145-330,37.042,2000.268,0.33,660.08844,BCEL,ALMACEN ETIQUETAS MONTERREY-MP,03362I0358A,ETIQ. TERMICA 4 X 4” C/SEG PLATA SELLO T,B, 10/02/24, 10/02/24, 20/02/24, 20/02/24, 22/02/24,,12/2/2024,4,-6,50.00,0.00,50.00,237.00,MI,"15,539.91",,#N/A,
,I0ETI28747-7,LIB NP5,OE00048302,M0549142-245/M0151226-250,114.3,1851.66,0.245,453.6567,NE3330P,QUALTIA ALIMENTOS OPERACIONES,03330I0027D,ETIQ. B6846 JAMON VIRGINIA ZWAN BIO,B, 10/01/24, 11/01/24, 20/02/24, 20/02/24, 22/02/24,,,34,-6,15.00,0.00,15.00,1.00,MI,"30,247.50",79,Jaime Blasques,
,I0ETI28817-2,LIB NP5,OE00048293,M0549142-190,219.07,2365.956,0.19,449.53164,NE3330P,QUALTIA ALIMENTOS OPERACIONES,03330I0029E,ETIQ. B6634 JAMON DE PIERNA ZWAN,B, 11/01/24, 11/01/24, 20/02/24, 20/02/24, 22/02/24,,,34,-6,10.00,0.00,10.00,0.00,MI,"31,381.00",79,Jaime Blasques,
,I0ETI29553-1,LIB XL,OE00049117,M0549232-145,4.961,10715.76,0.145,1553.7852,N11345P,MARCO ANTONIO VILLARREAL VILLARREAL,11345I0001A,ETIQ . PARA BANANA PALMI,B, 30/01/24, 02/02/24, 20/02/24, 20/02/24, 22/02/24,,,12,-6,"2,000.00",0.00,"2,000.00",0.00,MI,"31,262.17",39,Alejandro de Mata,
,I0ETI29657-1,LIB XEIKON,OE00049386,M0549275-220/M0639111-220,5.56,900.72,0.22,198.1584,NE9522D,ARYSTA LIFESCIENCE MEXICO,09195D1088A,ETIQ HOLOGRAMA ULTRA ARYSTA,D, 01/02/24, 01/02/24, 20/02/24, 20/02/24, 22/02/24,,,13,-6,150.00,0.00,150.00,0.00,MI,"19,677.62",39,Alejandro de Mata,
,I0ETI29645-2,SOLO FACT,,M0549163-325,18.4,29.808,0.325,9.6876,N11200P,TIENDAS SORIANA,00742I0564A,ETIQ TD 4X2 ENE-JUL MORADA CEDIS TIJUANA,C, 01/02/24, 01/02/24, 20/02/24, 20/02/24,N/A,,,13,-6,834.00,832.50,1.50,0.00,MI,120.00,79,Jaime Blasques,NO SURTIR SOLO FACTURAR SUSTITUYE PEDIDO I0ETI28175  FACTURA EFV126674
,I0ETI29925-1,PLANEACION,,M0151319-305,258.7,5587.92,0.305,1704.3156,BA9693P,CADENA COMERCIAL OXXO,00034B0001B,ETIQUETA TD TORREY 57 X 40 R-1000 CAJA C,A, 13/02/24, 13/02/24, 19/02/24, 20/02/24, 22/02/24,,,1,-5,20.00,0.00,20.00,0.00,CJ,"35,016.00",8,Ilse de la Fuente,
*,I0ETI29361-1,LIB 2200,OE00049200,,,,,,N11432D,MULTIAPLICACIONES PORTATILES,11432B0004B,9055001954 ETIQ TT 106X187MM BLAN R-1000,C, 23/01/24, 23/01/24, 10/02/24, 10/02/24,10/02/2024,,,22,3,40.00,0.00,40.00,0.00,MI,"12,424.49",205,Gabriela Chapa,
*,I0ETI29361-2,LIB 2200,OE00049201,,,,,,N11432D,MULTIAPLICACIONES PORTATILES,11432I0001B,9055001959 ETIQ TT 106X187MM AZUL R-1000,C, 23/01/24, 23/01/24, 10/02/24, 10/02/24,10/02/2024,,,22,3,50.00,0.00,50.00,0.00,MI,"18,151.88",205,Gabriela Chapa,
,I0ETI29659-1,LIB 2200,OE00049387,M0549153-215,279,3013.2,0.215,647.838,N11963P,KM PACKAGING SOLUTIONS,11963I0001A,ET HOJA LASER SUAJE FTE Y REV 8.5X11,C, 01/02/24, 01/02/24, 20/02/24, 20/02/24, 22/02/24,,,13,-7,10.00,0.00,10.00,0.00,MI,"14,626.26",59,Cynthia Garay,
,I0ETI29943-1,PLANEACION,,M0549253-176,135,145.8,0.176,25.6608,NE0807P,SUPERMERCADOS INTERNACIONALES H E B,00807I0069A,HEB PAY DE PIÑA CONT. 680G,A, 13/02/24, 13/02/24, 20/02/24, 20/02/24, 22/02/24,,,1,-7,1.00,0.00,1.00,9.00,CJ,558.84,59,Cynthia Garay,
,I0ETI29943-2,PLANEACION,,M0549197-285,5.5033,11.887128,0.285,3.38783148,NE0807P,SUPERMERCADOS INTERNACIONALES H E B,00807D0011A,ET. HEB FESTEJA A TU MASCOTA,A, 13/02/24, 13/02/24, 20/02/24, 20/02/24, 22/02/24,,,1,-7,2.00,0.00,2.00,26.00,CJ,451.84,59,Cynthia Garay,
*,I0ETI29430-1,PT,OE00049170,,,,,,N11443D,CP PACK,00061I0004A,ETIQ. WARNING LBL-488,C, 25/01/24, 25/01/24, 13/02/24, 13/02/24,13/02/2024,,,20,1,25.00,0.00,25.00,0.00,MI,"1,787.26",182,Clelia Sanchez,
*,I0ETI29431-1,LIB FLXR,OE00049171,,,,,,N10136P,JOSE SALAZAR ROMERO,07935B0010A,ETIQ. TD HOTMELT 4 X 3  R/2000 C/P C-3,C, 25/01/24, 25/01/24, 13/02/24, 13/02/24,13/02/2024,,,20,1,158.00,0.00,158.00,0.00,MI,"23,358.57",182,Clelia Sanchez,
,I0ETI29943-3,PLANEACION,,M0549253-176,135,145.8,0.176,25.6608,NE0807P,SUPERMERCADOS INTERNACIONALES H E B,00807I0068A,HEB PAY DE MANZANA  AZUCAR CONT. 678G,A, 13/02/24, 13/02/24, 20/02/24, 20/02/24, 22/02/24,,,1,-7,1.00,0.00,1.00,4.00,CJ,"1,117.68",59,Cynthia Garay,
,I0ETI29943-4,PLANEACION,,M0151324-220,21.2,45.792,0.22,10.07424,NE0807P,SUPERMERCADOS INTERNACIONALES H E B,00807D0003A,ETIQ HEB TRES LECHES,A, 13/02/24, 13/02/24, 20/02/24, 20/02/24, 22/02/24,,,1,-7,2.00,0.00,2.00,17.00,MI,"1,665.42",59,Cynthia Garay,
,I0ETI29943-5,PLANEACION,,M0549248-220,33.3,107.892,0.22,23.73624,NE0807P,SUPERMERCADOS INTERNACIONALES H E B,00807I0086A,ETIQ. HEB BAKERY CHICA,A, 13/02/24, 13/02/24, 20/02/24, 20/02/24, 22/02/24,,,1,-7,3.00,0.00,3.00,21.00,CJ,"3,576.63",59,Cynthia Garay,
,I0ETI29943-6,PLANEACION,,M0151324-220,21.2,114.48,0.22,25.1856,NE0807P,SUPERMERCADOS INTERNACIONALES H E B,00807D0002B,ETIQ HEB FLAN,A, 13/02/24, 13/02/24, 20/02/24, 20/02/24, 22/02/24,,,1,-7,5.00,0.00,5.00,1.00,MI,"4,163.55",59,Cynthia Garay,
,I0ETI29947-1,PLANEACION,,M0549197-285,5.5033,17.830692,0.285,5.08174722,NE0807P,SUPERMERCADOS INTERNACIONALES H E B,00807D0011A,ET. HEB FESTEJA A TU MASCOTA,A, 13/02/24, 13/02/24, 20/02/24, 20/02/24, 22/02/24,,,1,-7,3.00,0.00,3.00,26.00,CJ,677.76,59,Cynthia Garay,
,I0ETI29947-2,PLANEACION,,M0549248-230,52.4,169.776,0.23,39.04848,NE0807P,SUPERMERCADOS INTERNACIONALES H E B,00807I0085A,ETIQ. HEB BAKERY GRANDE,A, 13/02/24, 13/02/24, 20/02/24, 20/02/24, 22/02/24,,,1,-7,3.00,0.00,3.00,2.00,CJ,"2,628.39",59,Cynthia Garay,
*,I0ETI29442-1,LIB DCR,OE00049218,,,,,,C10596P,COMERCIALIZADORA ELORO,10596B0003B,ETIQ. 60010850 TT 102 X 51 MM BCA,C, 25/01/24, 25/01/24, 16/02/24, 16/02/24,16/02/2024,,,20,-2,"1,000.00",0.00,"1,000.00",0.00,MI,"88,000.00",79,Jaime Blasques,
*,I0ETI29443-1,LIB NP4,OE00049278,,,,,,C10596P,COMERCIALIZADORA ELORO,10596I0007A,ETIQ 60016246 TT 128X113.5 MM VIOLET 744,C, 25/01/24, 25/01/24, 15/02/24, 15/02/24,15/02/2024,,,20,-1,150.00,0.00,150.00,0.00,MI,"33,640.50",79,Jaime Blasques,
,I0ETI29947-3,PLANEACION,,M0151324-220,21.2,137.376,0.22,30.22272,NE0807P,SUPERMERCADOS INTERNACIONALES H E B,00807D0002B,ETIQ HEB FLAN,A, 13/02/24, 13/02/24, 20/02/24, 20/02/24, 22/02/24,,,1,-7,6.00,0.00,6.00,1.00,MI,"4,996.26",59,Cynthia Garay,
,I0ETI29947-4,PLANEACION,,M0549197-230,33.7,36.396,0.23,8.37108,NE0807P,SUPERMERCADOS INTERNACIONALES H E B,00807I0071A,ETIQ. HEB PANADERIA SIN AZUCAR,A, 13/02/24, 13/02/24, 20/02/24, 20/02/24, 22/02/24,,,1,-7,1.00,0.00,1.00,1.00,CJ,640.76,59,Cynthia Garay,
,I0ETI29947-5,PLANEACION,,M0151324-220,21.2,183.168,0.22,40.29696,NE0807P,SUPERMERCADOS INTERNACIONALES H E B,00807D0003A,ETIQ HEB TRES LECHES,A, 13/02/24, 13/02/24, 20/02/24, 20/02/24, 22/02/24,,,1,-7,8.00,0.00,8.00,17.00,MI,"6,661.68",59,Cynthia Garay,
,I0ETI29947-6,PLANEACION,,M0549248-220,33.3,71.928,0.22,15.82416,NE0807P,SUPERMERCADOS INTERNACIONALES H E B,00807I0086A,ETIQ. HEB BAKERY CHICA,A, 13/02/24, 13/02/24, 20/02/24, 20/02/24, 22/02/24,,,1,-7,2.00,0.00,2.00,21.00,CJ,"2,384.42",59,Cynthia Garay,
,I0ETI29662-1,PT,OE00049388,M0034320-215,12.7,3429,0.215,737.235,NE6447P,OPERADORA MERCO,06447I0004A,ETIQ. LOGO VERDE,B, 01/02/24, 01/02/24, 20/02/24, 20/02/24, 22/02/24,,13/2/2024,13,-7,250.00,0.00,250.00,0.00,MI,"30,539.25",59,Cynthia Garay,CITA 14 DE FEBRERO 2024
,I0ETI29662-2,PT,OE00049389,M0151319-325,6.6,1782,0.325,579.15,NE6447P,OPERADORA MERCO,06447B0003A,ROLLO CONTINUO 57MM X 33MTS BASCULA DIGI,C, 01/02/24, 01/02/24, 20/02/24, 20/02/24, 22/02/24,,12/2/2024,13,-7,250.00,0.00,250.00,250.00,RL,"10,182.50",59,Cynthia Garay,CITA 14 DE FEBRERO 2024
,I0ETI29803-1,SORIANA PROCESO,,M0151319-325,157.7,1021.896,0.325,332.1162,NE0742P,TIENDAS SORIANA,10000B0156,ETIQ. TD BERKEL 49 X 65 R/600  C/38 B24,B, 07/02/24, 07/02/24, 20/02/24, 20/02/24, 22/02/24,,,7,-7,6.00,0.00,6.00,-30.00,CJ,"3,810.24",79,Jaime Blasques,GOMEZ PALACIOS TIENDA DIRECTA
*,I0ETI29470-1,RETENIDO,,,,,,,NT8809P,CADENA COMERCIAL OXXO,08809B0001A,KIT ETIQ BOPP 3/4 x 3/4 C/3 R/5000,C, 26/01/24, 26/01/24, 13/02/24, 13/02/24,13/02/2024,,,19,1,10.00,0.00,10.00,0.00,CJ,"16,561.00",8,Ilse de la Fuente,
*,I0ETI29480-1,LIB XEIKON,OE00049500,,,,,,NE0270D,QUIMICA GONCAL,00270I0108A,ETIQ. LIMPIA BAÑOS HCF 750 ML FTE,C, 26/01/24, 26/01/24, 13/02/24, 13/02/24,13/02/2024,,,19,0,10.00,0.00,10.00,0.00,MI,"5,560.49",59,Cynthia Garay,
*,I0ETI29480-2,LIB XEIKON,OE00049501,,,,,,NE0270D,QUIMICA GONCAL,00270I0109A,ETIQ. LIMPIA BAÑOS HCF 750 ML REV,C, 26/01/24, 26/01/24, 13/02/24, 13/02/24,13/02/2024,,,19,0,10.00,0.00,10.00,0.00,MI,"5,560.49",59,Cynthia Garay,
,I0ETI29690-1,LIB XEIKON,OE00049390,M0549142-230,10.05,434.16,0.23,99.8568,N11816P,SONORA AGROPECUARIA,03362I0587A,ETI09071 ET. CHULETA AHUMADA CERDO,C, 02/02/24, 02/02/24, 20/02/24, 20/02/24, 22/02/24,,,12,-7,40.00,0.00,40.00,0.00,MI,"5,706.40",59,Cynthia Garay,
,I0ETI29667-1,LIB 2200,OE00049124,M0549153-215,29,187.92,0.215,40.4028,NE0228P,PAPELERIA ESPAÑOLA DE MATAMOROS,PL1013100,ETIQ. LASER 4 1/4 x 5 1/2 C/100,C, 01/02/24, 02/02/24, 20/02/24, 20/02/24, 22/02/24,,,12,-7,20.00,14.00,6.00,0.00,PQ,"1,126.38",46,#N/A,embarcar en conjunto con consumibles
*,I0ETI29486-1,RETENIDO,,,,,,,PA2285P,ALADINO DE LOS MOCHIS,PL5165100,ETIQ. LASER 8 1/2 X 11 C/100,A, 26/01/24, 26/01/24, 02/02/24, 02/02/24,02/02/2024,,,19,11,100.00,0.00,100.00,120.00,PQ,"23,587.00",72,Arturo Castro,ENVIAR A LA BREVEDAD JUNTO CON EL PEDIDO CONSUMIBLES I0CON62075
*,I0ETI29486-2,RETENIDO,,,,,,,PA2285P,ALADINO DE LOS MOCHIS,PL5160100,ETIQ. LASER 2 5/8 X 1 C/100,A, 26/01/24, 26/01/24, 02/02/24, 02/02/24,02/02/2024,,,19,11,10.00,0.00,10.00,427.00,PQ,"2,358.70",72,Arturo Castro,ENVIAR A LA BREVEDAD JUNTO CON EL PEDIDO CONSUMIBLES I0CON62075
*,I0ETI29496-1,RETENIDO,,,,,,,NE0742P,TIENDAS SORIANA,00742B0171A,ETIQ TD BIZERBA 58X114MM R/280 CAJA C/40,C, 27/01/24, 27/01/24, 15/02/24, 31/01/24,15/02/2024,,,18,-1,3.00,0.00,3.00,-37.00,CJ,"3,046.35",79,Jaime Blasques,SENDERO COLIMA
,CS00005118-2,MP,OE00049227,M0019278-300,"1,933.30",18791.676,0.3,5637.5028,WRIB,ALMACEN ETIQUETAS MONTERREY-MP,PCMI0036A,LEADER AZUL 3005,C, 06/02/24, 06/02/24, 21/02/24, 21/02/24, 23/02/24,,,8,-7,9.00,0.00,9.00,0.00,RL,0.00,,#N/A,
,cs00005132-1,PTE SUAJE LIB FLXR,oe00049363,M0151306-220,312.5,35437.5,0.22,7796.25,TTIJ,ALMACEN ETIQUETAS MONTERREY-MP,50000B0017A,ETIQ. TT 4X3 R-2000 C-3,A, 06/02/24, 06/02/24, 21/02/24, 21/02/24, 23/02/24,,,8,-7,105.00,0.00,105.00,0.00,CJ,"22,989,983.77",,#N/A,
,cs00005132-11,LIB 2200,oe00049373,M0549153-215,6.985,603.504,0.215,129.75336,TTIJ,ALMACEN ETIQUETAS MONTERREY-MP,PL5824-25B,"ETIQ. LASER P/CD 4 1/2"" C/25",A, 06/02/24, 06/02/24, 21/02/24, 21/02/24, 23/02/24,,,8,-7,80.00,0.00,80.00,30.00,PQ,446.62,,#N/A,
,cs00005132-12,LIB NP4,oe00049384,M2644003-254,39.68,25712.64,0.254,6531.01056,TTIJ,ALMACEN ETIQUETAS MONTERREY-MP,10272I0001A,"ETIQ. TD 70GR 3.125"" X 1.25"" R5000 C1 CP",C, 06/02/24, 06/02/24, 21/02/24, 21/02/24, 23/02/24,,,8,-7,600.00,0.00,600.00,0.00,RL,"17,390.19",,#N/A,
,cs00005132-2,LIB FLXR,oe00049364,M0151319-250,57.8,1872.72,0.25,468.18,TTIJ,ALMACEN ETIQUETAS MONTERREY-MP,50000B0024A,ETIQ. TD 2X1 R-1500 C/P C-1,A, 06/02/24, 06/02/24, 21/02/24, 21/02/24, 23/02/24,,,8,-7,30.00,0.00,30.00,9.00,CJ,"2,151.56",,#N/A,
,cs00005132-3,LIB DCR,oe00049365,M0549163-305,6.0452,7834.5792,0.305,2389.546656,TTIJ,ALMACEN ETIQUETAS MONTERREY-MP,50000B0111A,ETIQ BASCULA TIPO CASS BLANCA 57X40 R700,C, 06/02/24, 06/02/24, 21/02/24, 21/02/24, 23/02/24,,,8,-7,"1,200.00",0.00,"1,200.00",0.00,RL,"18,410.25",,#N/A,
,cs00005132-4,LIB FLXR,oe00049366,M0151306-220,19.44,3779.136,0.22,831.40992,TTIJ,ALMACEN ETIQUETAS MONTERREY-MP,11485B0007A,ETIQ TT 4X6 R/250 C/1 C/P,C, 06/02/24, 06/02/24, 21/02/24, 21/02/24, 23/02/24,,,8,-7,180.00,0.00,180.00,0.00,RL,"6,660.00",,#N/A,
*,I0ETI29533-1,RETENIDO,,,,,,,C12144P,RAUL GUZMAN MARTINEZ,SERVICIO DE UBICACION PTETIQ 1,SERVICIO DE UBICACION DE MERCANCIA 1,C, 29/01/24, 29/01/24, 16/02/24, 31/01/24,16/02/2024,,,16,-3,1.00,0.00,1.00,0.00,PZ,137.90,179,Guadalupe Gomar,
,cs00005132-5,LIB FLXR,oe00049367,M0151319-220,77.8,7562.16,0.22,1663.6752,TTIJ,ALMACEN ETIQUETAS MONTERREY-MP,10223B0002A,ETIQUETA TD 4 X 6 R-250 C-1,C, 06/02/24, 06/02/24, 21/02/24, 21/02/24, 23/02/24,,,8,-7,90.00,0.00,90.00,0.00,MI,"13,320.00",,#N/A,
,cs00005132-6,LIB FLXR,oe00049368,M0151306-220,318.9,6888.24,0.22,1515.4128,TTIJ,ALMACEN ETIQUETAS MONTERREY-MP,50000B0013A,ETIQ. TT 4X2 R-3000 C/P C-3,A, 06/02/24, 06/02/24, 21/02/24, 21/02/24, 23/02/24,,,8,-7,20.00,0.00,20.00,36.00,CJ,"3,818,126.61",,#N/A,
,cs00005132-7,LIB FLXR,oe00049369,M7974163-220,15.7,3560.76,0.22,783.3672,TTIJ,ALMACEN ETIQUETAS MONTERREY-MP,08509B0005A,ETIQ. TD 4X4 R-350 C-1 C-P,C, 06/02/24, 06/02/24, 21/02/24, 21/02/24, 23/02/24,,,8,-7,210.00,0.00,210.00,0.00,RL,"6,182.40",,#N/A,
,cs00005132-8,LIB FLXR,oe00049370,M0151306-230,85.7,462.78,0.23,106.4394,TTIJ,ALMACEN ETIQUETAS MONTERREY-MP,50000B0008A,ETIQ. TT 2X1 R-2000 C/P C-1.5,A, 06/02/24, 06/02/24, 21/02/24, 21/02/24, 23/02/24,,,8,-7,5.00,0.00,5.00,12.00,CJ,"31,224.80",,#N/A,
*,I0ETI29555-1,LIB XEIKON,OE00049391,,,,,,NE9195D,GRUPO BIOQUIMICO MEXICANO,09195D1087A,2032866 ETIQ. HOLOGRAMA BIOZYME  TF,D, 30/01/24, 30/01/24, 21/02/24, 21/02/24,21/02/2024,,,15,-7,120.00,0.00,120.00,0.00,MI,"20,598.84",39,Alejandro de Mata,
*,I0ETI29558-1,RETENIDO,,,,,,,NE0742P,TIENDAS SORIANA,00742I0461A,KIT ETIQ. R24UP ANAQUEL ADHESIVA MERCADO,C, 30/01/24, 30/01/24, 17/02/24, 02/02/24,17/02/2024,,,15,-3,1.00,0.00,1.00,4.00,CJ,"1,403.37",79,Jaime Blasques,"SALINAS, EMBARCAR  2 FEBRERO, CITA 6 FEBRERO"
*,I0ETI29560-1,RETENIDO,,,,,,,NE0742P,TIENDAS SORIANA,00742I0461A,KIT ETIQ. R24UP ANAQUEL ADHESIVA MERCADO,C, 30/01/24, 30/01/24, 17/02/24, 02/02/24,17/02/2024,,,15,-3,1.00,0.00,1.00,4.00,CJ,"1,403.37",79,Jaime Blasques,"SALINAS, EMBARCAR  2 FEBRERO, CITA 6 FEBRERO"
*,I0ETI29561-1,RETENIDO,,,,,,,NE0742P,TIENDAS SORIANA,00742I0461A,KIT ETIQ. R24UP ANAQUEL ADHESIVA MERCADO,C, 30/01/24, 30/01/24, 17/02/24, 02/02/24,17/02/2024,,,15,-4,1.00,0.00,1.00,4.00,CJ,"1,403.37",79,Jaime Blasques,"SALINAS, EMBARCAR  2 FEBRERO, CITA 6 FEBRERO"
,cs00005132-9,LIB FLXR,oe00049371,M0151319-220,269.3,4362.66,0.22,959.7852,TTIJ,ALMACEN ETIQUETAS MONTERREY-MP,50000B0002A,ETIQ. TD 4X2 R-2500 C/P C-3,A, 06/02/24, 06/02/24, 21/02/24, 21/02/24, 23/02/24,,,8,-7,15.00,0.00,15.00,30.00,CJ,"7,040.77",,#N/A,
,I0ETI29567-1,LIB XL,OE00049515,M1830251-180,206.5,46834.2,0.18,8430.156,NE2196P,MARIA MARGARITA TREVIÑO FUENTES,02196I0002,ETIQ. 6.5 X 8 IMPRESA A UNA TINTA,B, 30/01/24, 30/01/24, 21/02/24, 21/02/24, 23/02/24,23/2/2024,,15,-7,210.00,0.00,210.00,0.00,MI,"111,135.89",39,Alejandro de Mata,
,I0ETI29342-1,MP,,M0085193-156,9.3,2611.44,0.156,407.38464,N11831P,SHELTER SERVICES DE TAMAULIPAS,10307I0006A,530263-003-00 RE-STAR LABEL,E, 23/01/24, 23/01/24, 20/02/24, 21/02/24, 23/02/24,,,22,-6,260.00,0.00,260.00,0.00,MI,"30,780.25",205,Gabriela Chapa,
,CS00005138-1,PT,OE00049441,M0039145-330,37.042,1200.1608,0.33,396.053064,BLDM,ALMACEN ETIQUETAS MONTERREY-MP,03362I0362A,ETIQ. TERMICA 4 X 4” C/SEG AZUL SELLO TI,B, 12/02/24, 12/02/24, 22/02/24, 22/02/24, 24/02/24,,13/2/2024,2,-8,30.00,0.00,30.00,204.00,MI,"9,491.90",,#N/A,
,CS00005138-2,MP,OE00049442,M0039145-330,37.042,1320.17688,0.33,435.6583704,BLDM,ALMACEN ETIQUETAS MONTERREY-MP,03362I0360A,ETIQ. TERMICA 4 X 4” C/SEG NARANJA SELLO,B, 12/02/24, 12/02/24, 22/02/24, 22/02/24, 24/02/24,,,2,-8,33.00,0.00,33.00,-7.00,MI,"9,599.40",,#N/A,
,CS00005138-3,PT,OE00049443,M0039145-330,37.042,1520.20368,0.33,501.6672144,BLDM,ALMACEN ETIQUETAS MONTERREY-MP,03362I0359A,ETIQ. TERMICA 4 X 4” C/SEG AMARILLA SELL,B, 12/02/24, 12/02/24, 22/02/24, 22/02/24, 24/02/24,,13/2/2024,2,-8,38.00,0.00,38.00,122.00,MI,"11,062.76",,#N/A,
,CS00005138-4,MP,OE00049444,M0039145-330,37.042,40.00536,0.33,13.2017688,BLDM,ALMACEN ETIQUETAS MONTERREY-MP,03362I0361A,ETIQ. TERMICA 4 X 4” C/SEG VERDE SELLO T,B, 12/02/24, 12/02/24, 22/02/24, 22/02/24, 24/02/24,,,2,-8,1.00,0.00,1.00,-38.00,MI,292.76,,#N/A,
,CS00005138-5,PT,OE00049445,M0039145-330,37.042,1520.20368,0.33,501.6672144,BLDM,ALMACEN ETIQUETAS MONTERREY-MP,03362I0357A,ETIQ. TERMICA 4 X 4” C/SEG ROJA SELLO TI,B, 12/02/24, 12/02/24, 22/02/24, 22/02/24, 24/02/24,,13/2/2024,2,-8,38.00,0.00,38.00,115.00,MI,"12,031.62",,#N/A,
,CS00005138-6,PT,OE00049446,M0039145-330,37.042,1360.18224,0.33,448.8601392,BLDM,ALMACEN ETIQUETAS MONTERREY-MP,03362I0358A,ETIQ. TERMICA 4 X 4” C/SEG PLATA SELLO T,B, 12/02/24, 12/02/24, 22/02/24, 22/02/24, 24/02/24,,13/2/2024,2,-8,34.00,0.00,34.00,237.00,MI,"10,567.14",,#N/A,
,CS00005138-7,PT,OE00049447,M0039145-330,37.042,880.11792,0.33,290.4389136,BLDM,ALMACEN ETIQUETAS MONTERREY-MP,03362I0351A,ETIQ. TERMICA 102 X 108MM BCA SELLO TIF,B, 12/02/24, 12/02/24, 22/02/24, 22/02/24, 24/02/24,,13/2/2024,2,-8,22.00,0.00,22.00,142.00,MI,"6,938.76",,#N/A,
,CS00005139-1,MP,OE00049449,M0039145-330,37.042,6720.90048,0.33,2217.897158,BMDA,ALMACEN ETIQUETAS MONTERREY-MP,03362I0360A,ETIQ. TERMICA 4 X 4” C/SEG NARANJA SELLO,B, 12/02/24, 12/02/24, 22/02/24, 22/02/24, 24/02/24,,,2,-8,168.00,0.00,168.00,-7.00,MI,"48,869.67",,#N/A,
,CS00005139-2,PT,OE00049450,M0039145-330,37.042,1920.25728,0.33,633.6849024,BMDA,ALMACEN ETIQUETAS MONTERREY-MP,03362I0359A,ETIQ. TERMICA 4 X 4” C/SEG AMARILLA SELL,B, 12/02/24, 12/02/24, 22/02/24, 22/02/24, 24/02/24,,13/2/2024,2,-8,48.00,0.00,48.00,122.00,MI,"13,974.01",,#N/A,
,CS00005139-3,MP,OE00049451,M0039145-330,37.042,6720.90048,0.33,2217.897158,BMDA,ALMACEN ETIQUETAS MONTERREY-MP,03362I0361A,ETIQ. TERMICA 4 X 4” C/SEG VERDE SELLO T,B, 12/02/24, 12/02/24, 22/02/24, 22/02/24, 24/02/24,,,2,-8,168.00,0.00,168.00,-38.00,MI,"49,184.22",,#N/A,
,CS00005139-4,PT,OE00049452,M0039145-330,37.042,720.09648,0.33,237.6318384,BMDA,ALMACEN ETIQUETAS MONTERREY-MP,03362I0357A,ETIQ. TERMICA 4 X 4” C/SEG ROJA SELLO TI,B, 12/02/24, 12/02/24, 22/02/24, 22/02/24, 24/02/24,,13/2/2024,2,-8,18.00,0.00,18.00,115.00,MI,"5,699.19",,#N/A,
,CS00005139-5,PT,OE00049453,M0039145-330,37.042,6080.81472,0.33,2006.668858,BMDA,ALMACEN ETIQUETAS MONTERREY-MP,03362I0358A,ETIQ. TERMICA 4 X 4” C/SEG PLATA SELLO T,B, 12/02/24, 12/02/24, 22/02/24, 22/02/24, 24/02/24,,13/2/2024,2,-8,152.00,0.00,152.00,237.00,MI,"47,241.33",,#N/A,
,CS00005139-6,PT,OE00049454,M0039145-330,37.042,960.12864,0.33,316.8424512,BMDA,ALMACEN ETIQUETAS MONTERREY-MP,03362I0351A,ETIQ. TERMICA 102 X 108MM BCA SELLO TIF,B, 12/02/24, 12/02/24, 22/02/24, 22/02/24, 24/02/24,,13/2/2024,2,-8,24.00,0.00,24.00,142.00,MI,"7,569.55",,#N/A,
,I0ETI29700-1,LIB XL,OE00049392,M0151306-230,26.19,28.2852,0.23,6.505596,NE6281P,PCM Prueba Industrial,P4385A,ETIQ TT OFERTAZO,C, 03/02/24, 03/02/24, 22/02/24, 22/02/24, 24/02/24,,,11,-8,1.00,0.00,1.00,0.00,MI,0.00,185,#N/A,
,I0ETI29700-2,LIB XL,OE00049407,M0151307-230,26.19,28.2852,0.23,6.505596,NE6281P,PCM Prueba Industrial,P4386A,ETIQ SEMIGLOSS OFERTAZO,C, 03/02/24, 03/02/24, 22/02/24, 22/02/24, 24/02/24,,,11,-8,1.00,0.00,1.00,0.00,MI,0.00,185,#N/A,
,I0ETI29707-1,PT,,M0549153-215,29,1566,0.215,336.69,N11818P,BELKEL DISTRIBUIDORA,PL2113100,"ETQ. LASER 8 1/2"" X 5 1/2"" C/100",A, 03/02/24, 06/02/24, 22/02/24, 22/02/24, 24/02/24,,12/2/2024,8,-9,50.00,0.00,50.00,60.00,PQ,"8,320.88",182,Clelia Sanchez,
,I0ETI29707-2,PT,,M0549153-215,29,31.32,0.215,6.7338,N11818P,BELKEL DISTRIBUIDORA,PL5164100,ETQ. LASER 4 X 3 1/3 C/100,A, 03/02/24, 06/02/24, 22/02/24, 22/02/24, 24/02/24,,,8,-9,1.00,0.00,1.00,110.00,PQ,166.42,182,Clelia Sanchez,
*,I0ETI29593-1,RETENIDO,,,,,,,C10487P,GUILLERMO RAFAEL ZAMBRANO IBARRA,10000B0061,ETIQ. TD 38 X 25 R/3000 C38,C, 31/01/24, 31/01/24, 18/02/24, 17/02/24,18/02/2024,,,14,-4,90.00,0.00,90.00,0.00,RL,"6,886.43",205,Gabriela Chapa,
,I0ETI29707-3,RECHAZADO MIN,OE00049258,M0549153-215,29,31.32,0.215,6.7338,N11818P,BELKEL DISTRIBUIDORA,PL1069100,ETIQ. LASER 4 1/4 X 2 3/4 C100,C, 03/02/24, 06/02/24, 22/02/24, 22/02/24,N/A,,,8,-9,1.00,0.00,1.00,0.00,PQ,166.42,182,Clelia Sanchez,
,I0ETI29850-1,LIB XL,OE00049409,M0151306-225,20.63,2228.04,0.225,501.309,N12321P,EL PALACIO DE HIERRO,12321I0007A,ETIQUETA LPN MORADO 102X38MM,B, 09/02/24, 09/02/24, 22/02/24, 22/02/24, 24/02/24,,,5,-9,100.00,0.00,100.00,0.00,RL,"9,000.00",8,Ilse de la Fuente,
,I0ETI29850-2,PT,OE00049410,M0151306-225,20.63,3342.06,0.225,751.9635,N12321P,EL PALACIO DE HIERRO,12321I0009A,ETIQUETA LPN VERDE LIMON 102X38MM,B, 09/02/24, 09/02/24, 22/02/24, 22/02/24, 24/02/24,,14/2/2024,5,-9,150.00,0.00,150.00,0.00,RL,"13,500.00",8,Ilse de la Fuente,
,I0ETI29850-3,PT,OE00049411,M0151306-225,20.63,1114.02,0.225,250.6545,N12321P,EL PALACIO DE HIERRO,12321I0008A,ETIQUETA LPN AZUL 102X38MM,B, 09/02/24, 09/02/24, 22/02/24, 22/02/24, 24/02/24,,14/2/2024,5,-9,50.00,0.00,50.00,0.00,RL,"4,500.00",8,Ilse de la Fuente,
*,I0ETI29614-1,PDT X DISEÑO,,,,,,,C10622P,RB HEALTH MEXICO,10622B0002A,KIT ETIQ TT 30X14 MM 3-P RIBBON 110X300,C, 31/01/24, 31/01/24, 18/02/24, 17/02/24,18/02/2024,,,14,-5,600.00,0.00,600.00,0.00,MI,"13,500.00",79,Jaime Blasques,
*,I0ETI29615-1,RETENIDOS,,,,,,,CT9222P,RECKITT BENCKISER MEXICO,09222B0007B,"KIT ETIQ 50021854 TT 4""X2"" R3000 C/RIBBO",C, 31/01/24, 31/01/24, 15/04/24, 15/04/24,15/04/2024,,,14,-61,390.00,0.00,390.00,0.00,MI,"41,067.00",79,Jaime Blasques,
*,I0ETI29617-1,LIB NP2 OE00049063,,,,,,,PA2138P,COPPEL,02138I0092A,6884 ETIQUETA FASHION MARKET CELULARES P,C, 31/01/24, 31/01/24, 18/02/24, 17/02/24,18/02/2024,,,14,-5,3.00,0.00,3.00,0.00,PQ,"1,140.81",59,Cynthia Garay,
*,I0ETI29618-1,LIB NP2 OE00049063,,,,,,,PA2138P,COPPEL,02138I0092A,6884 ETIQUETA FASHION MARKET CELULARES P,C, 31/01/24, 31/01/24, 18/02/24, 17/02/24,18/02/2024,,,14,-5,4.00,0.00,4.00,0.00,PQ,"1,521.08",59,Cynthia Garay,
*,I0ETI29620-1,LIB NP2 OE00049063,,,,,,,PA2138P,COPPEL,02138I0092A,6884 ETIQUETA FASHION MARKET CELULARES P,C, 31/01/24, 31/01/24, 18/02/24, 17/02/24,18/02/2024,,,14,-5,3.00,0.00,3.00,0.00,PQ,"1,140.81",59,Cynthia Garay,
*,I0ETI29621-1,LIB NP2 OE00049063,,,,,,,PA2138P,COPPEL,02138I0092A,6884 ETIQUETA FASHION MARKET CELULARES P,C, 31/01/24, 31/01/24, 18/02/24, 17/02/24,18/02/2024,,,14,-5,3.00,0.00,3.00,0.00,PQ,"1,140.81",59,Cynthia Garay,
*,I0ETI29622-1,LIB NP2 OE00049063,,,,,,,PA2138P,COPPEL,02138I0092A,6884 ETIQUETA FASHION MARKET CELULARES P,C, 31/01/24, 31/01/24, 18/02/24, 17/02/24,18/02/2024,,,14,-5,3.00,0.00,3.00,0.00,PQ,"1,140.81",59,Cynthia Garay,
*,I0ETI29623-1,LIB NP2 OE00049063,,,,,,,PA2138P,COPPEL,02138I0092A,6884 ETIQUETA FASHION MARKET CELULARES P,C, 31/01/24, 31/01/24, 18/02/24, 17/02/24,18/02/2024,,,14,-5,3.00,0.00,3.00,0.00,PQ,"1,140.81",59,Cynthia Garay,
*,I0ETI29624-1,LIB NP2 OE00049063,,,,,,,PA2138P,COPPEL,02138I0092A,6884 ETIQUETA FASHION MARKET CELULARES P,C, 31/01/24, 31/01/24, 18/02/24, 17/02/24,18/02/2024,,,14,-5,3.00,0.00,3.00,0.00,PQ,"1,140.81",59,Cynthia Garay,
*,I0ETI29626-1,RETENIDO,,,,,,,NE7141P,SPRAYLAB,07141B0003C,MANGA SELLO DE GARANTIA,E, 31/01/24, 31/01/24, 01/03/24, 28/02/24,01/03/2024,,,14,-17,"1,000.00",0.00,"1,000.00",0.00,MI,"125,286.09",79,Jaime Blasques,
,I0ETI29850-4,PT,OE00049412,M0151306-225,20.63,1114.02,0.225,250.6545,N12321P,EL PALACIO DE HIERRO,12321I0012A,ETIQUETA LPN YELLOW 102X38MM,B, 09/02/24, 09/02/24, 22/02/24, 22/02/24, 24/02/24,,14/2/2024,5,-9,50.00,0.00,50.00,0.00,RL,"4,500.00",8,Ilse de la Fuente,
,I0ETI29850-5,LIB XL,OE00049465,M0151306-225,20.63,1114.02,0.225,250.6545,N12321P,EL PALACIO DE HIERRO,12321I0010A,ETIQUETA LPN ROJO 102X38MM,B, 09/02/24, 09/02/24, 22/02/24, 22/02/24, 24/02/24,,,5,-9,50.00,0.00,50.00,0.00,RL,"4,500.00",8,Ilse de la Fuente,
*,I0ETI29629-1,RETENIDO,,,,,,,NE7141P,SPRAYLAB,07141B0003C,MANGA SELLO DE GARANTIA,E, 31/01/24, 31/01/24, 01/03/24, 01/03/24,01/03/2024,,,14,-17,"1,000.00",0.00,"1,000.00",0.00,MI,"125,286.09",79,Jaime Blasques,
*,I0ETI29629-2,RETENIDO,,,,,,,NE7141P,SPRAYLAB,07141B0004A,MANGA SELLO GARANTIA 48MM ALTURA,E, 31/01/24, 31/01/24, 01/03/24, 01/03/24,01/03/2024,,,14,-17,600.00,0.00,600.00,0.00,MI,"75,171.65",79,Jaime Blasques,
*,I0ETI29629-3,RETENIDO,,,,,,,NE7141P,SPRAYLAB,07141I0153A,MANGA 2PACK KROGER VEGETABLE OIL,E, 31/01/24, 31/01/24, 01/03/24, 01/03/24,01/03/2024,,,14,-17,42.00,0.00,42.00,0.00,MI,"41,155.19",79,Jaime Blasques,
*,I0ETI29629-4,RETENIDO,,,,,,,NE7141P,SPRAYLAB,07141I0154A,MANGA 2PACK SIMPLE TRUTH ORGANIC EVOO,E, 31/01/24, 31/01/24, 01/03/24, 01/03/24,01/03/2024,,,14,-17,30.00,0.00,30.00,0.00,MI,"29,396.56",79,Jaime Blasques,
,I0ETI29850-6,LIB XL,OE00049466,M0151306-225,20.63,1114.02,0.225,250.6545,N12321P,EL PALACIO DE HIERRO,12321I0011A,ETIQUETA LPN ROSA 102X38MM,B, 09/02/24, 09/02/24, 22/02/24, 22/02/24, 24/02/24,,,5,-9,50.00,0.00,50.00,0.00,RL,"4,500.00",8,Ilse de la Fuente,
,I0ETI29851-1,LIB FLXR,OE00049408,M0151306-220,20.63,11140.2,0.22,2450.844,N12321P,EL PALACIO DE HIERRO,12321B0002A,ETIQUETA LPN BLANCA 102X38MM,B, 09/02/24, 09/02/24, 22/02/24, 22/02/24, 24/02/24,,,5,-9,500.00,0.00,500.00,0.00,RL,"37,800.00",8,Ilse de la Fuente,
,I0ETI29852-1,LIB FLXR,OE00049467,M0151306-220,46.67,15121.08,0.22,3326.6376,N12321P,EL PALACIO DE HIERRO,12321B0001A,ETIQ HAND HELD TT 102MM X 152 MM BLANCA,B, 09/02/24, 09/02/24, 22/02/24, 22/02/24, 24/02/24,,,5,-9,300.00,0.00,300.00,0.00,RL,"55,905.00",8,Ilse de la Fuente,
,I0ETI29853-1,LIB XL,OE00049398,M0151306-225,46.67,1512.108,0.225,340.2243,N12321P,EL PALACIO DE HIERRO,12321I0005A,ETIQ HAND HELD 102MM X 152 MM AZUL,B, 09/02/24, 09/02/24, 22/02/24, 22/02/24, 24/02/24,,,5,-9,30.00,0.00,30.00,0.00,RL,"5,590.50",8,Ilse de la Fuente,
,I0ETI29853-2,LIB XL,OE00049399,M0151306-225,46.67,1512.108,0.225,340.2243,N12321P,EL PALACIO DE HIERRO,12321I0006A,ETIQ HAND HELD 102X152 FLOURESCENTEVERDE,B, 09/02/24, 09/02/24, 22/02/24, 22/02/24, 24/02/24,,,5,-9,30.00,0.00,30.00,0.00,RL,"6,486.00",8,Ilse de la Fuente,
,I0ETI29853-3,LIB XL,OE00049401,M0151306-225,46.67,2520.18,0.225,567.0405,N12321P,EL PALACIO DE HIERRO,12321I0002A,ETIQ HAND HELD 102X152 FLOURESCENTE NAR,B, 09/02/24, 09/02/24, 22/02/24, 22/02/24, 24/02/24,,,5,-9,50.00,0.00,50.00,0.00,RL,"10,810.00",8,Ilse de la Fuente,
,I0ETI29853-4,LIB XL,OE00049402,M0151306-225,46.67,1512.108,0.225,340.2243,N12321P,EL PALACIO DE HIERRO,12321I0003A,ETIQ HAND HELD 102MM X 152 MM NARANJA,B, 09/02/24, 09/02/24, 22/02/24, 22/02/24, 24/02/24,,,5,-9,30.00,0.00,30.00,0.00,RL,"5,590.50",8,Ilse de la Fuente,
,I0ETI29853-5,LIB XL,OE00049404,M0151306-225,46.67,2520.18,0.225,567.0405,N12321P,EL PALACIO DE HIERRO,12321I0004A,ETIQ HAND HELD 102MM X 152 MM VERDE,B, 09/02/24, 09/02/24, 22/02/24, 22/02/24, 24/02/24,,,5,-9,50.00,0.00,50.00,0.00,RL,"9,317.50",8,Ilse de la Fuente,
,I0ETI29864-1,LIB XL,OE00049468,M0549196-225,26.99,1748.952,0.225,393.5142,N11248D,ALIMENTOS TRES G,50000I0057A,ETIQ. TT 4 X 2 VERDE R/3000 C/P C-3,B, 09/02/24, 09/02/24, 22/02/24, 22/02/24, 24/02/24,,,5,-9,60.00,0.00,60.00,12.00,MI,"5,009.70",182,Clelia Sanchez,
,I0ETI29865-1,LIB XL,OE00049469,M0549196-225,26.99,1748.952,0.225,393.5142,NE9999P,PCM  (REPROGRAMACIONES),50000I0057A,ETIQ. TT 4 X 2 VERDE R/3000 C/P C-3,B, 09/02/24, 09/02/24, 22/02/24, 22/02/24, 24/02/24,,,5,-9,60.00,0.00,60.00,12.00,MI,0.00,182,Clelia Sanchez,Coordinar entrega con Clelia sanchez
,I0ETI29865-2,PT,,M0549196-225,26.99,1748.952,0.225,393.5142,NE9999P,PCM  (REPROGRAMACIONES),50000I0058A,ETIQ. TT 4 X 2 AMARILLA R/3000 C/P C-3,B, 09/02/24, 09/02/24, 22/02/24, 22/02/24, 24/02/24,,12/2/2024,5,-9,60.00,0.00,60.00,0.00,MI,0.00,182,Clelia Sanchez,Coordinar entrega con Clelia sanchez
,I0ETI29866-1,MP,OE00049417,M0549217-258,5.2,1123.2,0.258,289.7856,CT9527P,PFS DE MEXICO,09527I0019A,ETIQUETA BURGER KING MIERCOLES ROJA,B, 09/02/24, 10/02/24, 22/02/24, 22/02/24, 24/02/24,,,4,-9,200.00,0.00,200.00,0.00,RL,"7,598.00",182,Clelia Sanchez,
,I0ETI29866-2,MP,OE00049418,M0549217-258,5.2,561.6,0.258,144.8928,CT9527P,PFS DE MEXICO,09527I0020A,ETIQUETA BURGER KING JUEVES CAFE,B, 09/02/24, 10/02/24, 22/02/24, 22/02/24, 24/02/24,,,4,-9,100.00,0.00,100.00,0.00,RL,"3,799.00",182,Clelia Sanchez,
,I0ETI29866-3,MP,OE00049419,M0549217-258,5.2,280.8,0.258,72.4464,CT9527P,PFS DE MEXICO,09527I0017A,ETIQUETA BURGER KING LUNES AZUL,B, 09/02/24, 10/02/24, 22/02/24, 22/02/24, 24/02/24,,,4,-9,50.00,0.00,50.00,0.00,RL,"1,899.50",182,Clelia Sanchez,
,I0ETI29866-4,MP,OE00049420,M0549217-258,5.2,673.92,0.258,173.87136,CT9527P,PFS DE MEXICO,09527I0021A,ETIQUETA BURGER KING VIERNES VERDE,B, 09/02/24, 10/02/24, 22/02/24, 22/02/24, 24/02/24,,,4,-9,120.00,0.00,120.00,0.00,RL,"4,558.80",182,Clelia Sanchez,
,I0ETI29866-5,MP,OE00049421,M0549217-258,5.2,561.6,0.258,144.8928,CT9527P,PFS DE MEXICO,09527I0023A,ETIQUETA BURGER KING DOMINGO NEGRO,B, 09/02/24, 10/02/24, 22/02/24, 22/02/24, 24/02/24,,,4,-9,100.00,0.00,100.00,0.00,RL,"3,799.00",182,Clelia Sanchez,
*,I0ETI29676-1,RETENIDO,,,,,,,C10596P,COMERCIALIZADORA ELORO,10596B0003B,ETIQ. 60010850 TT 102 X 51 MM BCA,C, 02/02/24, 02/02/24, 26/02/24, 26/02/24,26/02/2024,,,12,-12,"3,000.00",0.00,"3,000.00",0.00,MI,"264,000.00",79,Jaime Blasques,
*,I0ETI29679-1,RETENIDO,,,,,,,NE6447P,OPERADORA MERCO,06447I0003A,ETIQ. TERMICA DIRECTA DE 4 X 6,C, 02/02/24, 02/02/24, 26/03/24, 26/03/24,26/03/2024,,,12,-41,25.00,0.00,25.00,0.00,MI,"9,389.00",59,Cynthia Garay,Cita 27 marzo 2024
*,I0ETI29679-2,RETENIDO,,,,,,,NE6447P,OPERADORA MERCO,06447I0004A,ETIQ. LOGO VERDE,B, 02/02/24, 02/02/24, 26/03/24, 26/03/24,26/03/2024,,,12,-41,150.00,0.00,150.00,0.00,MI,"18,323.55",59,Cynthia Garay,Cita 27 marzo 2024
*,I0ETI29679-3,RETENIDO,,,,,,,NE6447P,OPERADORA MERCO,06447I0005A,ETIQ. OFERTA,B, 02/02/24, 02/02/24, 26/03/24, 26/03/24,26/03/2024,,,12,-41,150.00,0.00,150.00,0.00,MI,"26,553.15",59,Cynthia Garay,Cita 27 marzo 2024
*,I0ETI29679-4,RETENIDO,,,,,,,NE6447P,OPERADORA MERCO,06447B0003A,ROLLO CONTINUO 57MM X 33MTS BASCULA DIGI,C, 02/02/24, 02/02/24, 26/03/24, 26/03/24,26/03/2024,,,12,-41,250.00,0.00,250.00,250.00,RL,"10,182.50",59,Cynthia Garay,Cita 27 marzo 2024
*,I0ETI29680-1,RETENIDO,,,,,,,NE6447P,OPERADORA MERCO,06447I0003A,ETIQ. TERMICA DIRECTA DE 4 X 6,C, 02/02/24, 02/02/24, 09/04/24, 09/04/24,09/04/2024,,,12,-55,25.00,0.00,25.00,0.00,MI,"9,389.00",59,Cynthia Garay,CITA 10 ABRIL 2024
*,I0ETI29680-2,RETENIDO,,,,,,,NE6447P,OPERADORA MERCO,06447I0004A,ETIQ. LOGO VERDE,B, 02/02/24, 02/02/24, 09/04/24, 09/04/24,09/04/2024,,,12,-55,150.00,0.00,150.00,0.00,MI,"18,323.55",59,Cynthia Garay,CITA 10 ABRIL 2024
*,I0ETI29680-3,RETENIDO,,,,,,,NE6447P,OPERADORA MERCO,06447I0005A,ETIQ. OFERTA,B, 02/02/24, 02/02/24, 09/04/24, 09/04/24,09/04/2024,,,12,-55,150.00,0.00,150.00,0.00,MI,"26,553.15",59,Cynthia Garay,CITA 10 ABRIL 2024
*,I0ETI29680-4,RETENIDO,,,,,,,NE6447P,OPERADORA MERCO,06447B0003A,ROLLO CONTINUO 57MM X 33MTS BASCULA DIGI,C, 02/02/24, 02/02/24, 09/04/24, 09/04/24,09/04/2024,,,12,-55,250.00,0.00,250.00,250.00,RL,"10,182.50",59,Cynthia Garay,CITA 10 ABRIL 2024
,CS00005126-1,LIB XEIKON,OE00049517,M0549196-225,155.58,1344.2112,0.225,302.44752,MTYM,ALMACEN ETIQUETAS MONTERREY-MP,07935I0006B,ETIQ IDEN. P/BLISTER ADOSA 4 X 6,C, 08/02/24, 08/02/24, 23/02/24, 23/02/24, 26/02/24,,,6,-9,8.00,0.00,8.00,0.00,RL,0.00,,#N/A,
,CS00005127-1,LIB XL,OE00049518,M0549196-225,77.78,840.024,0.225,189.0054,MTYM,ALMACEN ETIQUETAS MONTERREY-MP,02742I0001,ETIQ. TT 4 X 6 C/P YELLOW R/1000 C3,C, 08/02/24, 08/02/24, 23/02/24, 23/02/24, 26/02/24,,,6,-9,10.00,0.00,10.00,0.00,MI,"1,617.40",,#N/A,
,CS00005127-3,LIB XEIKON,OE00049516,M0549197-176,40.217,434.3436,0.176,76.4444736,MTYM,ALMACEN ETIQUETAS MONTERREY-MP,07935I0044A,ETIQ. SMART OFFICE B5760M6,C, 08/02/24, 08/02/24, 23/02/24, 23/02/24, 26/02/24,,,6,-9,10.00,0.00,10.00,0.00,MI,0.00,,#N/A,
,CS00005127-4,LIB XL,OE00049514,M0151306-220,78.3,845.64,0.22,186.0408,MTYM,ALMACEN ETIQUETAS MONTERREY-MP,PCMI0065A,ETIQ. TT 4 X 6 C/P P021 R/1000 C3,C, 08/02/24, 08/02/24, 23/02/24, 23/02/24, 26/02/24,,,6,-9,10.00,0.00,10.00,0.00,MI,"1,624.70",,#N/A,
,CS00005127-5,LIB FLXR,OE00049513,M0549196-205,40.481,437.1948,0.205,89.624934,MTYM,ALMACEN ETIQUETAS MONTERREY-MP,PCMB0008A,"ETIQ. BLANCA TT 1.812""X 6.25"" 1 AL PASO",C, 08/02/24, 08/02/24, 23/02/24, 23/02/24, 26/02/24,,,6,-9,10.00,0.00,10.00,20.00,MI,0.00,,#N/A,
*,I0ETI29693-1,RETENIDO,,,,,,,NE0742P,TIENDAS SORIANA,00742I0248A,PLANTILLA UNIFICADA 30X40 C/40 NJA,C, 02/02/24, 02/02/24, 03/03/24, 07/02/24,03/03/2024,,,12,-19,3.00,0.00,3.00,22.00,MI,"3,702.39",79,Jaime Blasques,"SALINAS, EMBARCAR 8 FEBRERO CITA 10 FEBRERO"
*,I0ETI29693-10,RETENIDO,,,,,,,NE0742P,TIENDAS SORIANA,00742I0420B,PLANTILLA 1 UP A SOLO CON PUNTOS P-382,C, 02/02/24, 02/02/24, 03/03/24, 07/02/24,03/03/2024,,,12,-19,7.00,0.00,7.00,-8.00,CJ,"1,728.16",79,Jaime Blasques,"SALINAS, EMBARCAR 8 FEBRERO CITA 10 FEBRERO"
*,I0ETI29693-11,RETENIDO,,,,,,,NE0742P,TIENDAS SORIANA,00742I0406B,PANTILLA DOBLABLE DE PUNTOS 2UP RED 032,C, 02/02/24, 02/02/24, 03/03/24, 07/02/24,03/03/2024,,,12,-19,3.00,0.00,3.00,-1.00,CJ,740.64,79,Jaime Blasques,"SALINAS, EMBARCAR 8 FEBRERO CITA 10 FEBRERO"
*,I0ETI29693-12,RETENIDO,,,,,,,NE0742P,TIENDAS SORIANA,00742I0421B,PLANTILLA 2 UP DOBLABLE A SOLO P-382,C, 02/02/24, 02/02/24, 03/03/24, 07/02/24,03/03/2024,,,12,-19,3.00,0.00,3.00,-3.00,CJ,740.64,79,Jaime Blasques,"SALINAS, EMBARCAR 8 FEBRERO CITA 10 FEBRERO"
*,I0ETI29693-13,RETENIDO,,,,,,,NE0742P,TIENDAS SORIANA,00742I0533A,PLANTILLA 1 UP OFERTA HIPER,C, 02/02/24, 02/02/24, 03/03/24, 07/02/24,03/03/2024,,,12,-19,221.00,0.00,221.00,-504.00,CJ,"54,560.48",79,Jaime Blasques,"SALINAS, EMBARCAR 8 FEBRERO CITA 10 FEBRERO"
*,I0ETI29693-14,RETENIDO,,,,,,,NE0742P,TIENDAS SORIANA,00742I0527A,KIT R 12UP OFERTA RIEL HIPER,C, 02/02/24, 02/02/24, 03/03/24, 07/02/24,03/03/2024,,,12,-19,109.00,0.00,109.00,-322.00,CJ,"60,723.90",79,Jaime Blasques,"SALINAS, EMBARCAR 8 FEBRERO CITA 10 FEBRERO"
*,I0ETI29693-15,RETENIDO,,,,,,,NE0742P,TIENDAS SORIANA,00742I0534A,PLANTILLA 1UP HIPER COMPARA Y AHORRA,C, 02/02/24, 02/02/24, 03/03/24, 07/02/24,03/03/2024,,,12,-19,3.00,0.00,3.00,10.00,CJ,740.64,79,Jaime Blasques,"SALINAS, EMBARCAR 8 FEBRERO CITA 10 FEBRERO"
*,I0ETI29693-16,RETENIDO,,,,,,,NE0742P,TIENDAS SORIANA,00742I0524A,KIT R 6UP OFERTA COMPRE HIPER,C, 02/02/24, 02/02/24, 03/03/24, 07/02/24,03/03/2024,,,12,-19,1.00,0.00,1.00,5.00,CJ,534.55,79,Jaime Blasques,"SALINAS, EMBARCAR 8 FEBRERO CITA 10 FEBRERO"
*,I0ETI29693-17,RETENIDO,,,,,,,NE0742P,TIENDAS SORIANA,00742I0531A,PLANTILLA 1 UP PRECIO NORMAL HIPER,C, 02/02/24, 02/02/24, 03/03/24, 07/02/24,03/03/2024,,,12,-19,100.00,0.00,100.00,-214.00,CJ,"24,688.00",79,Jaime Blasques,"SALINAS, EMBARCAR 8 FEBRERO CITA 10 FEBRERO"
*,I0ETI29693-18,RETENIDO,,,,,,,NE0742P,TIENDAS SORIANA,00742I0529A,KIT R 12UP RIEL PRECIO NORMAL HIPER,C, 02/02/24, 02/02/24, 03/03/24, 07/02/24,03/03/2024,,,12,-19,41.00,0.00,41.00,-63.00,CJ,"22,841.10",79,Jaime Blasques,"SALINAS, EMBARCAR 8 FEBRERO CITA 10 FEBRERO"
*,I0ETI29693-19,RETENIDO,,,,,,,NE0742P,TIENDAS SORIANA,00742I0532A,PLANTILLA 1 UP OFERTA SUPER,C, 02/02/24, 02/02/24, 03/03/24, 07/02/24,03/03/2024,,,12,-19,12.00,0.00,12.00,6.00,CJ,"2,962.56",79,Jaime Blasques,"SALINAS, EMBARCAR 8 FEBRERO CITA 10 FEBRERO"
*,I0ETI29693-2,RETENIDO,,,,,,,NE0742P,TIENDAS SORIANA,00742B0042A,PLANTILLA UNIFICADA 30X40 C/40 BCA,C, 02/02/24, 02/02/24, 03/03/24, 07/02/24,03/03/2024,,,12,-19,24.00,0.00,24.00,27.00,MI,"29,619.12",79,Jaime Blasques,"SALINAS, EMBARCAR 8 FEBRERO CITA 10 FEBRERO"
*,I0ETI29693-20,RETENIDO,,,,,,,NE0742P,TIENDAS SORIANA,00742I0526A,KIT R 12UP OFERTA RIEL SUPER,C, 02/02/24, 02/02/24, 03/03/24, 07/02/24,03/03/2024,,,12,-19,10.00,0.00,10.00,83.00,CJ,"5,571.00",79,Jaime Blasques,"SALINAS, EMBARCAR 8 FEBRERO CITA 10 FEBRERO"
*,I0ETI29693-21,RETENIDO,,,,,,,NE0742P,TIENDAS SORIANA,00742I0530A,PLANTILLA 1UP PRECIO NORMAL SUPER,C, 02/02/24, 02/02/24, 03/03/24, 07/02/24,03/03/2024,,,12,-19,11.00,0.00,11.00,-35.00,CJ,"2,715.68",79,Jaime Blasques,"SALINAS, EMBARCAR 8 FEBRERO CITA 10 FEBRERO"
*,I0ETI29693-22,RETENIDO,,,,,,,NE0742P,TIENDAS SORIANA,00742I0528A,KIT R 12UP RIEL PRECIO NORMAL SUPER,C, 02/02/24, 02/02/24, 03/03/24, 07/02/24,03/03/2024,,,12,-19,6.00,0.00,6.00,2.00,CJ,"3,342.60",79,Jaime Blasques,"SALINAS, EMBARCAR 8 FEBRERO CITA 10 FEBRERO"
*,I0ETI29693-23,RETENIDO,,,,,,,NE0742P,TIENDAS SORIANA,00742I0537A,KIT 24UP ADHESIVA PRECIO LINEA HIPER-S,C, 02/02/24, 02/02/24, 03/03/24, 07/02/24,03/03/2024,,,12,-19,73.00,0.00,73.00,-148.00,CJ,"102,446.01",79,Jaime Blasques,"SALINAS, EMBARCAR 8 FEBRERO CITA 10 FEBRERO"
*,I0ETI29693-24,RETENIDO,,,,,,,NE0742P,TIENDAS SORIANA,00742I0539A,PLANTILLA 1UP REMATES UNICOS,C, 02/02/24, 02/02/24, 03/03/24, 07/02/24,03/03/2024,,,12,-19,3.00,0.00,3.00,-5.00,CJ,740.64,79,Jaime Blasques,"SALINAS, EMBARCAR 8 FEBRERO CITA 10 FEBRERO"
*,I0ETI29693-25,RETENIDO,,,,,,,NE0742P,TIENDAS SORIANA,00742I0538A,KIT R 12UP RIEL REMATES UNICOS,C, 02/02/24, 02/02/24, 03/03/24, 07/02/24,03/03/2024,,,12,-19,4.00,0.00,4.00,54.00,CJ,"2,228.40",79,Jaime Blasques,"SALINAS, EMBARCAR 8 FEBRERO CITA 10 FEBRERO"
*,I0ETI29693-3,RETENIDO,,,,,,,NE0742P,TIENDAS SORIANA,00742B0045A,ETIQ. 1115 BLANCA,C, 02/02/24, 02/02/24, 03/03/24, 07/02/24,03/03/2024,,,12,-19,4.00,0.00,4.00,65.00,CJ,"1,627.72",79,Jaime Blasques,"SALINAS, EMBARCAR 8 FEBRERO CITA 10 FEBRERO"
*,I0ETI29693-4,RETENIDO,,,,,,,NE0742P,TIENDAS SORIANA,00742I0461A,KIT ETIQ. R24UP ANAQUEL ADHESIVA MERCADO,C, 02/02/24, 02/02/24, 03/03/24, 07/02/24,03/03/2024,,,12,-19,10.00,0.00,10.00,4.00,CJ,"14,033.70",79,Jaime Blasques,"SALINAS, EMBARCAR 8 FEBRERO CITA 10 FEBRERO"
*,I0ETI29693-5,RETENIDO,,,,,,,NE0742P,TIENDAS SORIANA,00742I0444A,KIT ETIQUETA COMPARE MERCADO Y RIBBON,C, 02/02/24, 02/02/24, 03/03/24, 07/02/24,03/03/2024,,,12,-19,1.00,0.00,1.00,4.00,CJ,534.55,79,Jaime Blasques,"SALINAS, EMBARCAR 8 FEBRERO CITA 10 FEBRERO"
*,I0ETI29693-6,RETENIDO,,,,,,,NE0742P,TIENDAS SORIANA,00742I0462A,KIT ETIQ. R24UP ANAQUEL ADHESIVA EXPRESS,C, 02/02/24, 02/02/24, 03/03/24, 07/02/24,03/03/2024,,,12,-19,4.00,0.00,4.00,11.00,CJ,"5,613.48",79,Jaime Blasques,"SALINAS, EMBARCAR 8 FEBRERO CITA 10 FEBRERO"
*,I0ETI29693-7,RETENIDO,,,,,,,NE0742P,TIENDAS SORIANA,00742I0509A,PLANTILLA 1UP ULTIMAS OPORTUNIDADES VDE,C, 02/02/24, 02/02/24, 03/03/24, 07/02/24,03/03/2024,,,12,-19,4.00,0.00,4.00,4.00,CJ,987.52,79,Jaime Blasques,"SALINAS, EMBARCAR 8 FEBRERO CITA 10 FEBRERO"
*,I0ETI29693-8,RETENIDO,,,,,,,NE0742P,TIENDAS SORIANA,00742I0423B,PLANTILLA TE REGALA PUNTOS 1UP RED 032,C, 02/02/24, 02/02/24, 03/03/24, 07/02/24,03/03/2024,,,12,-19,4.00,0.00,4.00,2.00,CJ,940.72,79,Jaime Blasques,"SALINAS, EMBARCAR 8 FEBRERO CITA 10 FEBRERO"
*,I0ETI29693-9,RETENIDO,,,,,,,NE0742P,TIENDAS SORIANA,00742I0422B,PLANTILLA TE REGALA PUNTOS 1UP PURPLE,C, 02/02/24, 02/02/24, 03/03/24, 07/02/24,03/03/2024,,,12,-19,3.00,0.00,3.00,5.00,CJ,705.54,79,Jaime Blasques,"SALINAS, EMBARCAR 8 FEBRERO CITA 10 FEBRERO"
*,I0ETI29698-3,RETENIDO,,,,,,,N11205D,GRUPO IDALIMENTOS,11205I0004B,MANGA ADEREZO ITALIANO,E, 03/02/24, 03/02/24, 05/03/24, 29/02/24,05/03/2024,,,11,-20,3.00,0.00,3.00,0.00,MI,"7,928.01",39,Alejandro de Mata,
,I0ETI29467-1,LIB NP4,OE00048900,M0549199-300,82.55,8915.4,0.3,2674.62,NE0969P,EMBOTELLADORA GEYSER,00969I0025C,ETIQ. CIEL BIDON 5 LT.,B, 26/01/24, 26/01/24, 23/02/24, 23/02/24, 26/02/24,,,19,-9,100.00,0.00,100.00,0.00,MI,"96,200.00",79,Jaime Blasques,
,I0ETI29868-1,MP,OE00049424,M0549199-300,82.55,10698.48,0.3,3209.544,NE0969P,EMBOTELLADORA GEYSER,00969I0025C,ETIQ. CIEL BIDON 5 LT.,B, 10/02/24, 10/02/24, 23/02/24, 23/02/24, 26/02/24,,,4,-9,120.00,0.00,120.00,0.00,MI,"115,440.00",79,Jaime Blasques,
,I0ETI29870-1,MP,OE00049422,M0549247-300,82.55,6775.704,0.3,2032.7112,NE0969P,EMBOTELLADORA GEYSER,00969I0023E,ETIQ. DEL VALLE FRUT BIDON 5 LT.,B, 10/02/24, 10/02/24, 23/02/24, 23/02/24, 26/02/24,,,4,-9,76.00,0.00,76.00,0.00,MI,"74,480.00",79,Jaime Blasques,
,CS00005135-1,PLANEACION,OE00049440,M0285230-220,5.08,3291.84,0.22,724.2048,MTYM,ALMACEN ETIQUETAS MONTERREY-MP,07935I0090A,Etiq. cierre de rollo Paper Roll Supplie,C, 09/02/24, 09/02/24, 24/02/24, 24/02/24, 26/02/24,,,5,-10,600.00,0.00,600.00,0.00,MI,0.00,,#N/A,
,I0ETI29788-1,MP,,M0151306-140,0.00228,492.48,0.14,68.9472,D11204D,UNIVERSAL ELECTRONICS INC.,11204B0005A,47006-0034490 BLANK RATING LABEL,B, 07/02/24, 07/02/24, 24/02/24, 24/02/24, 26/02/24,,,7,-10,"200,000.00",0.00,"200,000.00",0.00,PZ,"6,514.99",59,Cynthia Garay,
,I0ETI29797-1,PLANEACION,,M0549153-215,29,626.4,0.215,134.676,N11710P,AZTEC MEDIC,PL5164100,ETQ. LASER 4 X 3 1/3 C/100,A, 07/02/24, 07/02/24, 24/02/24, 24/02/24, 26/02/24,,,7,-10,20.00,0.00,20.00,110.00,PQ,"3,871.27",205,Gabriela Chapa,
,I0ETI29797-2,PLANEACION,,M0549153-215,29,626.4,0.215,134.676,N11710P,AZTEC MEDIC,PL5160100,ETIQ. LASER 2 5/8 X 1 C/100,A, 07/02/24, 07/02/24, 24/02/24, 24/02/24, 26/02/24,,,7,-10,20.00,0.00,20.00,427.00,PQ,"3,871.27",205,Gabriela Chapa,
*,I0ETI29701-1,RETENIDO,,,,,,,NE6447P,OPERADORA MERCO,06447I0003A,ETIQ. TERMICA DIRECTA DE 4 X 6,C, 03/02/24, 03/02/24, 23/04/24, 23/04/24,23/04/2024,,,11,-69,25.00,0.00,25.00,0.00,MI,"9,389.00",59,Cynthia Garay,CITA . 24  ABRIL 2024
*,I0ETI29701-2,RETENIDO,,,,,,,NE6447P,OPERADORA MERCO,06447I0004A,ETIQ. LOGO VERDE,B, 03/02/24, 03/02/24, 23/04/24, 23/04/24,23/04/2024,,,11,-69,150.00,0.00,150.00,0.00,MI,"18,323.55",59,Cynthia Garay,CITA . 24  ABRIL 2024
*,I0ETI29701-3,RETENIDO,,,,,,,NE6447P,OPERADORA MERCO,06447I0005A,ETIQ. OFERTA,B, 03/02/24, 03/02/24, 23/04/24, 23/04/24,23/04/2024,,,11,-69,150.00,0.00,150.00,0.00,MI,"26,553.15",59,Cynthia Garay,CITA . 24  ABRIL 2024
*,I0ETI29701-4,RETENIDO,,,,,,,NE6447P,OPERADORA MERCO,06447B0003A,ROLLO CONTINUO 57MM X 33MTS BASCULA DIGI,C, 03/02/24, 03/02/24, 23/04/24, 23/04/24,23/04/2024,,,11,-69,250.00,0.00,250.00,250.00,RL,"10,182.50",59,Cynthia Garay,CITA . 24  ABRIL 2024
*,I0ETI29702-1,RETENIDO,,,,,,,NE6447P,OPERADORA MERCO,06447I0003A,ETIQ. TERMICA DIRECTA DE 4 X 6,C, 03/02/24, 03/02/24, 07/05/24, 07/05/24,07/05/2024,,,11,-83,25.00,0.00,25.00,0.00,MI,"9,389.00",59,Cynthia Garay,CITA 08 DE MAYO 2024
*,I0ETI29702-2,RETENIDO,,,,,,,NE6447P,OPERADORA MERCO,06447I0004A,ETIQ. LOGO VERDE,B, 03/02/24, 03/02/24, 07/05/24, 07/05/24,07/05/2024,,,11,-83,150.00,0.00,150.00,0.00,MI,"18,323.55",59,Cynthia Garay,CITA 08 DE MAYO 2024
*,I0ETI29702-3,RETENIDO,,,,,,,NE6447P,OPERADORA MERCO,06447I0005A,ETIQ. OFERTA,B, 03/02/24, 03/02/24, 07/05/24, 07/05/24,07/05/2024,,,11,-83,150.00,0.00,150.00,0.00,MI,"26,553.15",59,Cynthia Garay,CITA 08 DE MAYO 2024
*,I0ETI29702-4,RETENIDO,,,,,,,NE6447P,OPERADORA MERCO,06447B0003A,ROLLO CONTINUO 57MM X 33MTS BASCULA DIGI,C, 03/02/24, 03/02/24, 07/05/24, 07/05/24,07/05/2024,,,11,-83,250.00,0.00,250.00,250.00,RL,"10,182.50",59,Cynthia Garay,CITA 08 DE MAYO 2024
*,I0ETI29703-1,RETENIDO,,,,,,,NE6447P,OPERADORA MERCO,06447I0003A,ETIQ. TERMICA DIRECTA DE 4 X 6,C, 03/02/24, 03/02/24, 21/05/24, 21/05/24,21/05/2024,,,11,-97,25.00,0.00,25.00,0.00,MI,"9,389.00",59,Cynthia Garay,CITA 22 MAYO 2024
*,I0ETI29703-2,RETENIDO,,,,,,,NE6447P,OPERADORA MERCO,06447I0004A,ETIQ. LOGO VERDE,B, 03/02/24, 03/02/24, 21/05/24, 21/05/24,21/05/2024,,,11,-97,150.00,0.00,150.00,0.00,MI,"18,323.55",59,Cynthia Garay,CITA 22 MAYO 2024
*,I0ETI29703-3,RETENIDO,,,,,,,NE6447P,OPERADORA MERCO,06447I0005A,ETIQ. OFERTA,B, 03/02/24, 03/02/24, 21/05/24, 21/05/24,21/05/2024,,,11,-97,150.00,0.00,150.00,0.00,MI,"26,553.15",59,Cynthia Garay,CITA 22 MAYO 2024
*,I0ETI29703-4,RETENIDO,,,,,,,NE6447P,OPERADORA MERCO,06447B0003A,ROLLO CONTINUO 57MM X 33MTS BASCULA DIGI,C, 03/02/24, 03/02/24, 21/05/24, 21/05/24,21/05/2024,,,11,-97,250.00,0.00,250.00,250.00,RL,"10,182.50",59,Cynthia Garay,CITA 22 MAYO 2024
*,I0ETI29704-1,RETENIDO,,,,,,,NE6447P,OPERADORA MERCO,06447I0003A,ETIQ. TERMICA DIRECTA DE 4 X 6,C, 03/02/24, 03/02/24, 05/06/24, 05/06/24,05/06/2024,,,11,-112,25.00,0.00,25.00,0.00,MI,"9,389.00",59,Cynthia Garay,CITA 05 DE JUNIO 2024
*,I0ETI29704-2,RETENIDO,,,,,,,NE6447P,OPERADORA MERCO,06447I0004A,ETIQ. LOGO VERDE,B, 03/02/24, 03/02/24, 05/06/24, 05/06/24,05/06/2024,,,11,-112,150.00,0.00,150.00,0.00,MI,"18,323.55",59,Cynthia Garay,CITA 05 DE JUNIO 2024
*,I0ETI29704-3,RETENIDO,,,,,,,NE6447P,OPERADORA MERCO,06447I0005A,ETIQ. OFERTA,B, 03/02/24, 03/02/24, 05/06/24, 05/06/24,05/06/2024,,,11,-112,150.00,0.00,150.00,0.00,MI,"26,553.15",59,Cynthia Garay,CITA 05 DE JUNIO 2024
*,I0ETI29704-4,RETENIDO,,,,,,,NE6447P,OPERADORA MERCO,06447B0003A,ROLLO CONTINUO 57MM X 33MTS BASCULA DIGI,C, 03/02/24, 03/02/24, 05/06/24, 05/06/24,05/06/2024,,,11,-112,250.00,0.00,250.00,250.00,RL,"10,182.50",59,Cynthia Garay,CITA 05 DE JUNIO 2024
*,I0ETI29705-1,RETENIDO,,,,,,,NE6447P,OPERADORA MERCO,06447I0003A,ETIQ. TERMICA DIRECTA DE 4 X 6,C, 03/02/24, 03/02/24, 18/06/24, 18/06/24,18/06/2024,,,11,-125,25.00,0.00,25.00,0.00,MI,"9,389.00",59,Cynthia Garay,CITA 19 JUNIO 2024
*,I0ETI29705-2,RETENIDO,,,,,,,NE6447P,OPERADORA MERCO,06447I0004A,ETIQ. LOGO VERDE,B, 03/02/24, 03/02/24, 18/06/24, 18/06/24,18/06/2024,,,11,-125,150.00,0.00,150.00,0.00,MI,"18,323.55",59,Cynthia Garay,CITA 19 JUNIO 2024
*,I0ETI29705-3,RETENIDO,,,,,,,NE6447P,OPERADORA MERCO,06447I0005A,ETIQ. OFERTA,B, 03/02/24, 03/02/24, 18/06/24, 18/06/24,18/06/2024,,,11,-125,150.00,0.00,150.00,0.00,MI,"26,553.15",59,Cynthia Garay,CITA 19 JUNIO 2024
*,I0ETI29705-4,RETENIDO,,,,,,,NE6447P,OPERADORA MERCO,06447B0003A,ROLLO CONTINUO 57MM X 33MTS BASCULA DIGI,C, 03/02/24, 03/02/24, 18/06/24, 18/06/24,18/06/2024,,,11,-125,250.00,0.00,250.00,250.00,RL,"10,182.50",59,Cynthia Garay,CITA 19 JUNIO 2024
*,I0ETI29706-1,SOLO FACT,,,,,,,N11248D,ALIMENTOS TRES G,11248I0054A,ETIQ. VINAGRETA CHILE & LIMON 440GR,C, 03/02/24, 03/02/24, 22/02/24, 22/02/24,22/02/2024,,,11,-9,18.00,0.00,18.00,0.00,MI,"15,488.00",182,Clelia Sanchez,SOLO FACTURAR SUSTITUYE FAC WEF19189
*,I0ETI29706-2,SOLO FACT,,,,,,,N11248D,ALIMENTOS TRES G,11248I0055A,ETIQ VINAGRETA CITRICOS & JENGIBRE 440GR,C, 03/02/24, 03/02/24, 22/02/24, 22/02/24,22/02/2024,,,11,-9,18.00,0.00,18.00,0.00,MI,"15,488.00",182,Clelia Sanchez,SOLO FACTURAR SUSTITUYE FAC WEF19189
,I0ETI29800-1,PLANEACION,,M0039145-335,19.844,12858.912,0.335,4307.73552,SU5241P,BACHOCO  (MERIDA),03362B0007A,ETIQ. TERMICA 3x3” S/SEG BLANCA,B, 07/02/24, 07/02/24, 24/02/24, 24/02/24, 26/02/24,,,7,-10,600.00,0.00,600.00,518.00,MI,"109,440.00",59,Cynthia Garay,
,I0ETI29710-1,PLANEACION,,M0151234-220,12.6,1973.16,0.22,434.0952,CT8948P,GRUPO MEXBA,08948B0004A,ROLLO CONTINUO TD DE 60MM x 40MTS,C, 06/02/24, 06/02/24, 24/02/24, 24/02/24, 26/02/24,,,8,-10,145.00,0.00,145.00,0.00,RL,"6,065.79",179,Guadalupe Gomar,
,I0ETI29711-1,RECHAZADO MIN,,M0721370-250,88.9,960.12,0.25,240.03,N11248D,ALIMENTOS TRES G,11248I0051A,ETIQ. EL CHARAL HABANERO 415 GR,C, 06/02/24, 06/02/24, 24/02/24, 24/02/24,N/A,,,8,-10,10.00,0.00,10.00,0.00,MI,"8,610.07",182,Clelia Sanchez,
,I0ETI29711-2,RECHAZADO MIN,,M0721370-250,88.9,960.12,0.25,240.03,N11248D,ALIMENTOS TRES G,11248I0050A,ETIQ. EL CHARAL TRADICIONAL 415 GR,C, 06/02/24, 06/02/24, 24/02/24, 24/02/24,N/A,,,8,-10,10.00,0.00,10.00,0.00,MI,"8,610.07",182,Clelia Sanchez,
,I0ETI29716-1,PLANEACION,OE00049438,M0151306-230,77.78,2520.072,0.23,579.61656,BA8990P,COMERCIALIZADORA MAFESA,08990I0003A,ETI TT 4X6 C-P R-1000 C-3 VERDE,C, 06/02/24, 10/02/24, 24/02/24, 24/02/24, 26/02/24,,,4,-10,30.00,0.00,30.00,0.00,MI,"7,041.33",39,Alejandro de Mata,
,I0ETI29722-1,PLANEACION,,M0151306-220,84,29393.28,0.22,6466.5216,NT7189P,HIPOLITO NEVAREZ RODRIGUEZ,07189B0006A,ETIQ. TT 4 X 6.5 C-P C-3 R-900,C, 06/02/24, 06/02/24, 24/02/24, 24/02/24, 26/02/24,,,8,-10,324.00,0.00,324.00,0.00,MI,"68,769.45",179,Guadalupe Gomar,
*,I0ETI29713-1,RETENIDO,,,,,,,N12241D,CTR AUTOMOTIVE PARTS NORTHAMERICA,50000B0015A,ETIQ. TT 4 X 6 C/P R/1000 C-3,A, 06/02/24, 06/02/24, 13/02/24, 13/02/24,13/02/2024,,,8,1,8.00,0.00,8.00,-13.00,CJ,"6,903.14",182,Clelia Sanchez,sustituye a la fac efv126630
,I0ETI29722-2,PLANEACION,,M0151306-220,52.3,5648.4,0.22,1242.648,NT7189P,HIPOLITO NEVAREZ RODRIGUEZ,07189B0008A,ETIQ. TT 4X4 C-P R-1500 C-3,C, 06/02/24, 06/02/24, 24/02/24, 24/02/24, 26/02/24,,,8,-10,100.00,0.00,100.00,0.00,MI,"14,384.40",179,Guadalupe Gomar,
*,I0ETI29718-1,RETENIDO,,,,,,,PA2138P,COPPEL,02138I0063A,ETIQ. TD 49 X 38 LOGO COPPEL,C, 06/02/24, 06/02/24, 24/02/24, 24/02/24,24/02/2024,,,8,-10,90.00,0.00,90.00,0.00,RL,"1,433.70",59,Cynthia Garay,
*,I0ETI29719-1,RETENIDOS,,,,,,,PA2138P,COPPEL,02138I0063A,ETIQ. TD 49 X 38 LOGO COPPEL,C, 06/02/24, 06/02/24, 24/02/24, 24/02/24,24/02/2024,,,8,-10,90.00,0.00,90.00,0.00,RL,"1,433.70",59,Cynthia Garay,
*,I0ETI29720-1,RETENIDOS,,,,,,,PA2138P,COPPEL,02138I0063A,ETIQ. TD 49 X 38 LOGO COPPEL,C, 06/02/24, 06/02/24, 24/02/24, 24/02/24,24/02/2024,,,8,-10,90.00,0.00,90.00,0.00,RL,"1,433.70",59,Cynthia Garay,
*,I0ETI29721-1,RETENIDOS,,,,,,,PA2138P,COPPEL,02138I0063A,ETIQ. TD 49 X 38 LOGO COPPEL,C, 06/02/24, 06/02/24, 24/02/24, 24/02/24,24/02/2024,,,8,-10,90.00,0.00,90.00,0.00,RL,"1,433.70",59,Cynthia Garay,
,I0ETI29729-1,PLANEACION,,M0549331-330,1,97.2,0.33,32.076,PA2138P,COPPEL,02138I0063A,ETIQ. TD 49 X 38 LOGO COPPEL,C, 06/02/24, 06/02/24, 24/02/24, 24/02/24, 26/02/24,,,8,-10,90.00,0.00,90.00,0.00,RL,"1,433.70",59,Cynthia Garay,
,I0ETI29730-1,PLANEACION,OE00049195,M0549331-330,1,194.4,0.33,64.152,PA2138P,COPPEL,02138I0063A,ETIQ. TD 49 X 38 LOGO COPPEL,C, 06/02/24, 06/02/24, 24/02/24, 24/02/24, 26/02/24,,,8,-10,180.00,0.00,180.00,0.00,RL,"2,867.40",59,Cynthia Garay,
*,I0ETI29723-1,RETENIDOS,,,,,,,PA2138P,COPPEL,02138I0063A,ETIQ. TD 49 X 38 LOGO COPPEL,C, 06/02/24, 06/02/24, 24/02/24, 24/02/24,24/02/2024,,,8,-10,90.00,0.00,90.00,0.00,RL,"1,433.70",59,Cynthia Garay,
*,I0ETI29725-1,RETENIDOS,,,,,,,PA2138P,COPPEL,02138I0063A,ETIQ. TD 49 X 38 LOGO COPPEL,C, 06/02/24, 06/02/24, 24/02/24, 24/02/24,24/02/2024,,,8,-10,90.00,0.00,90.00,0.00,RL,"1,433.70",59,Cynthia Garay,
*,I0ETI29726-1,RETENIDOS,,,,,,,PA2138P,COPPEL,02138I0063A,ETIQ. TD 49 X 38 LOGO COPPEL,C, 06/02/24, 06/02/24, 24/02/24, 24/02/24,24/02/2024,,,8,-10,90.00,0.00,90.00,0.00,RL,"1,433.70",59,Cynthia Garay,
*,I0ETI29727-1,RETENIDOS,,,,,,,PA2138P,COPPEL,02138I0063A,ETIQ. TD 49 X 38 LOGO COPPEL,C, 06/02/24, 06/02/24, 24/02/24, 24/02/24,24/02/2024,,,8,-10,90.00,0.00,90.00,0.00,RL,"1,433.70",59,Cynthia Garay,
*,I0ETI29728-1,RETENIDOS,,,,,,,PA2138P,COPPEL,02138I0063A,ETIQ. TD 49 X 38 LOGO COPPEL,C, 06/02/24, 06/02/24, 24/02/24, 24/02/24,24/02/2024,,,8,-10,270.00,0.00,270.00,0.00,RL,"4,301.10",59,Cynthia Garay,
,I0ETI29732-1,PLANEACION,OE00049192,M0549331-330,1,194.4,0.33,64.152,PA2138P,COPPEL,02138I0063A,ETIQ. TD 49 X 38 LOGO COPPEL,C, 06/02/24, 06/02/24, 24/02/24, 24/02/24, 26/02/24,,,8,-10,180.00,0.00,180.00,0.00,RL,"2,867.40",59,Cynthia Garay,
,I0ETI29733-1,PLANEACION,OE00049191,M0549331-330,1,194.4,0.33,64.152,PA2138P,COPPEL,02138I0063A,ETIQ. TD 49 X 38 LOGO COPPEL,C, 06/02/24, 06/02/24, 24/02/24, 24/02/24, 26/02/24,,,8,-10,180.00,0.00,180.00,0.00,RL,"2,867.40",59,Cynthia Garay,
*,I0ETI29731-1,RETENIDO,,,,,,,PA2138P,COPPEL,02138I0063A,ETIQ. TD 49 X 38 LOGO COPPEL,C, 06/02/24, 06/02/24, 24/02/24, 17/02/24,24/02/2024,,,8,-10,180.00,0.00,180.00,0.00,RL,"2,867.40",59,Cynthia Garay,
,I0ETI29786-1,PLANEACION,OE00049268,M0549247-260,67.733,877.81968,0.26,228.2331168,SU5241P,BACHOCO  (MERIDA),05300I0066B,"ETIQ, FILETE DE PIERNA Y MUSLO DE POLLO",C, 07/02/24, 07/02/24, 25/02/24, 24/02/24, 26/02/24,,,7,-11,12.00,0.00,12.00,0.00,MI,"4,549.20",59,Cynthia Garay,
,I0ETI29739-1,PLANEACION,,M3356359-325,14.6,126144,0.325,40996.8,PA2301P,CASA LEY,02301I0011A,ETIQ. OFERTA SUPER LEY CHICA R/500,B, 06/02/24, 06/02/24, 24/02/24, 24/02/24, 26/02/24,,,8,-11,"8,000.00",0.00,"8,000.00",0.00,RL,"476,880.00",59,Cynthia Garay,CITA : 26 FEB 2024
*,I0ETI29734-1,RETENIDO,,,,,,,BA3362P,BACHOCO ( CELAYA ),03362B0007A,ETIQ. TERMICA 3x3” S/SEG BLANCA,B, 06/02/24, 06/02/24, 18/02/24, 07/02/24,18/02/2024,,,8,-4,96.00,0.00,96.00,518.00,MI,"17,510.40",59,Cynthia Garay,CONSIGNACIÓN SOLO FACTURAR
*,I0ETI29734-2,RETENIDO,,,,,,,BA3362P,BACHOCO ( CELAYA ),03362B0005A,ETI. TERMICA FECHA DE CADUCIDAD,B, 06/02/24, 06/02/24, 18/02/24, 07/02/24,18/02/2024,,,8,-4,24.00,0.00,24.00,-160.00,MI,587.04,59,Cynthia Garay,CONSIGNACIÓN SOLO FACTURAR
*,I0ETI29734-3,RETENIDO,,,,,,,BA3362P,BACHOCO ( CELAYA ),03362B0003A,ETIQ. BCA. TOTE 4 X 4 1/4 RESPALDO LAM,B, 06/02/24, 06/02/24, 18/02/24, 07/02/24,18/02/2024,,,8,-4,100.00,0.00,100.00,-198.00,MI,"39,995.00",59,Cynthia Garay,CONSIGNACIÓN SOLO FACTURAR
*,I0ETI29734-4,RETENIDO,,,,,,,BA3362P,BACHOCO ( CELAYA ),03362I0362A,ETIQ. TERMICA 4 X 4” C/SEG AZUL SELLO TI,B, 06/02/24, 06/02/24, 18/02/24, 07/02/24,18/02/2024,,,8,-4,60.00,0.00,60.00,204.00,MI,"22,515.00",59,Cynthia Garay,CONSIGNACIÓN SOLO FACTURAR
*,I0ETI29734-5,RETENIDO,,,,,,,BA3362P,BACHOCO ( CELAYA ),03362I0360A,ETIQ. TERMICA 4 X 4” C/SEG NARANJA SELLO,B, 06/02/24, 06/02/24, 18/02/24, 07/02/24,18/02/2024,,,8,-4,60.00,0.00,60.00,-7.00,MI,"22,515.00",59,Cynthia Garay,CONSIGNACIÓN SOLO FACTURAR
*,I0ETI29734-6,RETENIDO,,,,,,,BA3362P,BACHOCO ( CELAYA ),03362I0359A,ETIQ. TERMICA 4 X 4” C/SEG AMARILLA SELL,B, 06/02/24, 06/02/24, 18/02/24, 07/02/24,18/02/2024,,,8,-4,60.00,0.00,60.00,122.00,MI,"22,515.00",59,Cynthia Garay,CONSIGNACIÓN SOLO FACTURAR
*,I0ETI29734-7,RETENIDO,,,,,,,BA3362P,BACHOCO ( CELAYA ),03362I0361A,ETIQ. TERMICA 4 X 4” C/SEG VERDE SELLO T,B, 06/02/24, 06/02/24, 18/02/24, 07/02/24,18/02/2024,,,8,-4,60.00,0.00,60.00,-38.00,MI,"22,515.00",59,Cynthia Garay,CONSIGNACIÓN SOLO FACTURAR
*,I0ETI29734-8,RETENIDO,,,,,,,BA3362P,BACHOCO ( CELAYA ),03362I0357A,ETIQ. TERMICA 4 X 4” C/SEG ROJA SELLO TI,B, 06/02/24, 06/02/24, 18/02/24, 07/02/24,18/02/2024,,,8,-4,60.00,0.00,60.00,115.00,MI,"22,515.00",59,Cynthia Garay,CONSIGNACIÓN SOLO FACTURAR
*,I0ETI29734-9,RETENIDO,,,,,,,BA3362P,BACHOCO ( CELAYA ),03362I0358A,ETIQ. TERMICA 4 X 4” C/SEG PLATA SELLO T,B, 06/02/24, 06/02/24, 18/02/24, 07/02/24,18/02/2024,,,8,-5,60.00,0.00,60.00,237.00,MI,"22,515.00",59,Cynthia Garay,CONSIGNACIÓN SOLO FACTURAR
,I0ETI29739-2,PLANEACION,,M0044351-240,19.2,8294.4,0.24,1990.656,PA2301P,CASA LEY,02301I0013A,CART CASA LEY FLECHA ROJA 102X203MM R200,B, 06/02/24, 06/02/24, 24/02/24, 24/02/24, 26/02/24,,,8,-11,400.00,0.00,400.00,0.00,RL,"35,540.00",59,Cynthia Garay,CITA : 26 FEB 2024
,I0ETI29739-3,PLANEACION,,M0044362-325,28.6,9266.4,0.325,3011.58,PA2301P,CASA LEY,02301I0016A,ETIQ CART BENEFICIOS LEY,C, 06/02/24, 06/02/24, 24/02/24, 24/02/24, 26/02/24,,,8,-11,300.00,0.00,300.00,0.00,PZ,"40,284.00",59,Cynthia Garay,CITA : 26 FEB 2024
,I0ETI29741-1,PLANEACION,,M0549142-225,103.18,4457.376,0.225,1002.9096,BA3362P,BACHOCO ( CELAYA ),03362I0318C,ETIQ. FILETE MARIPOSA AR 12K CELAYA,C, 06/02/24, 06/02/24, 24/02/24, 24/02/24, 26/02/24,,,8,-11,40.00,0.00,40.00,0.00,MI,"27,268.00",59,Cynthia Garay,
,I0ETI29789-1,PLANEACION,OE00049269,M1830236-255,46.56,5028.48,0.255,1282.2624,CT9222P,RECKITT BENCKISER MEXICO,09222I0031A,ETIQ. 3097078 HARPIC ANTI-HONGOS 650 ML.,C, 07/02/24, 07/02/24, 25/02/24, 24/02/24, 26/02/24,,,7,-12,100.00,0.00,100.00,0.00,MI,"32,882.00",79,Jaime Blasques,PEDIDO DE REPOSICIÓN DE MATERIAL RECHAZADO LIGADO AL AVISO DE QUEJA FOLIO 180479
,I0ETI29752-1,PLANEACION,,M0549204-325,13.49,8741.52,0.325,2840.994,N11127D,CYNTHIA GABRIELA GARCIA ALEMAN,11127I0004A,ETIQ. TT 3 X 2 AZUL R/3000 C/P C-3,C, 06/02/24, 06/02/24, 24/02/24, 24/02/24, 26/02/24,,,8,-11,600.00,0.00,600.00,0.00,MI,"37,238.29",182,Clelia Sanchez,
,I0ETI29753-1,PLANEACION,OE00049259,M3356356-280,317.5,6858,0.28,1920.24,NE6464D,TERMO PUERTAS AJUSTABLES,06464I0005A,ETIQ. PUERTA DE MADERA HD LISA,C, 06/02/24, 06/02/24, 24/02/24, 24/02/24, 26/02/24,,,8,-11,20.00,0.00,20.00,0.00,MI,"38,133.24",182,Clelia Sanchez,
,I0ETI29753-2,PLANEACION,OE00049260,M3356356-280,317.5,10287,0.28,2880.36,NE6464D,TERMO PUERTAS AJUSTABLES,06464I0006A,ETIQ. PUERTA DE MADERA HD DISEÑO,C, 06/02/24, 06/02/24, 24/02/24, 24/02/24, 26/02/24,,,8,-11,30.00,0.00,30.00,0.00,MI,"57,199.86",182,Clelia Sanchez,
,I0ETI29938-1,PLANEACION,,M0549142-245/M0151226-250,114.3,2468.88,0.245,604.8756,NE3330P,QUALTIA ALIMENTOS OPERACIONES,03330I0027D,ETIQ. B6846 JAMON VIRGINIA ZWAN BIO,B, 13/02/24, 13/02/24, 25/02/24, 24/02/24, 26/02/24,,,1,-12,20.00,0.00,20.00,1.00,MI,"40,330.00",79,Jaime Blasques,
,I0ETI29792-1,PLANEACION,,M0549247-240,35.27,3047.328,0.24,731.35872,SU8327D,EMPACADORA CIANCA,08327I0002A,ETIQ CHISTORRA CERDO GUS Venta a granel,C, 07/02/24, 07/02/24, 25/02/24, 24/02/24, 26/02/24,,,7,-12,80.00,0.00,80.00,0.00,MI,"25,703.33",201,Sonia Segura,
,I0ETI29792-2,PLANEACION,,M0549247-240,35.27,3047.328,0.24,731.35872,SU8327D,EMPACADORA CIANCA,08327I0001A,ETIQ CHORIZO ARGENTINOGUS Venta a granel,C, 07/02/24, 07/02/24, 25/02/24, 24/02/24, 26/02/24,,,7,-12,80.00,0.00,80.00,0.00,MI,"25,703.33",201,Sonia Segura,
,I0ETI29758-1,LIB FLXR,OE00049511,M0549247-220,81.4,2109.888,0.22,464.17536,NE5388D,ID GLOBAL SOLUTIONS,05388B0011B,ETIQ. PC000037 BOPP 4 X 1 R-5700 C-3,C, 06/02/24, 06/02/24, 24/02/24, 24/02/24, 26/02/24,26/2/2024,,8,-11,24.00,0.00,24.00,0.00,RL,"11,912.14",39,Alejandro de Mata,
,I0ETI29801-1,PLANEACION,OE00049504,M0549163-325,16.78,90612,0.325,29448.9,CT7319P,ROYAL OFFICE DE MEXICO,07319I0001A,ETIQ. TD QUANTUM 57X45 R1600 C-69 B/16,C, 07/02/24, 13/02/24, 25/02/24, 24/02/24, 26/02/24,,,1,-12,"5,000.00",0.00,"5,000.00",0.00,RL,"319,400.00",7,Ana Rebeca Reyes,
,I0ETI29804-1,PLANEACION,OE00049503,M3356359-325,14.86,80244,0.325,26079.3,CT7319P,ROYAL OFFICE DE MEXICO,07319I0002A,ETIQUETA OFERTA SUPER LEY CHICA,C, 07/02/24, 13/02/24, 25/02/24, 24/02/24, 26/02/24,,,1,-12,"5,000.00",0.00,"5,000.00",0.00,RL,"267,500.00",7,Ana Rebeca Reyes,
,I0ETI29807-1,PT,,M0549224-145,29.8,32.184,0.145,4.66668,NE0742P,TIENDAS SORIANA,00742B0039A,ETIQUETA ELECTRONICA 66X10MM R1000,C, 07/02/24, 07/02/24, 25/02/24, 24/02/24, 26/02/24,,,7,-12,1.00,0.00,1.00,0.00,CJ,561.39,79,Jaime Blasques,"SALINAS, EMBARCAR 17 FEBRERO, CITA 20 FEBRERO"
,I0ETI29765-1,PLANEACION,OE00049385,M0151306-170,142.4,6151.68,0.17,1045.7856,N12393P,G.A. SUPPORT,12393I0001A,"ETIQ TT 6 X 8"" R-690 C-3"" 1T",C, 06/02/24, 09/02/24, 24/02/24, 24/02/24, 26/02/24,,,5,-11,40.00,0.00,40.00,0.00,RL,"15,155.91",205,Gabriela Chapa,NO ENVIAR CON LOGOTIPOS DE PCM
*,I0ETI29760-1,RETENIDO,,,,,,,NE0742P,TIENDAS SORIANA,00742I0533A,PLANTILLA 1 UP OFERTA HIPER,C, 06/02/24, 06/02/24, 06/03/24, 14/02/24,06/03/2024,,,8,-22,53.00,0.00,53.00,-504.00,CJ,"13,084.64",79,Jaime Blasques,"GUADALAJARA,  EMBARCAR  17 MFEBRERO, CITA 20 FEBRERO"
*,I0ETI29760-2,RETENIDO,,,,,,,NE0742P,TIENDAS SORIANA,00742I0527A,KIT R 12UP OFERTA RIEL HIPER,C, 06/02/24, 06/02/24, 06/03/24, 14/02/24,06/03/2024,,,8,-22,39.00,0.00,39.00,-322.00,CJ,"21,726.90",79,Jaime Blasques,"GUADALAJARA,  EMBARCAR  17 MFEBRERO, CITA 20 FEBRERO"
*,I0ETI29760-3,RETENIDO,,,,,,,NE0742P,TIENDAS SORIANA,00742I0531A,PLANTILLA 1 UP PRECIO NORMAL HIPER,C, 06/02/24, 06/02/24, 06/03/24, 14/02/24,06/03/2024,,,8,-22,29.00,0.00,29.00,-214.00,CJ,"7,159.52",79,Jaime Blasques,"GUADALAJARA,  EMBARCAR  17 MFEBRERO, CITA 20 FEBRERO"
*,I0ETI29760-4,RETENIDO,,,,,,,NE0742P,TIENDAS SORIANA,00742I0529A,KIT R 12UP RIEL PRECIO NORMAL HIPER,C, 06/02/24, 06/02/24, 06/03/24, 14/02/24,06/03/2024,,,8,-22,13.00,0.00,13.00,-63.00,CJ,"7,242.30",79,Jaime Blasques,"GUADALAJARA,  EMBARCAR  17 MFEBRERO, CITA 20 FEBRERO"
*,I0ETI29760-5,RETENIDO,,,,,,,NE0742P,TIENDAS SORIANA,00742I0532A,PLANTILLA 1 UP OFERTA SUPER,C, 06/02/24, 06/02/24, 06/03/24, 14/02/24,06/03/2024,,,8,-22,9.00,0.00,9.00,6.00,CJ,"2,221.92",79,Jaime Blasques,"GUADALAJARA,  EMBARCAR  17 MFEBRERO, CITA 20 FEBRERO"
*,I0ETI29761-1,RETENIDO,,,,,,,NE0742P,TIENDAS SORIANA,00742I0533A,PLANTILLA 1 UP OFERTA HIPER,C, 06/02/24, 06/02/24, 06/03/24, 06/03/24,06/03/2024,,,8,-22,53.00,0.00,53.00,-504.00,CJ,"13,084.64",79,Jaime Blasques,"GUADALAJARA,  EMBARCAR  17 MFEBRERO, CITA 20 FEBRERO"
*,I0ETI29761-10,RETENIDO,,,,,,,NE0742P,TIENDAS SORIANA,00742I0589A,KIT R 12UP RIEL MERCADO BCA LISA,C, 06/02/24, 06/02/24, 06/03/24, 06/03/24,06/03/2024,,,8,-22,4.00,0.00,4.00,10.00,CJ,"1,848.00",79,Jaime Blasques,"GUADALAJARA,  EMBARCAR  17 MFEBRERO, CITA 20 FEBRERO"
*,I0ETI29761-11,RETENIDO,,,,,,,NE0742P,TIENDAS SORIANA,00742I0588A,KIT R 12UP RIEL LISA AMARILLA,E, 06/02/24, 06/02/24, 06/03/24, 06/03/24,06/03/2024,,,8,-22,7.00,0.00,7.00,-57.00,CJ,"3,290.00",79,Jaime Blasques,"GUADALAJARA,  EMBARCAR  17 MFEBRERO, CITA 20 FEBRERO"
*,I0ETI29761-2,RETENIDO,,,,,,,NE0742P,TIENDAS SORIANA,00742I0527A,KIT R 12UP OFERTA RIEL HIPER,C, 06/02/24, 06/02/24, 06/03/24, 06/03/24,06/03/2024,,,8,-22,39.00,0.00,39.00,-322.00,CJ,"21,726.90",79,Jaime Blasques,"GUADALAJARA,  EMBARCAR  17 MFEBRERO, CITA 20 FEBRERO"
*,I0ETI29761-3,RETENIDO,,,,,,,NE0742P,TIENDAS SORIANA,00742I0531A,PLANTILLA 1 UP PRECIO NORMAL HIPER,C, 06/02/24, 06/02/24, 06/03/24, 06/03/24,06/03/2024,,,8,-22,29.00,0.00,29.00,-214.00,CJ,"7,159.52",79,Jaime Blasques,"GUADALAJARA,  EMBARCAR  17 MFEBRERO, CITA 20 FEBRERO"
*,I0ETI29761-4,RETENIDO,,,,,,,NE0742P,TIENDAS SORIANA,00742I0529A,KIT R 12UP RIEL PRECIO NORMAL HIPER,C, 06/02/24, 06/02/24, 06/03/24, 06/03/24,06/03/2024,,,8,-22,13.00,0.00,13.00,-63.00,CJ,"7,242.30",79,Jaime Blasques,"GUADALAJARA,  EMBARCAR  17 MFEBRERO, CITA 20 FEBRERO"
*,I0ETI29761-5,RETENIDO,,,,,,,NE0742P,TIENDAS SORIANA,00742I0532A,PLANTILLA 1 UP OFERTA SUPER,C, 06/02/24, 06/02/24, 06/03/24, 06/03/24,06/03/2024,,,8,-22,9.00,0.00,9.00,6.00,CJ,"2,221.92",79,Jaime Blasques,"GUADALAJARA,  EMBARCAR  17 MFEBRERO, CITA 20 FEBRERO"
*,I0ETI29761-6,RETENIDO,,,,,,,NE0742P,TIENDAS SORIANA,00742I0530A,PLANTILLA 1UP PRECIO NORMAL SUPER,C, 06/02/24, 06/02/24, 06/03/24, 06/03/24,06/03/2024,,,8,-22,6.00,0.00,6.00,-35.00,CJ,"1,481.28",79,Jaime Blasques,"GUADALAJARA,  EMBARCAR  17 MFEBRERO, CITA 20 FEBRERO"
*,I0ETI29761-7,RETENIDO,,,,,,,NE0742P,TIENDAS SORIANA,00742I0537A,KIT 24UP ADHESIVA PRECIO LINEA HIPER-S,C, 06/02/24, 06/02/24, 06/03/24, 06/03/24,06/03/2024,,,8,-22,29.00,0.00,29.00,-148.00,CJ,"40,697.73",79,Jaime Blasques,"GUADALAJARA,  EMBARCAR  17 MFEBRERO, CITA 20 FEBRERO"
*,I0ETI29761-8,RETENIDO,,,,,,,NE0742P,TIENDAS SORIANA,00742I0539A,PLANTILLA 1UP REMATES UNICOS,C, 06/02/24, 06/02/24, 06/03/24, 06/03/24,06/03/2024,,,8,-22,1.00,0.00,1.00,-5.00,CJ,246.88,79,Jaime Blasques,"GUADALAJARA,  EMBARCAR  17 MFEBRERO, CITA 20 FEBRERO"
*,I0ETI29761-9,RETENIDO,,,,,,,NE0742P,TIENDAS SORIANA,00742I0540A,PLANTILLA 1UP OUTLET,C, 06/02/24, 06/02/24, 06/03/24, 06/03/24,06/03/2024,,,8,-22,1.00,0.00,1.00,3.00,CJ,246.88,79,Jaime Blasques,"GUADALAJARA,  EMBARCAR  17 MFEBRERO, CITA 20 FEBRERO"
*,I0ETI29764-1,RETENIDO,,,,,,,NE0742P,TIENDAS SORIANA,00742B0042A,PLANTILLA UNIFICADA 30X40 C/40 BCA,C, 06/02/24, 06/02/24, 06/03/24, 06/03/24,06/03/2024,,,8,-22,1.00,0.00,1.00,27.00,MI,"1,234.13",79,Jaime Blasques,"QUERETARO, EMBARCAR 17 FEBRERO, CITA 20 FEBRERO"
*,I0ETI29764-10,RETENIDO,,,,,,,NE0742P,TIENDAS SORIANA,00742I0531A,PLANTILLA 1 UP PRECIO NORMAL HIPER,C, 06/02/24, 06/02/24, 06/03/24, 06/03/24,06/03/2024,,,8,-22,28.00,0.00,28.00,-214.00,CJ,"6,912.64",79,Jaime Blasques,"QUERETARO, EMBARCAR 17 FEBRERO, CITA 20 FEBRERO"
*,I0ETI29764-11,RETENIDO,,,,,,,NE0742P,TIENDAS SORIANA,00742I0529A,KIT R 12UP RIEL PRECIO NORMAL HIPER,C, 06/02/24, 06/02/24, 06/03/24, 06/03/24,06/03/2024,,,8,-22,7.00,0.00,7.00,-63.00,CJ,"3,899.70",79,Jaime Blasques,"QUERETARO, EMBARCAR 17 FEBRERO, CITA 20 FEBRERO"
*,I0ETI29764-12,RETENIDO,,,,,,,NE0742P,TIENDAS SORIANA,00742I0532A,PLANTILLA 1 UP OFERTA SUPER,C, 06/02/24, 06/02/24, 06/03/24, 06/03/24,06/03/2024,,,8,-22,33.00,0.00,33.00,6.00,CJ,"8,147.04",79,Jaime Blasques,"QUERETARO, EMBARCAR 17 FEBRERO, CITA 20 FEBRERO"
*,I0ETI29764-13,RETENIDO,,,,,,,NE0742P,TIENDAS SORIANA,00742I0526A,KIT R 12UP OFERTA RIEL SUPER,C, 06/02/24, 06/02/24, 06/03/24, 06/03/24,06/03/2024,,,8,-22,4.00,0.00,4.00,83.00,CJ,"2,228.40",79,Jaime Blasques,"QUERETARO, EMBARCAR 17 FEBRERO, CITA 20 FEBRERO"
*,I0ETI29764-14,RETENIDO,,,,,,,NE0742P,TIENDAS SORIANA,00742I0530A,PLANTILLA 1UP PRECIO NORMAL SUPER,C, 06/02/24, 06/02/24, 06/03/24, 06/03/24,06/03/2024,,,8,-22,17.00,0.00,17.00,-35.00,CJ,"4,196.96",79,Jaime Blasques,"QUERETARO, EMBARCAR 17 FEBRERO, CITA 20 FEBRERO"
*,I0ETI29764-15,RETENIDO,,,,,,,NE0742P,TIENDAS SORIANA,00742I0537A,KIT 24UP ADHESIVA PRECIO LINEA HIPER-S,C, 06/02/24, 06/02/24, 06/03/24, 06/03/24,06/03/2024,,,8,-22,23.00,0.00,23.00,-148.00,CJ,"32,277.51",79,Jaime Blasques,"QUERETARO, EMBARCAR 17 FEBRERO, CITA 20 FEBRERO"
*,I0ETI29764-16,RETENIDO,,,,,,,NE0742P,TIENDAS SORIANA,00742I0528A,KIT R 12UP RIEL PRECIO NORMAL SUPER,C, 06/02/24, 06/02/24, 06/03/24, 06/03/24,06/03/2024,,,8,-22,1.00,0.00,1.00,2.00,CJ,557.10,79,Jaime Blasques,"QUERETARO, EMBARCAR 17 FEBRERO, CITA 20 FEBRERO"
*,I0ETI29764-17,RETENIDO,,,,,,,NE0742P,TIENDAS SORIANA,00742I0539A,PLANTILLA 1UP REMATES UNICOS,C, 06/02/24, 06/02/24, 06/03/24, 06/03/24,06/03/2024,,,8,-22,1.00,0.00,1.00,-5.00,CJ,246.88,79,Jaime Blasques,"QUERETARO, EMBARCAR 17 FEBRERO, CITA 20 FEBRERO"
*,I0ETI29764-18,RETENIDO,,,,,,,NE0742P,TIENDAS SORIANA,00742I0538A,KIT R 12UP RIEL REMATES UNICOS,C, 06/02/24, 06/02/24, 06/03/24, 06/03/24,06/03/2024,,,8,-22,1.00,0.00,1.00,54.00,CJ,557.10,79,Jaime Blasques,"QUERETARO, EMBARCAR 17 FEBRERO, CITA 20 FEBRERO"
*,I0ETI29764-19,RETENIDO,,,,,,,NE0742P,TIENDAS SORIANA,00742I0589A,KIT R 12UP RIEL MERCADO BCA LISA,C, 06/02/24, 06/02/24, 06/03/24, 06/03/24,06/03/2024,,,8,-22,2.00,0.00,2.00,10.00,CJ,924.00,79,Jaime Blasques,"QUERETARO, EMBARCAR 17 FEBRERO, CITA 20 FEBRERO"
*,I0ETI29764-2,RETENIDO,,,,,,,NE0742P,TIENDAS SORIANA,00742I0359A,ETIQ. ELECTR. AMARILLA 66 X 10 MM R-1000,C, 06/02/24, 06/02/24, 06/03/24, 06/03/24,06/03/2024,,,8,-22,1.00,0.00,1.00,0.00,CJ,561.39,79,Jaime Blasques,"QUERETARO, EMBARCAR 17 FEBRERO, CITA 20 FEBRERO"
*,I0ETI29764-20,RETENIDO,,,,,,,NE0742P,TIENDAS SORIANA,00742I0588A,KIT R 12UP RIEL LISA AMARILLA,E, 06/02/24, 06/02/24, 06/03/24, 06/03/24,06/03/2024,,,8,-22,12.00,0.00,12.00,-57.00,CJ,"5,640.00",79,Jaime Blasques,"QUERETARO, EMBARCAR 17 FEBRERO, CITA 20 FEBRERO"
*,I0ETI29764-3,RETENIDO,,,,,,,NE0742P,TIENDAS SORIANA,00742I0461A,KIT ETIQ. R24UP ANAQUEL ADHESIVA MERCADO,C, 06/02/24, 06/02/24, 06/03/24, 06/03/24,06/03/2024,,,8,-22,3.00,0.00,3.00,4.00,CJ,"4,210.11",79,Jaime Blasques,"QUERETARO, EMBARCAR 17 FEBRERO, CITA 20 FEBRERO"
*,I0ETI29764-4,RETENIDO,,,,,,,NE0742P,TIENDAS SORIANA,00742I0504A,KIT R 6UP MERCADO NVO DISEÑO,C, 06/02/24, 06/02/24, 06/03/24, 06/03/24,06/03/2024,,,8,-22,1.00,0.00,1.00,-2.00,CJ,534.55,79,Jaime Blasques,"QUERETARO, EMBARCAR 17 FEBRERO, CITA 20 FEBRERO"
*,I0ETI29764-5,RETENIDO,,,,,,,NE0742P,TIENDAS SORIANA,00742I0420B,PLANTILLA 1 UP A SOLO CON PUNTOS P-382,C, 06/02/24, 06/02/24, 06/03/24, 06/03/24,06/03/2024,,,8,-22,4.00,0.00,4.00,-8.00,CJ,987.52,79,Jaime Blasques,"QUERETARO, EMBARCAR 17 FEBRERO, CITA 20 FEBRERO"
*,I0ETI29764-6,RETENIDO,,,,,,,NE0742P,TIENDAS SORIANA,00742I0406B,PANTILLA DOBLABLE DE PUNTOS 2UP RED 032,C, 06/02/24, 06/02/24, 06/03/24, 06/03/24,06/03/2024,,,8,-22,3.00,0.00,3.00,-1.00,CJ,740.64,79,Jaime Blasques,"QUERETARO, EMBARCAR 17 FEBRERO, CITA 20 FEBRERO"
*,I0ETI29764-7,RETENIDO,,,,,,,NE0742P,TIENDAS SORIANA,00742I0421B,PLANTILLA 2 UP DOBLABLE A SOLO P-382,C, 06/02/24, 06/02/24, 06/03/24, 06/03/24,06/03/2024,,,8,-22,3.00,0.00,3.00,-3.00,CJ,740.64,79,Jaime Blasques,"QUERETARO, EMBARCAR 17 FEBRERO, CITA 20 FEBRERO"
*,I0ETI29764-8,RETENIDO,,,,,,,NE0742P,TIENDAS SORIANA,00742I0533A,PLANTILLA 1 UP OFERTA HIPER,C, 06/02/24, 06/02/24, 06/03/24, 06/03/24,06/03/2024,,,8,-22,62.00,0.00,62.00,-504.00,CJ,"15,306.56",79,Jaime Blasques,"QUERETARO, EMBARCAR 17 FEBRERO, CITA 20 FEBRERO"
*,I0ETI29764-9,RETENIDO,,,,,,,NE0742P,TIENDAS SORIANA,00742I0527A,KIT R 12UP OFERTA RIEL HIPER,C, 06/02/24, 06/02/24, 06/03/24, 06/03/24,06/03/2024,,,8,-22,33.00,0.00,33.00,-322.00,CJ,"18,384.30",79,Jaime Blasques,"QUERETARO, EMBARCAR 17 FEBRERO, CITA 20 FEBRERO"
,I0ETI29810-1,PLANEACION,,M0151306-250,18,2332.8,0.25,583.2,NE0969D,EMBOTELLADORA GEYSER,20000B0232,ETIQ. TT 3 X 2 C/P R/1000 C3,C, 07/02/24, 07/02/24, 25/02/24, 24/02/24, 26/02/24,,,7,-12,120.00,0.00,120.00,0.00,MI,"8,352.90",79,Jaime Blasques,
,I0ETI29810-2,PLANEACION,,M0151234-220,78.3,845.64,0.22,186.0408,NE0969D,EMBOTELLADORA GEYSER,00969B0001A,ETIQ. TD 4 X 6 C-1 C/PLECA R-250,C, 07/02/24, 07/02/24, 25/02/24, 24/02/24, 26/02/24,,,7,-12,10.00,0.00,10.00,0.00,MI,"3,068.90",79,Jaime Blasques,
*,I0ETI29771-1,RETENIDO,,,,,,,NE0742P,TIENDAS SORIANA,00742I0461A,KIT ETIQ. R24UP ANAQUEL ADHESIVA MERCADO,C, 06/02/24, 06/02/24, 06/03/24, 12/02/24,06/03/2024,,,8,-22,2.00,0.00,2.00,4.00,CJ,"2,806.74",79,Jaime Blasques,"VILLAHERMOSA, EMBARCAR  13 FEBRERO, CITA 20 DE FEBRERO"
*,I0ETI29771-2,RETENIDO,,,,,,,NE0742P,TIENDAS SORIANA,00742I0422B,PLANTILLA TE REGALA PUNTOS 1UP PURPLE,C, 06/02/24, 06/02/24, 06/03/24, 12/02/24,06/03/2024,,,8,-22,1.00,0.00,1.00,5.00,CJ,235.18,79,Jaime Blasques,"VILLAHERMOSA, EMBARCAR  13 FEBRERO, CITA 20 DE FEBRERO"
*,I0ETI29771-3,RETENIDO,,,,,,,NE0742P,TIENDAS SORIANA,00742I0533A,PLANTILLA 1 UP OFERTA HIPER,C, 06/02/24, 06/02/24, 06/03/24, 12/02/24,06/03/2024,,,8,-22,49.00,0.00,49.00,-504.00,CJ,"12,097.12",79,Jaime Blasques,"VILLAHERMOSA, EMBARCAR  13 FEBRERO, CITA 20 DE FEBRERO"
*,I0ETI29771-4,RETENIDO,,,,,,,NE0742P,TIENDAS SORIANA,00742I0527A,KIT R 12UP OFERTA RIEL HIPER,C, 06/02/24, 06/02/24, 06/03/24, 12/02/24,06/03/2024,,,8,-22,39.00,0.00,39.00,-322.00,CJ,"21,726.90",79,Jaime Blasques,"VILLAHERMOSA, EMBARCAR  13 FEBRERO, CITA 20 DE FEBRERO"
*,I0ETI29771-5,RETENIDO,,,,,,,NE0742P,TIENDAS SORIANA,00742I0531A,PLANTILLA 1 UP PRECIO NORMAL HIPER,C, 06/02/24, 06/02/24, 06/03/24, 12/02/24,06/03/2024,,,8,-22,29.00,0.00,29.00,-214.00,CJ,"7,159.52",79,Jaime Blasques,"VILLAHERMOSA, EMBARCAR  13 FEBRERO, CITA 20 DE FEBRERO"
*,I0ETI29771-6,RETENIDO,,,,,,,NE0742P,TIENDAS SORIANA,00742I0529A,KIT R 12UP RIEL PRECIO NORMAL HIPER,C, 06/02/24, 06/02/24, 06/03/24, 12/02/24,06/03/2024,,,8,-22,12.00,0.00,12.00,-63.00,CJ,"6,685.20",79,Jaime Blasques,"VILLAHERMOSA, EMBARCAR  13 FEBRERO, CITA 20 DE FEBRERO"
*,I0ETI29771-7,RETENIDO,,,,,,,NE0742P,TIENDAS SORIANA,00742I0532A,PLANTILLA 1 UP OFERTA SUPER,C, 06/02/24, 06/02/24, 06/03/24, 12/02/24,06/03/2024,,,8,-22,8.00,0.00,8.00,6.00,CJ,"1,975.04",79,Jaime Blasques,"VILLAHERMOSA, EMBARCAR  13 FEBRERO, CITA 20 DE FEBRERO"
*,I0ETI29772-1,RETENIDO,,,,,,,NE0742P,TIENDAS SORIANA,00742I0461A,KIT ETIQ. R24UP ANAQUEL ADHESIVA MERCADO,C, 06/02/24, 06/02/24, 06/03/24, 06/03/24,06/03/2024,,,8,-22,2.00,0.00,2.00,4.00,CJ,"2,806.74",79,Jaime Blasques,"VILLAHERMOSA, EMBARCAR  13 FEBRERO, CITA 20 DE FEBRERO"
*,I0ETI29772-10,RETENIDO,,,,,,,NE0742P,TIENDAS SORIANA,00742I0528A,KIT R 12UP RIEL PRECIO NORMAL SUPER,C, 06/02/24, 06/02/24, 06/03/24, 06/03/24,06/03/2024,,,8,-22,1.00,0.00,1.00,2.00,CJ,557.10,79,Jaime Blasques,"VILLAHERMOSA, EMBARCAR  13 FEBRERO, CITA 20 DE FEBRERO"
*,I0ETI29772-11,RETENIDO,,,,,,,NE0742P,TIENDAS SORIANA,00742I0537A,KIT 24UP ADHESIVA PRECIO LINEA HIPER-S,C, 06/02/24, 06/02/24, 06/03/24, 06/03/24,06/03/2024,,,8,-22,27.00,0.00,27.00,-148.00,CJ,"37,890.99",79,Jaime Blasques,"VILLAHERMOSA, EMBARCAR  13 FEBRERO, CITA 20 DE FEBRERO"
*,I0ETI29772-12,RETENIDO,,,,,,,NE0742P,TIENDAS SORIANA,00742I0539A,PLANTILLA 1UP REMATES UNICOS,C, 06/02/24, 06/02/24, 06/03/24, 06/03/24,06/03/2024,,,8,-22,1.00,0.00,1.00,-5.00,CJ,246.88,79,Jaime Blasques,"VILLAHERMOSA, EMBARCAR  13 FEBRERO, CITA 20 DE FEBRERO"
*,I0ETI29772-13,RETENIDO,,,,,,,NE0742P,TIENDAS SORIANA,00742I0338A,ETIQ. 1115 NARANJA,C, 06/02/24, 06/02/24, 06/03/24, 06/03/24,06/03/2024,,,8,-22,1.00,0.00,1.00,10.00,CJ,473.20,79,Jaime Blasques,"VILLAHERMOSA, EMBARCAR  13 FEBRERO, CITA 20 DE FEBRERO"
*,I0ETI29772-14,RETENIDO,,,,,,,NE0742P,TIENDAS SORIANA,00742I0589A,KIT R 12UP RIEL MERCADO BCA LISA,C, 06/02/24, 06/02/24, 06/03/24, 06/03/24,06/03/2024,,,8,-22,5.00,0.00,5.00,10.00,CJ,"2,310.00",79,Jaime Blasques,"VILLAHERMOSA, EMBARCAR  13 FEBRERO, CITA 20 DE FEBRERO"
*,I0ETI29772-15,RETENIDO,,,,,,,NE0742P,TIENDAS SORIANA,00742I0588A,KIT R 12UP RIEL LISA AMARILLA,E, 06/02/24, 06/02/24, 06/03/24, 06/03/24,06/03/2024,,,8,-22,9.00,0.00,9.00,-57.00,CJ,"4,230.00",79,Jaime Blasques,"VILLAHERMOSA, EMBARCAR  13 FEBRERO, CITA 20 DE FEBRERO"
*,I0ETI29772-2,RETENIDO,,,,,,,NE0742P,TIENDAS SORIANA,00742I0422B,PLANTILLA TE REGALA PUNTOS 1UP PURPLE,C, 06/02/24, 06/02/24, 06/03/24, 06/03/24,06/03/2024,,,8,-22,1.00,0.00,1.00,5.00,CJ,235.18,79,Jaime Blasques,"VILLAHERMOSA, EMBARCAR  13 FEBRERO, CITA 20 DE FEBRERO"
*,I0ETI29772-3,RETENIDO,,,,,,,NE0742P,TIENDAS SORIANA,00742I0533A,PLANTILLA 1 UP OFERTA HIPER,C, 06/02/24, 06/02/24, 06/03/24, 06/03/24,06/03/2024,,,8,-22,49.00,0.00,49.00,-504.00,CJ,"12,097.12",79,Jaime Blasques,"VILLAHERMOSA, EMBARCAR  13 FEBRERO, CITA 20 DE FEBRERO"
*,I0ETI29772-4,RETENIDO,,,,,,,NE0742P,TIENDAS SORIANA,00742I0527A,KIT R 12UP OFERTA RIEL HIPER,C, 06/02/24, 06/02/24, 06/03/24, 06/03/24,06/03/2024,,,8,-22,39.00,0.00,39.00,-322.00,CJ,"21,726.90",79,Jaime Blasques,"VILLAHERMOSA, EMBARCAR  13 FEBRERO, CITA 20 DE FEBRERO"
*,I0ETI29772-5,RETENIDO,,,,,,,NE0742P,TIENDAS SORIANA,00742I0531A,PLANTILLA 1 UP PRECIO NORMAL HIPER,C, 06/02/24, 06/02/24, 06/03/24, 06/03/24,06/03/2024,,,8,-22,29.00,0.00,29.00,-214.00,CJ,"7,159.52",79,Jaime Blasques,"VILLAHERMOSA, EMBARCAR  13 FEBRERO, CITA 20 DE FEBRERO"
*,I0ETI29772-6,RETENIDO,,,,,,,NE0742P,TIENDAS SORIANA,00742I0529A,KIT R 12UP RIEL PRECIO NORMAL HIPER,C, 06/02/24, 06/02/24, 06/03/24, 06/03/24,06/03/2024,,,8,-22,12.00,0.00,12.00,-63.00,CJ,"6,685.20",79,Jaime Blasques,"VILLAHERMOSA, EMBARCAR  13 FEBRERO, CITA 20 DE FEBRERO"
*,I0ETI29772-7,RETENIDO,,,,,,,NE0742P,TIENDAS SORIANA,00742I0532A,PLANTILLA 1 UP OFERTA SUPER,C, 06/02/24, 06/02/24, 06/03/24, 06/03/24,06/03/2024,,,8,-22,8.00,0.00,8.00,6.00,CJ,"1,975.04",79,Jaime Blasques,"VILLAHERMOSA, EMBARCAR  13 FEBRERO, CITA 20 DE FEBRERO"
*,I0ETI29772-8,RETENIDO,,,,,,,NE0742P,TIENDAS SORIANA,00742I0526A,KIT R 12UP OFERTA RIEL SUPER,C, 06/02/24, 06/02/24, 06/03/24, 06/03/24,06/03/2024,,,8,-22,3.00,0.00,3.00,83.00,CJ,"1,671.30",79,Jaime Blasques,"VILLAHERMOSA, EMBARCAR  13 FEBRERO, CITA 20 DE FEBRERO"
*,I0ETI29772-9,RETENIDO,,,,,,,NE0742P,TIENDAS SORIANA,00742I0530A,PLANTILLA 1UP PRECIO NORMAL SUPER,C, 06/02/24, 06/02/24, 06/03/24, 06/03/24,06/03/2024,,,8,-22,3.00,0.00,3.00,-35.00,CJ,740.64,79,Jaime Blasques,"VILLAHERMOSA, EMBARCAR  13 FEBRERO, CITA 20 DE FEBRERO"
*,I0ETI29773-1,LIB FLXR,OE00049512,,,,,,PA9182D,CUPRUM,09181B0001C,ETIQUETA 4 X 5 BLANCA BOPP R-1000 C-3,B, 06/02/24, 06/02/24, 23/02/24, 23/02/24,23/02/2024,,,8,-9,120.00,0.00,120.00,0.00,MI,"39,357.37",39,Alejandro de Mata,
*,I0ETI29776-1,RETENIDO,,,,,,,NE0742P,TIENDAS SORIANA,00742I0248A,PLANTILLA UNIFICADA 30X40 C/40 NJA,C, 06/02/24, 06/02/24, 06/03/24, 14/02/24,06/03/2024,,,8,-22,1.00,0.00,1.00,22.00,MI,"1,234.13",79,Jaime Blasques,"TULTITLAN, EMBARCAR  17 FEBRERO, CITA 20 DE FEBRERO"
*,I0ETI29776-10,RETENIDO,,,,,,,NE0742P,TIENDAS SORIANA,00742I0532A,PLANTILLA 1 UP OFERTA SUPER,C, 06/02/24, 06/02/24, 06/03/24, 14/02/24,06/03/2024,,,8,-22,5.00,0.00,5.00,6.00,CJ,"1,234.40",79,Jaime Blasques,"TULTITLAN, EMBARCAR  17 FEBRERO, CITA 20 DE FEBRERO"
*,I0ETI29776-11,RETENIDO,,,,,,,NE0742P,TIENDAS SORIANA,00742I0526A,KIT R 12UP OFERTA RIEL SUPER,C, 06/02/24, 06/02/24, 06/03/24, 14/02/24,06/03/2024,,,8,-22,3.00,0.00,3.00,83.00,CJ,"1,671.30",79,Jaime Blasques,"TULTITLAN, EMBARCAR  17 FEBRERO, CITA 20 DE FEBRERO"
*,I0ETI29776-12,RETENIDO,,,,,,,NE0742P,TIENDAS SORIANA,00742I0530A,PLANTILLA 1UP PRECIO NORMAL SUPER,C, 06/02/24, 06/02/24, 06/03/24, 14/02/24,06/03/2024,,,8,-22,3.00,0.00,3.00,-35.00,CJ,740.64,79,Jaime Blasques,"TULTITLAN, EMBARCAR  17 FEBRERO, CITA 20 DE FEBRERO"
*,I0ETI29776-13,RETENIDO,,,,,,,NE0742P,TIENDAS SORIANA,00742I0537A,KIT 24UP ADHESIVA PRECIO LINEA HIPER-S,C, 06/02/24, 06/02/24, 06/03/24, 14/02/24,06/03/2024,,,8,-22,59.00,0.00,59.00,-148.00,CJ,"82,798.83",79,Jaime Blasques,"TULTITLAN, EMBARCAR  17 FEBRERO, CITA 20 DE FEBRERO"
*,I0ETI29776-14,RETENIDO,,,,,,,NE0742P,TIENDAS SORIANA,00742I0539A,PLANTILLA 1UP REMATES UNICOS,C, 06/02/24, 06/02/24, 06/03/24, 14/02/24,06/03/2024,,,8,-22,2.00,0.00,2.00,-5.00,CJ,493.76,79,Jaime Blasques,"TULTITLAN, EMBARCAR  17 FEBRERO, CITA 20 DE FEBRERO"
*,I0ETI29776-15,RETENIDO,,,,,,,NE0742P,TIENDAS SORIANA,00742I0538A,KIT R 12UP RIEL REMATES UNICOS,C, 06/02/24, 06/02/24, 06/03/24, 14/02/24,06/03/2024,,,8,-22,2.00,0.00,2.00,54.00,CJ,"1,114.20",79,Jaime Blasques,"TULTITLAN, EMBARCAR  17 FEBRERO, CITA 20 DE FEBRERO"
*,I0ETI29776-16,RETENIDO,,,,,,,NE0742P,TIENDAS SORIANA,00742I0338A,ETIQ. 1115 NARANJA,C, 06/02/24, 06/02/24, 06/03/24, 14/02/24,06/03/2024,,,8,-22,1.00,0.00,1.00,10.00,CJ,473.20,79,Jaime Blasques,"TULTITLAN, EMBARCAR  17 FEBRERO, CITA 20 DE FEBRERO"
*,I0ETI29776-2,RETENIDO,,,,,,,NE0742P,TIENDAS SORIANA,00742B0045A,ETIQ. 1115 BLANCA,C, 06/02/24, 06/02/24, 06/03/24, 14/02/24,06/03/2024,,,8,-22,1.00,0.00,1.00,65.00,CJ,406.93,79,Jaime Blasques,"TULTITLAN, EMBARCAR  17 FEBRERO, CITA 20 DE FEBRERO"
*,I0ETI29776-3,RETENIDO,,,,,,,NE0742P,TIENDAS SORIANA,00742I0461A,KIT ETIQ. R24UP ANAQUEL ADHESIVA MERCADO,C, 06/02/24, 06/02/24, 06/03/24, 14/02/24,06/03/2024,,,8,-22,5.00,0.00,5.00,4.00,CJ,"7,016.85",79,Jaime Blasques,"TULTITLAN, EMBARCAR  17 FEBRERO, CITA 20 DE FEBRERO"
*,I0ETI29776-4,RETENIDO,,,,,,,NE0742P,TIENDAS SORIANA,00742I0504A,KIT R 6UP MERCADO NVO DISEÑO,C, 06/02/24, 06/02/24, 06/03/24, 14/02/24,06/03/2024,,,8,-22,1.00,0.00,1.00,-2.00,CJ,534.55,79,Jaime Blasques,"TULTITLAN, EMBARCAR  17 FEBRERO, CITA 20 DE FEBRERO"
*,I0ETI29776-5,RETENIDO,,,,,,,NE0742P,TIENDAS SORIANA,00742I0420B,PLANTILLA 1 UP A SOLO CON PUNTOS P-382,C, 06/02/24, 06/02/24, 06/03/24, 14/02/24,06/03/2024,,,8,-22,1.00,0.00,1.00,-8.00,CJ,246.88,79,Jaime Blasques,"TULTITLAN, EMBARCAR  17 FEBRERO, CITA 20 DE FEBRERO"
*,I0ETI29776-6,RETENIDO,,,,,,,NE0742P,TIENDAS SORIANA,00742I0533A,PLANTILLA 1 UP OFERTA HIPER,C, 06/02/24, 06/02/24, 06/03/24, 14/02/24,06/03/2024,,,8,-22,120.00,0.00,120.00,-504.00,CJ,"29,625.60",79,Jaime Blasques,"TULTITLAN, EMBARCAR  17 FEBRERO, CITA 20 DE FEBRERO"
*,I0ETI29776-7,RETENIDO,,,,,,,NE0742P,TIENDAS SORIANA,00742I0527A,KIT R 12UP OFERTA RIEL HIPER,C, 06/02/24, 06/02/24, 06/03/24, 14/02/24,06/03/2024,,,8,-22,119.00,0.00,119.00,-322.00,CJ,"66,294.90",79,Jaime Blasques,"TULTITLAN, EMBARCAR  17 FEBRERO, CITA 20 DE FEBRERO"
*,I0ETI29776-8,RETENIDO,,,,,,,NE0742P,TIENDAS SORIANA,00742I0531A,PLANTILLA 1 UP PRECIO NORMAL HIPER,C, 06/02/24, 06/02/24, 06/03/24, 14/02/24,06/03/2024,,,8,-22,61.00,0.00,61.00,-214.00,CJ,"15,059.68",79,Jaime Blasques,"TULTITLAN, EMBARCAR  17 FEBRERO, CITA 20 DE FEBRERO"
*,I0ETI29776-9,RETENIDO,,,,,,,NE0742P,TIENDAS SORIANA,00742I0529A,KIT R 12UP RIEL PRECIO NORMAL HIPER,C, 06/02/24, 06/02/24, 06/03/24, 14/02/24,06/03/2024,,,8,-22,37.00,0.00,37.00,-63.00,CJ,"20,612.70",79,Jaime Blasques,"TULTITLAN, EMBARCAR  17 FEBRERO, CITA 20 DE FEBRERO"
*,I0ETI29777-1,RETENIDO,,,,,,,NE0742P,TIENDAS SORIANA,00742I0248A,PLANTILLA UNIFICADA 30X40 C/40 NJA,C, 06/02/24, 06/02/24, 06/03/24, 14/02/24,06/03/2024,,,8,-22,1.00,0.00,1.00,22.00,MI,"1,234.13",79,Jaime Blasques,"TULTITLAN, EMBARCAR  17 FEBRERO, CITA 20 DE FEBRERO"
*,I0ETI29778-1,RETENIDO,,,,,,,NE0742P,TIENDAS SORIANA,00742I0248A,PLANTILLA UNIFICADA 30X40 C/40 NJA,C, 06/02/24, 06/02/24, 06/03/24, 06/03/24,06/03/2024,,,8,-22,1.00,0.00,1.00,22.00,MI,"1,234.13",79,Jaime Blasques,"TULTITLAN, EMBARCAR  17 FEBRERO, CITA 20 DE FEBRERO"
*,I0ETI29778-10,RETENIDO,,,,,,,NE0742P,TIENDAS SORIANA,00742I0532A,PLANTILLA 1 UP OFERTA SUPER,C, 06/02/24, 06/02/24, 06/03/24, 06/03/24,06/03/2024,,,8,-22,5.00,0.00,5.00,6.00,CJ,"1,234.40",79,Jaime Blasques,"TULTITLAN, EMBARCAR  17 FEBRERO, CITA 20 DE FEBRERO"
*,I0ETI29778-11,RETENIDO,,,,,,,NE0742P,TIENDAS SORIANA,00742I0526A,KIT R 12UP OFERTA RIEL SUPER,C, 06/02/24, 06/02/24, 06/03/24, 06/03/24,06/03/2024,,,8,-22,3.00,0.00,3.00,83.00,CJ,"1,671.30",79,Jaime Blasques,"TULTITLAN, EMBARCAR  17 FEBRERO, CITA 20 DE FEBRERO"
*,I0ETI29778-12,RETENIDO,,,,,,,NE0742P,TIENDAS SORIANA,00742I0530A,PLANTILLA 1UP PRECIO NORMAL SUPER,C, 06/02/24, 06/02/24, 06/03/24, 06/03/24,06/03/2024,,,8,-22,3.00,0.00,3.00,-35.00,CJ,740.64,79,Jaime Blasques,"TULTITLAN, EMBARCAR  17 FEBRERO, CITA 20 DE FEBRERO"
*,I0ETI29778-13,RETENIDO,,,,,,,NE0742P,TIENDAS SORIANA,00742I0537A,KIT 24UP ADHESIVA PRECIO LINEA HIPER-S,C, 06/02/24, 06/02/24, 06/03/24, 06/03/24,06/03/2024,,,8,-22,59.00,0.00,59.00,-148.00,CJ,"82,798.83",79,Jaime Blasques,"TULTITLAN, EMBARCAR  17 FEBRERO, CITA 20 DE FEBRERO"
*,I0ETI29778-14,RETENIDO,,,,,,,NE0742P,TIENDAS SORIANA,00742I0539A,PLANTILLA 1UP REMATES UNICOS,C, 06/02/24, 06/02/24, 06/03/24, 06/03/24,06/03/2024,,,8,-22,2.00,0.00,2.00,-5.00,CJ,493.76,79,Jaime Blasques,"TULTITLAN, EMBARCAR  17 FEBRERO, CITA 20 DE FEBRERO"
*,I0ETI29778-15,RETENIDO,,,,,,,NE0742P,TIENDAS SORIANA,00742I0538A,KIT R 12UP RIEL REMATES UNICOS,C, 06/02/24, 06/02/24, 06/03/24, 06/03/24,06/03/2024,,,8,-22,2.00,0.00,2.00,54.00,CJ,"1,114.20",79,Jaime Blasques,"TULTITLAN, EMBARCAR  17 FEBRERO, CITA 20 DE FEBRERO"
*,I0ETI29778-16,RETENIDO,,,,,,,NE0742P,TIENDAS SORIANA,00742I0338A,ETIQ. 1115 NARANJA,C, 06/02/24, 06/02/24, 06/03/24, 06/03/24,06/03/2024,,,8,-22,1.00,0.00,1.00,10.00,CJ,473.20,79,Jaime Blasques,"TULTITLAN, EMBARCAR  17 FEBRERO, CITA 20 DE FEBRERO"
*,I0ETI29778-17,RETENIDO,,,,,,,NE0742P,TIENDAS SORIANA,00742I0569A,ETIQ. 6UP PRECIO MERCADO OFERTA AMARILLA,E, 06/02/24, 06/02/24, 06/03/24, 06/03/24,06/03/2024,,,8,-22,2.00,0.00,2.00,16.00,CJ,"1,069.10",79,Jaime Blasques,"TULTITLAN, EMBARCAR  17 FEBRERO, CITA 20 DE FEBRERO"
*,I0ETI29778-18,RETENIDO,,,,,,,NE0742P,TIENDAS SORIANA,00742I0589A,KIT R 12UP RIEL MERCADO BCA LISA,C, 06/02/24, 06/02/24, 06/03/24, 06/03/24,06/03/2024,,,8,-22,9.00,0.00,9.00,10.00,CJ,"4,158.00",79,Jaime Blasques,"TULTITLAN, EMBARCAR  17 FEBRERO, CITA 20 DE FEBRERO"
*,I0ETI29778-19,RETENIDO,,,,,,,NE0742P,TIENDAS SORIANA,00742I0588A,KIT R 12UP RIEL LISA AMARILLA,E, 06/02/24, 06/02/24, 06/03/24, 06/03/24,06/03/2024,,,8,-22,36.00,0.00,36.00,-57.00,CJ,"16,920.00",79,Jaime Blasques,"TULTITLAN, EMBARCAR  17 FEBRERO, CITA 20 DE FEBRERO"
*,I0ETI29778-2,RETENIDO,,,,,,,NE0742P,TIENDAS SORIANA,00742B0045A,ETIQ. 1115 BLANCA,C, 06/02/24, 06/02/24, 06/03/24, 06/03/24,06/03/2024,,,8,-22,1.00,0.00,1.00,65.00,CJ,406.93,79,Jaime Blasques,"TULTITLAN, EMBARCAR  17 FEBRERO, CITA 20 DE FEBRERO"
*,I0ETI29778-3,RETENIDO,,,,,,,NE0742P,TIENDAS SORIANA,00742I0461A,KIT ETIQ. R24UP ANAQUEL ADHESIVA MERCADO,C, 06/02/24, 06/02/24, 06/03/24, 06/03/24,06/03/2024,,,8,-22,5.00,0.00,5.00,4.00,CJ,"7,016.85",79,Jaime Blasques,"TULTITLAN, EMBARCAR  17 FEBRERO, CITA 20 DE FEBRERO"
*,I0ETI29778-4,RETENIDO,,,,,,,NE0742P,TIENDAS SORIANA,00742I0504A,KIT R 6UP MERCADO NVO DISEÑO,C, 06/02/24, 06/02/24, 06/03/24, 06/03/24,06/03/2024,,,8,-22,1.00,0.00,1.00,-2.00,CJ,534.55,79,Jaime Blasques,"TULTITLAN, EMBARCAR  17 FEBRERO, CITA 20 DE FEBRERO"
*,I0ETI29778-5,RETENIDO,,,,,,,NE0742P,TIENDAS SORIANA,00742I0420B,PLANTILLA 1 UP A SOLO CON PUNTOS P-382,C, 06/02/24, 06/02/24, 06/03/24, 06/03/24,06/03/2024,,,8,-22,1.00,0.00,1.00,-8.00,CJ,246.88,79,Jaime Blasques,"TULTITLAN, EMBARCAR  17 FEBRERO, CITA 20 DE FEBRERO"
*,I0ETI29778-6,RETENIDO,,,,,,,NE0742P,TIENDAS SORIANA,00742I0533A,PLANTILLA 1 UP OFERTA HIPER,C, 06/02/24, 06/02/24, 06/03/24, 06/03/24,06/03/2024,,,8,-22,120.00,0.00,120.00,-504.00,CJ,"29,625.60",79,Jaime Blasques,"TULTITLAN, EMBARCAR  17 FEBRERO, CITA 20 DE FEBRERO"
*,I0ETI29778-7,RETENIDO,,,,,,,NE0742P,TIENDAS SORIANA,00742I0527A,KIT R 12UP OFERTA RIEL HIPER,C, 06/02/24, 06/02/24, 06/03/24, 06/03/24,06/03/2024,,,8,-22,119.00,0.00,119.00,-322.00,CJ,"66,294.90",79,Jaime Blasques,"TULTITLAN, EMBARCAR  17 FEBRERO, CITA 20 DE FEBRERO"
*,I0ETI29778-8,RETENIDO,,,,,,,NE0742P,TIENDAS SORIANA,00742I0531A,PLANTILLA 1 UP PRECIO NORMAL HIPER,C, 06/02/24, 06/02/24, 06/03/24, 06/03/24,06/03/2024,,,8,-22,61.00,0.00,61.00,-214.00,CJ,"15,059.68",79,Jaime Blasques,"TULTITLAN, EMBARCAR  17 FEBRERO, CITA 20 DE FEBRERO"
*,I0ETI29778-9,RETENIDO,,,,,,,NE0742P,TIENDAS SORIANA,00742I0529A,KIT R 12UP RIEL PRECIO NORMAL HIPER,C, 06/02/24, 06/02/24, 06/03/24, 06/03/24,06/03/2024,,,8,-22,37.00,0.00,37.00,-63.00,CJ,"20,612.70",79,Jaime Blasques,"TULTITLAN, EMBARCAR  17 FEBRERO, CITA 20 DE FEBRERO"
*,I0ETI29779-1,RETENIDOS,,,,,,,CT3727P,COMERCIALIZADORA FARMACEUTICA DE CHIAPAS,03727B0001C,PLANTILLA 32UP PAPEL BOND120 GRS C/50 HO,E, 06/02/24, 06/02/24, 06/03/24, 06/03/24,06/03/2024,,,8,-22,160.00,0.00,160.00,0.00,PQ,"3,768.00",117,Mayra Velazquez,
*,I0ETI29780-1,RETENIDO,,,,,,,NE0742P,TIENDAS SORIANA,00742B0042A,PLANTILLA UNIFICADA 30X40 C/40 BCA,C, 06/02/24, 06/02/24, 06/03/24, 14/02/24,06/03/2024,,,8,-22,1.00,0.00,1.00,27.00,MI,"1,234.13",79,Jaime Blasques,"SALINAS, EMBARCAR 17 FEBRERO, CITA 20  FEBRERO"
*,I0ETI29780-10,RETENIDO,,,,,,,NE0742P,TIENDAS SORIANA,00742I0529A,KIT R 12UP RIEL PRECIO NORMAL HIPER,C, 06/02/24, 06/02/24, 06/03/24, 14/02/24,06/03/2024,,,8,-22,33.00,0.00,33.00,-63.00,CJ,"18,384.30",79,Jaime Blasques,"SALINAS, EMBARCAR 17 FEBRERO, CITA 20  FEBRERO"
*,I0ETI29780-11,RETENIDO,,,,,,,NE0742P,TIENDAS SORIANA,00742I0532A,PLANTILLA 1 UP OFERTA SUPER,C, 06/02/24, 06/02/24, 06/03/24, 14/02/24,06/03/2024,,,8,-22,19.00,0.00,19.00,6.00,CJ,"4,690.72",79,Jaime Blasques,"SALINAS, EMBARCAR 17 FEBRERO, CITA 20  FEBRERO"
*,I0ETI29780-12,RETENIDO,,,,,,,NE0742P,TIENDAS SORIANA,00742I0526A,KIT R 12UP OFERTA RIEL SUPER,C, 06/02/24, 06/02/24, 06/03/24, 14/02/24,06/03/2024,,,8,-22,4.00,0.00,4.00,83.00,CJ,"2,228.40",79,Jaime Blasques,"SALINAS, EMBARCAR 17 FEBRERO, CITA 20  FEBRERO"
*,I0ETI29780-2,RETENIDO,,,,,,,NE0742P,TIENDAS SORIANA,00742I0423B,PLANTILLA TE REGALA PUNTOS 1UP RED 032,C, 06/02/24, 06/02/24, 06/03/24, 14/02/24,06/03/2024,,,8,-22,2.00,0.00,2.00,2.00,CJ,470.36,79,Jaime Blasques,"SALINAS, EMBARCAR 17 FEBRERO, CITA 20  FEBRERO"
*,I0ETI29780-3,RETENIDO,,,,,,,NE0742P,TIENDAS SORIANA,00742I0420B,PLANTILLA 1 UP A SOLO CON PUNTOS P-382,C, 06/02/24, 06/02/24, 06/03/24, 14/02/24,06/03/2024,,,8,-22,5.00,0.00,5.00,-8.00,CJ,"1,234.40",79,Jaime Blasques,"SALINAS, EMBARCAR 17 FEBRERO, CITA 20  FEBRERO"
*,I0ETI29780-4,RETENIDO,,,,,,,NE0742P,TIENDAS SORIANA,00742I0406B,PANTILLA DOBLABLE DE PUNTOS 2UP RED 032,C, 06/02/24, 06/02/24, 06/03/24, 14/02/24,06/03/2024,,,8,-22,1.00,0.00,1.00,-1.00,CJ,246.88,79,Jaime Blasques,"SALINAS, EMBARCAR 17 FEBRERO, CITA 20  FEBRERO"
*,I0ETI29780-5,RETENIDO,,,,,,,NE0742P,TIENDAS SORIANA,00742I0421B,PLANTILLA 2 UP DOBLABLE A SOLO P-382,C, 06/02/24, 06/02/24, 06/03/24, 14/02/24,06/03/2024,,,8,-22,4.00,0.00,4.00,-3.00,CJ,987.52,79,Jaime Blasques,"SALINAS, EMBARCAR 17 FEBRERO, CITA 20  FEBRERO"
*,I0ETI29780-6,RETENIDO,,,,,,,NE0742P,TIENDAS SORIANA,00742I0533A,PLANTILLA 1 UP OFERTA HIPER,C, 06/02/24, 06/02/24, 06/03/24, 14/02/24,06/03/2024,,,8,-22,293.00,0.00,293.00,-504.00,CJ,"72,335.84",79,Jaime Blasques,"SALINAS, EMBARCAR 17 FEBRERO, CITA 20  FEBRERO"
*,I0ETI29780-7,RETENIDO,,,,,,,NE0742P,TIENDAS SORIANA,00742I0527A,KIT R 12UP OFERTA RIEL HIPER,C, 06/02/24, 06/02/24, 06/03/24, 14/02/24,06/03/2024,,,8,-22,135.00,0.00,135.00,-322.00,CJ,"75,208.50",79,Jaime Blasques,"SALINAS, EMBARCAR 17 FEBRERO, CITA 20  FEBRERO"
*,I0ETI29780-8,RETENIDO,,,,,,,NE0742P,TIENDAS SORIANA,00742I0534A,PLANTILLA 1UP HIPER COMPARA Y AHORRA,C, 06/02/24, 06/02/24, 06/03/24, 14/02/24,06/03/2024,,,8,-22,1.00,0.00,1.00,10.00,CJ,246.88,79,Jaime Blasques,"SALINAS, EMBARCAR 17 FEBRERO, CITA 20  FEBRERO"
*,I0ETI29780-9,RETENIDO,,,,,,,NE0742P,TIENDAS SORIANA,00742I0531A,PLANTILLA 1 UP PRECIO NORMAL HIPER,C, 06/02/24, 06/02/24, 06/03/24, 14/02/24,06/03/2024,,,8,-22,125.00,0.00,125.00,-214.00,CJ,"30,860.00",79,Jaime Blasques,"SALINAS, EMBARCAR 17 FEBRERO, CITA 20  FEBRERO"
*,I0ETI29782-1,RETENIDO,,,,,,,NE0742P,TIENDAS SORIANA,00742B0042A,PLANTILLA UNIFICADA 30X40 C/40 BCA,C, 06/02/24, 06/02/24, 06/03/24, 06/03/24,06/03/2024,,,8,-22,1.00,0.00,1.00,27.00,MI,"1,234.13",79,Jaime Blasques,"SALINAS, EMBARCAR 17 FEBRERO, CITA 20  FEBRERO"
*,I0ETI29782-10,RETENIDO,,,,,,,NE0742P,TIENDAS SORIANA,00742I0529A,KIT R 12UP RIEL PRECIO NORMAL HIPER,C, 06/02/24, 06/02/24, 06/03/24, 06/03/24,06/03/2024,,,8,-22,33.00,0.00,33.00,-63.00,CJ,"18,384.30",79,Jaime Blasques,"SALINAS, EMBARCAR 17 FEBRERO, CITA 20  FEBRERO"
*,I0ETI29782-11,RETENIDO,,,,,,,NE0742P,TIENDAS SORIANA,00742I0532A,PLANTILLA 1 UP OFERTA SUPER,C, 06/02/24, 06/02/24, 06/03/24, 06/03/24,06/03/2024,,,8,-22,19.00,0.00,19.00,6.00,CJ,"4,690.72",79,Jaime Blasques,"SALINAS, EMBARCAR 17 FEBRERO, CITA 20  FEBRERO"
*,I0ETI29782-12,RETENIDO,,,,,,,NE0742P,TIENDAS SORIANA,00742I0526A,KIT R 12UP OFERTA RIEL SUPER,C, 06/02/24, 06/02/24, 06/03/24, 06/03/24,06/03/2024,,,8,-22,4.00,0.00,4.00,83.00,CJ,"2,228.40",79,Jaime Blasques,"SALINAS, EMBARCAR 17 FEBRERO, CITA 20  FEBRERO"
*,I0ETI29782-13,RETENIDO,,,,,,,NE0742P,TIENDAS SORIANA,00742I0536A,PLANTILLA 1UP COMPARA Y AHORRA SUPER,C, 06/02/24, 06/02/24, 06/03/24, 06/03/24,06/03/2024,,,8,-22,1.00,0.00,1.00,54.00,CJ,246.88,79,Jaime Blasques,"SALINAS, EMBARCAR 17 FEBRERO, CITA 20  FEBRERO"
*,I0ETI29782-14,RETENIDO,,,,,,,NE0742P,TIENDAS SORIANA,00742I0530A,PLANTILLA 1UP PRECIO NORMAL SUPER,C, 06/02/24, 06/02/24, 06/03/24, 06/03/24,06/03/2024,,,8,-22,9.00,0.00,9.00,-35.00,CJ,"2,221.92",79,Jaime Blasques,"SALINAS, EMBARCAR 17 FEBRERO, CITA 20  FEBRERO"
*,I0ETI29782-15,RETENIDO,,,,,,,NE0742P,TIENDAS SORIANA,00742I0537A,KIT 24UP ADHESIVA PRECIO LINEA HIPER-S,C, 06/02/24, 06/02/24, 06/03/24, 06/03/24,06/03/2024,,,8,-22,49.00,0.00,49.00,-148.00,CJ,"68,765.13",79,Jaime Blasques,"SALINAS, EMBARCAR 17 FEBRERO, CITA 20  FEBRERO"
*,I0ETI29782-16,RETENIDO,,,,,,,NE0742P,TIENDAS SORIANA,00742I0539A,PLANTILLA 1UP REMATES UNICOS,C, 06/02/24, 06/02/24, 06/03/24, 06/03/24,06/03/2024,,,8,-22,6.00,0.00,6.00,-5.00,CJ,"1,481.28",79,Jaime Blasques,"SALINAS, EMBARCAR 17 FEBRERO, CITA 20  FEBRERO"
*,I0ETI29782-17,RETENIDO,,,,,,,NE0742P,TIENDAS SORIANA,00742I0338A,ETIQ. 1115 NARANJA,C, 06/02/24, 06/02/24, 06/03/24, 06/03/24,06/03/2024,,,8,-22,2.00,0.00,2.00,10.00,CJ,946.40,79,Jaime Blasques,"SALINAS, EMBARCAR 17 FEBRERO, CITA 20  FEBRERO"
*,I0ETI29782-18,RETENIDO,,,,,,,NE0742P,TIENDAS SORIANA,00742I0538A,KIT R 12UP RIEL REMATES UNICOS,C, 06/02/24, 06/02/24, 06/03/24, 06/03/24,06/03/2024,,,8,-22,3.00,0.00,3.00,54.00,CJ,"1,671.30",79,Jaime Blasques,"SALINAS, EMBARCAR 17 FEBRERO, CITA 20  FEBRERO"
*,I0ETI29782-19,RETENIDO,,,,,,,NE0742P,TIENDAS SORIANA,00742I0589A,KIT R 12UP RIEL MERCADO BCA LISA,C, 06/02/24, 06/02/24, 06/03/24, 06/03/24,06/03/2024,,,8,-22,8.00,0.00,8.00,10.00,CJ,"3,696.00",79,Jaime Blasques,"SALINAS, EMBARCAR 17 FEBRERO, CITA 20  FEBRERO"
*,I0ETI29782-2,RETENIDO,,,,,,,NE0742P,TIENDAS SORIANA,00742I0423B,PLANTILLA TE REGALA PUNTOS 1UP RED 032,C, 06/02/24, 06/02/24, 06/03/24, 06/03/24,06/03/2024,,,8,-22,2.00,0.00,2.00,2.00,CJ,470.36,79,Jaime Blasques,"SALINAS, EMBARCAR 17 FEBRERO, CITA 20  FEBRERO"
*,I0ETI29782-20,RETENIDO,,,,,,,NE0742P,TIENDAS SORIANA,00742I0588A,KIT R 12UP RIEL LISA AMARILLA,E, 06/02/24, 06/02/24, 06/03/24, 06/03/24,06/03/2024,,,8,-22,21.00,0.00,21.00,-57.00,CJ,"9,870.00",79,Jaime Blasques,"SALINAS, EMBARCAR 17 FEBRERO, CITA 20  FEBRERO"
*,I0ETI29782-3,RETENIDO,,,,,,,NE0742P,TIENDAS SORIANA,00742I0420B,PLANTILLA 1 UP A SOLO CON PUNTOS P-382,C, 06/02/24, 06/02/24, 06/03/24, 06/03/24,06/03/2024,,,8,-22,5.00,0.00,5.00,-8.00,CJ,"1,234.40",79,Jaime Blasques,"SALINAS, EMBARCAR 17 FEBRERO, CITA 20  FEBRERO"
*,I0ETI29782-4,RETENIDO,,,,,,,NE0742P,TIENDAS SORIANA,00742I0406B,PANTILLA DOBLABLE DE PUNTOS 2UP RED 032,C, 06/02/24, 06/02/24, 06/03/24, 06/03/24,06/03/2024,,,8,-22,1.00,0.00,1.00,-1.00,CJ,246.88,79,Jaime Blasques,"SALINAS, EMBARCAR 17 FEBRERO, CITA 20  FEBRERO"
*,I0ETI29782-5,RETENIDO,,,,,,,NE0742P,TIENDAS SORIANA,00742I0421B,PLANTILLA 2 UP DOBLABLE A SOLO P-382,C, 06/02/24, 06/02/24, 06/03/24, 06/03/24,06/03/2024,,,8,-22,4.00,0.00,4.00,-3.00,CJ,987.52,79,Jaime Blasques,"SALINAS, EMBARCAR 17 FEBRERO, CITA 20  FEBRERO"
*,I0ETI29782-6,RETENIDO,,,,,,,NE0742P,TIENDAS SORIANA,00742I0533A,PLANTILLA 1 UP OFERTA HIPER,C, 06/02/24, 06/02/24, 06/03/24, 06/03/24,06/03/2024,,,8,-22,293.00,0.00,293.00,-504.00,CJ,"72,335.84",79,Jaime Blasques,"SALINAS, EMBARCAR 17 FEBRERO, CITA 20  FEBRERO"
*,I0ETI29782-7,RETENIDO,,,,,,,NE0742P,TIENDAS SORIANA,00742I0527A,KIT R 12UP OFERTA RIEL HIPER,C, 06/02/24, 06/02/24, 06/03/24, 06/03/24,06/03/2024,,,8,-22,135.00,0.00,135.00,-322.00,CJ,"75,208.50",79,Jaime Blasques,"SALINAS, EMBARCAR 17 FEBRERO, CITA 20  FEBRERO"
*,I0ETI29782-8,RETENIDO,,,,,,,NE0742P,TIENDAS SORIANA,00742I0534A,PLANTILLA 1UP HIPER COMPARA Y AHORRA,C, 06/02/24, 06/02/24, 06/03/24, 06/03/24,06/03/2024,,,8,-22,1.00,0.00,1.00,10.00,CJ,246.88,79,Jaime Blasques,"SALINAS, EMBARCAR 17 FEBRERO, CITA 20  FEBRERO"
*,I0ETI29782-9,RETENIDO,,,,,,,NE0742P,TIENDAS SORIANA,00742I0531A,PLANTILLA 1 UP PRECIO NORMAL HIPER,C, 06/02/24, 06/02/24, 06/03/24, 06/03/24,06/03/2024,,,8,-22,125.00,0.00,125.00,-214.00,CJ,"30,860.00",79,Jaime Blasques,"SALINAS, EMBARCAR 17 FEBRERO, CITA 20  FEBRERO"
*,I0ETI29784-1,RETENIDO,,,,,,,NO1979P,PAPELERIA DANY,PL5165100,ETIQ. LASER 8 1/2 X 11 C/100,A, 07/02/24, 07/02/24, 14/02/24, 14/02/24,14/02/2024,,,7,0,10.00,0.00,10.00,120.00,PQ,"1,810.00",72,Arturo Castro,URGENTE
*,I0ETI29784-2,RETENIDO,,,,,,,NO1979P,PAPELERIA DANY,PL5160100,ETIQ. LASER 2 5/8 X 1 C/100,A, 07/02/24, 07/02/24, 14/02/24, 14/02/24,14/02/2024,,,7,0,10.00,0.00,10.00,427.00,PQ,"1,810.00",72,Arturo Castro,URGENTE
*,I0ETI29785-1,RETENIDO,,,,,,,NO2832P,GRUPO HILBURN,50000B0024A,ETIQ. TD 2X1 R-1500 C/P C-1,A, 07/02/24, 07/02/24, 14/02/24, 14/02/24,14/02/2024,,,7,0,100.00,0.00,100.00,9.00,CJ,"23,608.25",72,Arturo Castro,ENVIAR JUNTO CON EL PEDIDO DE CONSUMIBLES IOCON62425
,I0ETI29811-1,PLANEACION,,M0151306-250,18,1555.2,0.25,388.8,NE0969D,EMBOTELLADORA GEYSER,00969I0021A,ETIQ. TT PLASTA AZUL 801C C/P R/1000 C-3,C, 07/02/24, 07/02/24, 25/02/24, 24/02/24, 26/02/24,,,7,-12,80.00,0.00,80.00,0.00,MI,"6,707.01",79,Jaime Blasques,
*,I0ETI29787-1,RETENIDOS,,,,,,,N11805D,NAPS-JUAREZ,11805B0002B,"ET. TT BCA  4 X 3""  C.3 R-1200   C/P",B, 07/02/24, 07/02/24, 24/02/24, 24/02/24,24/02/2024,,,7,-10,45.00,0.00,45.00,0.00,RL,"8,224.31",59,Cynthia Garay,
*,I0ETI29787-2,RETENIDOS,,,,,,,N11805D,NAPS-JUAREZ,20000B0003,ETIQ. TT 4 X 6 C/P R/1000 C3,A, 07/02/24, 07/02/24, 24/02/24, 24/02/24,24/02/2024,,,7,-10,180.00,0.00,180.00,0.00,MI,"41,136.99",59,Cynthia Garay,
,I0ETI29811-2,PLANEACION,,M0151306-255,17.6,1520.64,0.255,387.7632,NE0969D,EMBOTELLADORA GEYSER,00969I0024A,TT PLASTA VERDE 802C C/P R/1000 C-3,C, 07/02/24, 07/02/24, 25/02/24, 24/02/24, 26/02/24,,,7,-12,80.00,0.00,80.00,0.00,MI,"6,707.01",79,Jaime Blasques,
,I0ETI29811-3,PLANEACION,,M0151306-250,18,1555.2,0.25,388.8,NE0969D,EMBOTELLADORA GEYSER,00969I0022A,ETIQ. TT PLASTA AMA. 803C C/P R/1000 C-3,C, 07/02/24, 07/02/24, 25/02/24, 24/02/24, 26/02/24,,,7,-12,80.00,0.00,80.00,0.00,MI,"6,707.01",79,Jaime Blasques,
,cs00005133-1,PLANEACION,OE00049374,M0549153-215,29.9,3229.2,0.215,694.278,TTIJ,ALMACEN ETIQUETAS MONTERREY-MP,PL5162100,ETIQUETA LASER 4 X 1 1/3,B, 08/02/24, 08/02/24, 26/02/24, 26/02/24, 28/02/24,,,6,-12,100.00,0.00,100.00,0.00,PQ,"7,200.00",,#N/A,
,cs00005133-2,PLANEACION,OE00049375,M0549153-215,29,1879.2,0.215,404.028,TTIJ,ALMACEN ETIQUETAS MONTERREY-MP,PL2113100,"ETQ. LASER 8 1/2"" X 5 1/2"" C/100",A, 08/02/24, 08/02/24, 26/02/24, 26/02/24, 28/02/24,,,6,-12,60.00,0.00,60.00,60.00,PQ,"3,170.59",,#N/A,
,cs00005133-3,PLANEACION,OE00049376,M0549153-215,29,1566,0.215,336.69,TTIJ,ALMACEN ETIQUETAS MONTERREY-MP,PL5160100,ETIQ. LASER 2 5/8 X 1 C/100,A, 08/02/24, 08/02/24, 26/02/24, 26/02/24, 28/02/24,,,6,-12,50.00,0.00,50.00,427.00,PQ,"3,604.00",,#N/A,
*,I0ETI29794-1,RETENIDO,,,,,,,N12314P,COMERCIALIZADORA DE EQUIPO NEUMATICO Y DE INSTRUMENTACION,PL5165-100,ETIQ. LASER 8 1/2 X 11 C/100,C, 07/02/24, 07/02/24, 25/02/24, 12/02/24,25/02/2024,,,7,-12,30.00,0.00,30.00,0.00,PQ,"6,094.94",205,Gabriela Chapa,
,cs00005133-4,PLANEACION,OE00049377,M0549153-215,29,6264,0.215,1346.76,TTIJ,ALMACEN ETIQUETAS MONTERREY-MP,PL5161100,ETIQ. LASER 4 X 1 C/100,A, 08/02/24, 08/02/24, 26/02/24, 26/02/24, 28/02/24,,,6,-12,200.00,0.00,200.00,80.00,PQ,"13,258.82",,#N/A,
,cs00005133-5,PLANEACION,OE00049378,M0549153-215,29,1566,0.215,336.69,TTIJ,ALMACEN ETIQUETAS MONTERREY-MP,PL5163100,ETIQ. LASER 4 X 2 C/100,A, 08/02/24, 08/02/24, 26/02/24, 26/02/24, 28/02/24,,,6,-12,50.00,0.00,50.00,182.00,PQ,"3,330.88",,#N/A,
,I0ETI29149-1,PLANEACION,OE00048733,M1830236-290,97.367,5257.818,0.29,1524.76722,CT9222P,RECKITT BENCKISER MEXICO,09222I0035A,ETIQ. 3169066 VANISH WHITE NARNIA 450G,C, 18/01/24, 19/01/24, 26/02/24, 26/02/24, 28/02/24,,,26,-12,50.00,0.00,50.00,0.00,MI,"48,275.50",79,Jaime Blasques,
,I0ETI29150-1,PLANEACION,OE00048732,M0549204-325,17.99,7577.388,0.325,2462.6511,CT9222P,RECKITT BENCKISER MEXICO,09222B0007B,"KIT ETIQ 50021854 TT 4""X2"" R3000 C/RIBBO",C, 18/01/24, 19/01/24, 26/02/24, 26/02/24, 28/02/24,,,26,-12,390.00,0.00,390.00,0.00,MI,"41,067.00",79,Jaime Blasques,
,I0ETI29152-1,PLANEACION,OE00048730,M0549196-215,7.14,1850.688,0.215,397.89792,CT9222P,RECKITT BENCKISER MEXICO,09222B0001C,"KIT ETIQ TT 1 7/8""X1"" 2-P RIBBON 110X300",C, 18/01/24, 19/01/24, 26/02/24, 26/02/24, 28/02/24,,,26,-12,240.00,0.00,240.00,0.00,MI,"7,507.20",79,Jaime Blasques,
,I0ETI29153-1,MP,OE00048729,M1830236-205,31.044,3352.752,0.205,687.31416,CT9222P,RECKITT BENCKISER MEXICO,09222I0032A,ETIQ. 3097079 HARPIC ANTI-HONGOS 650 ML.,C, 18/01/24, 19/01/24, 26/02/24, 26/02/24, 28/02/24,,,26,-12,100.00,0.00,100.00,0.00,MI,"16,446.00",79,Jaime Blasques,
,I0ETI29671-1,LIB XEIKON,OE00049393,M0549275-220/M0639111-220,4.03,522.288,0.22,114.90336,NE9522D,ARYSTA LIFESCIENCE MEXICO,09195D1092A,2032626 S-PV-ME-0822-P HOL,D, 02/02/24, 02/02/24, 26/02/24, 26/02/24, 28/02/24,,,12,-12,120.00,0.00,120.00,0.00,MI,"20,595.96",39,Alejandro de Mata,
,cs00005142-1,PLANEACION,OE00049487,M0549153-215,35.56,19202.4,0.215,4128.516,TTIJ,ALMACEN ETIQUETAS MONTERREY-MP,11181B0001A,ETIQ. LASER 8.5 X 14  de 2 5/8 x 12 7/8,C, 12/02/24, 12/02/24, 27/02/24, 27/02/24, 29/02/24,,,2,-13,500.00,0.00,500.00,0.00,PQ,"47,500.00",,#N/A,
,I0ETI28747-2,PT,OE00048297,M0549142-254/M0151226-254,114.3,617.22,0.254,156.77388,NE3330P,QUALTIA ALIMENTOS OPERACIONES,03330D0012B,ETIQ DIGITAL B6422 JAMON PAVO FARMHILL,D, 10/01/24, 11/01/24, 27/02/24, 27/02/24, 29/02/24,,14/2/2024,34,-13,5.00,0.00,5.00,0.00,MI,"21,371.50",79,Jaime Blasques,
,I0ETI28747-5,PLANEACION,OE00048300,M0549142-285,114.3,1851.66,0.285,527.7231,NE3330P,QUALTIA ALIMENTOS OPERACIONES,03330D0001B,ETIQ. B6775 JAMÓN PIERNA TRADICIONAL KIR,D, 10/01/24, 11/01/24, 27/02/24, 27/02/24, 29/02/24,,,34,-13,15.00,0.00,15.00,0.00,MI,"36,748.50",79,Jaime Blasques,
,I0ETI28747-8,LIB NP5,OE00048303,M0549142-245/M0151226-250,114.3,1851.66,0.245,453.6567,NE3330P,QUALTIA ALIMENTOS OPERACIONES,03330I0027D,ETIQ. B6846 JAMON VIRGINIA ZWAN BIO,B, 10/01/24, 11/01/24, 27/02/24, 27/02/24, 29/02/24,,,34,-13,15.00,0.00,15.00,1.00,MI,"30,247.50",79,Jaime Blasques,
,I0ETI29860-1,PLANEACION,,M1830251-180,206.5,22748.04,0.18,4094.6472,NE2196P,MARIA MARGARITA TREVIÑO FUENTES,02196I0002,ETIQ. 6.5 X 8 IMPRESA A UNA TINTA,B, 09/02/24, 09/02/24, 27/02/24, 27/02/24, 29/02/24,,,5,-13,102.00,0.00,102.00,0.00,MI,"53,584.38",39,Alejandro de Mata,
,I0ETI29838-1,PLANEACION,OE00049394,M0549196-220,79.375,1543.05,0.22,339.471,N11418D,NIPPON SEIKI DE MEXICO,11418I0001A,"ET TT. 4X3"" C/PLECA, 1TIN FRANJA VERDE,",C, 09/02/24, 09/02/24, 27/02/24, 27/02/24, 29/02/24,,,5,-13,18.00,0.00,18.00,0.00,RL,"4,554.74",59,Cynthia Garay,
*,I0ETI29818-1,RETENIDOS,,,,,,,NE7141P,SPRAYLAB,07141I0151A,MANGA 2PACK KROGER CANOLA OIL,E, 08/02/24, 08/02/24, 09/03/24, 09/03/24,09/03/2024,,,6,-24,30.00,0.00,30.00,0.00,MI,"29,059.50",79,Jaime Blasques,
*,I0ETI29819-1,RETENIDO,,,,,,,S11927D,CARNICERIA CRETA,11927B0001A,"ETIQ. TD SINTETICO 4X3"" R-500 C-1""",C, 08/02/24, 08/02/24, 27/02/24, 27/02/24,27/02/2024,,,6,-13,40.00,0.00,40.00,0.00,MI,"13,976.09",201,Sonia Segura,
,I0ETI29839-1,PLANEACION,,M1830243-220,126.2,2725.92,0.22,599.7024,NE8505D,LAMINA Y PLACA COMERCIAL,08505I0002A,ETI.LINEA DE GALVANIZADO,C, 09/02/24, 09/02/24, 27/02/24, 27/02/24, 29/02/24,,,5,-13,20.00,0.00,20.00,0.00,MI,"9,886.49",39,Alejandro de Mata,
,I0ETI29841-1,PLANEACION,OE00049457,M0151319-220,35,13910.4,0.22,3060.288,NT5353D,I.D CONSULTORES,05353B0002A,"ETIQUETA DE PAPEL TD MEDIDA 4"" X 6"" CP",C, 09/02/24, 12/02/24, 27/02/24, 27/02/24, 29/02/24,,,2,-14,368.00,0.00,368.00,0.00,RL,"43,204.75",205,Gabriela Chapa,COORDINAR ENTREGA CON VENTAS NO EMBARCAR HASTA TENER INFORMACIÓN
,I0ETI29824-1,PLANEACION,,M0151319-220,103.2,111456,0.22,24520.32,N10887P,CORRUEMP,10887B0003A,ETIQ. TD 4X8 R/1000 C/3 C/P,C, 08/02/24, 08/02/24, 27/02/24, 27/02/24, 29/02/24,,,6,-14,"1,000.00",0.00,"1,000.00",0.00,RL,"385,560.00",210,Alberto Limas,
,I0ETI29845-1,PLANEACION,,M0151306-250,55.03,4160.268,0.25,1040.067,C12290P,INTIMARK,12290B0002A,"RLL TT, 76X38MM, C/P, 4000, C3"",INTIMARK",C, 09/02/24, 09/02/24, 27/02/24, 27/02/24, 29/02/24,,,5,-14,70.00,0.00,70.00,0.00,RL,"13,695.50",118,Martin Rodriguez,
,I0ETI29830-1,PLANEACION,,M0549275-285,44.45,2880.36,0.285,820.9026,S11645P,SALMI DEL SURESTE,11645I0002C,ETIQ. SALMI CHISTORRA 1 K,C, 08/02/24, 08/02/24, 27/02/24, 27/02/24, 29/02/24,,,6,-14,60.00,0.00,60.00,0.00,MI,"34,660.84",201,Sonia Segura,"ENVIAR 3 JUEGOS DE ORDEN DE COMPRA, CERTIFICADO DE CALIDAD Y FACTURA"
*,I0ETI29831-1,RETENIDO,,,,,,,C12108P,JOAQUIN GACHUPIN MORA,10816B0006A,"ETIQ. TD 4X8 R400 C3"" C/P  PRECORTE",C, 08/02/24, 08/02/24, 27/02/24, 08/02/24,27/02/2024,,,6,-14,15.00,0.00,15.00,0.00,MI,"4,893.50",179,Guadalupe Gomar,
*,I0ETI29831-2,RETENIDO,,,,,,,C12108P,JOAQUIN GACHUPIN MORA,10816B0005A,"ETIQ. TD 4X8 R400 C1.5"" C/P  PRECORTE",C, 08/02/24, 08/02/24, 27/02/24, 08/02/24,27/02/2024,,,6,-14,10.00,0.00,10.00,0.00,MI,"3,262.34",179,Guadalupe Gomar,
*,I0ETI29831-3,RETENIDO,,,,,,,C12108P,JOAQUIN GACHUPIN MORA,10816B0002A,ETIQ.TD 4 X 6 C-P C-1.5 R-400,C, 08/02/24, 08/02/24, 27/02/24, 08/02/24,27/02/2024,,,6,-14,10.00,0.00,10.00,0.00,MI,"2,546.84",179,Guadalupe Gomar,
,I0ETI29830-2,PLANEACION,,M0549275-275,38.1,2468.88,0.275,678.942,S11645P,SALMI DEL SURESTE,11645I0005C,ETIQ. SALMI CHORIZO ARGENTINO 400 GRS,C, 08/02/24, 08/02/24, 27/02/24, 27/02/24, 29/02/24,,,6,-14,60.00,0.00,60.00,0.00,MI,"28,691.53",201,Sonia Segura,"ENVIAR 3 JUEGOS DE ORDEN DE COMPRA, CERTIFICADO DE CALIDAD Y FACTURA"
,I0ETI29830-3,PLANEACION,,M0549275-275,38.1,2468.88,0.275,678.942,S11645P,SALMI DEL SURESTE,11645I0004C,ETIQ. SALMI CHISTORRA 300 GRS,C, 08/02/24, 08/02/24, 27/02/24, 27/02/24, 29/02/24,,,6,-14,60.00,0.00,60.00,0.00,MI,"28,691.53",201,Sonia Segura,"ENVIAR 3 JUEGOS DE ORDEN DE COMPRA, CERTIFICADO DE CALIDAD Y FACTURA"
,I0ETI29834-1,PLANEACION,,M1001912-325,17.99,50127.336,0.325,16291.3842,S10789D,AEROPUERTO DE CANCUN,10789I0002A,BAG TAG ASUR,C, 08/02/24, 08/02/24, 27/02/24, 27/02/24, 29/02/24,,,6,-14,"2,580.00",0.00,"2,580.00",0.00,RL,"359,088.71",9775,Magdalena Martínez,
,I0ETI29543-1,PLANEACION,OE00049000,M3356359-230,17.2,5572.8,0.23,1281.744,NO6304P,GENARO BORQUEZ GASTELUM,06304B0012A,"ETIQ. COLGANTE 34.7 X 51.50 MM C3"" R-200",E, 29/01/24, 30/01/24, 27/02/24, 27/02/24, 29/02/24,,,15,-14,300.00,0.00,300.00,0.00,RL,"21,258.00",72,Arturo Castro,URGENTE
,I0ETI29252-1,PLANEACION,OE00049270,M1830236-185,82.55,44577,0.185,8246.745,CT9222P,RECKITT BENCKISER MEXICO,09222I0009C,ETIQ. 50036802 VANISH PINK 925 ML. FTE.,C, 22/01/24, 07/02/24, 28/02/24, 28/02/24, 01/03/24,,,7,-14,500.00,0.00,500.00,0.00,MI,"187,085.00",79,Jaime Blasques,
,I0ETI29663-1,PLANEACION,OE00049107,M0034320-215,12.7,3429,0.215,737.235,NE6447P,OPERADORA MERCO,06447I0004A,ETIQ. LOGO VERDE,B, 01/02/24, 01/02/24, 28/02/24, 28/02/24, 01/03/24,,,13,-14,250.00,0.00,250.00,0.00,MI,"30,539.25",59,Cynthia Garay,CITA 28 DE FEBRERO 2024
,I0ETI29663-2,PLANEACION,OE00049108,M0151319-325,6.6,1782,0.325,579.15,NE6447P,OPERADORA MERCO,06447B0003A,ROLLO CONTINUO 57MM X 33MTS BASCULA DIGI,C, 01/02/24, 01/02/24, 28/02/24, 28/02/24, 01/03/24,,,13,-14,250.00,0.00,250.00,250.00,RL,"10,182.50",59,Cynthia Garay,CITA 28 DE FEBRERO 2024
,I0ETI29906-1,PLANEACION,,M0549217-220,77.9,8413.2,0.22,1850.904,NE3611D,CERVECERIA CUAUHTEMOC MOCTEZUMA,03611I0002,17020167 ETIQ. REMOVIBLE AUTOMATICA,B, 12/02/24, 12/02/24, 28/02/24, 28/02/24, 01/03/24,,,2,-14,100.00,0.00,100.00,0.00,MI,"54,983.89",39,Alejandro de Mata,
,I0ETI29554-1,PLANEACION,OE00049004,M3356356-370,4.233,11429.1,0.37,4228.767,N10047P,CECFRANQUICIAS,10047I0001E,TICKET CHUCK E. CHEESES,E, 30/01/24, 30/01/24, 28/02/24, 28/02/24, 01/03/24,,,15,-14,"2,500.00",0.00,"2,500.00",0.00,MI,"41,626.87",182,Clelia Sanchez,
,I0CON60392-1,CEDIS,,M0549275-325,28.57,1974.7584,0.325,641.79648,S12268P,EMBUTIDOS DEL ISTMO,12268I0001A,ETIQ.  CHISTORRA AHUMADA DE CERDO,C, 07/12/23, 21/12/23, 21/12/23, 29/02/24,N/A,,,55,55,64.00,0.00,64.00,0.00,MI,"36,865.92",201,Sonia Segura,
,I0CON61996-1,CEDIS,,M0151319-305,388.6,8393.76,0.305,2560.0968,NO6304P,GENARO BORQUEZ GASTELUM,50000B0066A,ETIQ. TD TORREY 57 X 40 R-1500 C-38 B/30,A, 23/01/24, 23/01/24, 30/01/24, 29/02/24,N/A,,,22,14,20.00,0.00,20.00,24.00,CJ,"28,800.00",72,Arturo Castro,ENVIAR URGENTE
,I0ETI28087-1,PT,,M0549153-215,27.9,1205.28,0.215,259.1352,NE9798D,UNICAR PLASTICS,09798B0001A,ETIQ. LASER 4 1/4 X 2 3/4 C/100,B, 19/12/23, 19/12/23, 19/12/23, 29/02/24, 02/03/24,,,57,57,40.00,0.00,40.00,0.00,PQ,"5,996.15",182,Clelia Sanchez,
,I0ETI28159-1,PT,,M0151306-220,84.7,1555.092,0.22,342.12024,NE5911D,ACS INTERNACIONAL,05911I0008A,ETIQ. TT YELLOW 4 X 6 1/2 C/PLECA C-3,C, 22/12/23, 22/12/23, 10/01/24, 29/02/24, 02/03/24,,,54,35,17.00,0.00,17.00,0.00,MI,"5,086.23",182,Clelia Sanchez,"REVISAR FICHA TÉCNICA
SHIP DATE: (COLOCAR FECHA DE EMPAQUE) | PART NO. LABEL- YELLOW | PART DESC: LABEL, 4"" X 6.5"" YELLOW | QUANTITY: (SOLICITAR INF A PRODUCCIÓN) | UOM: PCS | LOTE BATCH: (COLOCAR WOT PCM)  | SOURCE_REF2: 1 | SOURCE_REF3: 1 | P.O: P372177"
*,I0ETI29837-1,RETENIDO,,,,,,,NE0742P,TIENDAS SORIANA,00742B0171A,ETIQ TD BIZERBA 58X114MM R/280 CAJA C/40,C, 09/02/24, 09/02/24, 27/02/24, 27/02/24,27/02/2024,,,5,-13,6.00,0.00,6.00,-37.00,CJ,"6,092.70",79,Jaime Blasques,NUEVO LAREDO   TIENDA DIRECTA
*,I0ETI29837-2,RETENIDO,,,,,,,NE0742P,TIENDAS SORIANA,10000B0012,TD BIZERBA 57 X 43 R/800 B/34,B, 09/02/24, 09/02/24, 27/02/24, 27/02/24,27/02/2024,,,5,-13,6.00,0.00,6.00,-357.00,CJ,"5,844.72",79,Jaime Blasques,NUEVO LAREDO   TIENDA DIRECTA
*,I0ETI29837-3,RETENIDO,,,,,,,NE0742P,TIENDAS SORIANA,00742B0043A,ROLLO CONTINUO BIZERBA 57X50 B50,B, 09/02/24, 09/02/24, 27/02/24, 27/02/24,27/02/2024,,,5,-13,6.00,0.00,6.00,5.00,CJ,"10,501.98",79,Jaime Blasques,NUEVO LAREDO   TIENDA DIRECTA
,I0ETI28187-1,PT,OE00047884,M0151306-220,84.7,1555.092,0.22,342.12024,NE5911D,ACS INTERNACIONAL,05911I0004A,ETIQ TT LIGHTGREEN 4 X 6 1/2 C/PLECA C-3,C, 22/12/23, 22/12/23, 10/01/24, 29/02/24, 02/03/24,,,54,35,17.00,0.00,17.00,0.00,MI,"5,086.23",182,Clelia Sanchez,
,I0ETI29006-1,PT LOGISTICA,OE00048786,M0549153-215,29,2505.6,0.215,538.704,NE9798D,UNICAR PLASTICS,PL1069100,ETIQ. LASER 4 1/4 X 2 3/4 C100,C, 16/01/24, 16/01/24, 03/02/24, 29/02/24, 02/03/24,,,29,11,80.00,0.00,80.00,0.00,PQ,"11,760.14",182,Clelia Sanchez,PUEBLA
,I0ETI29279-1,PLANEACION,,M4800005-360,228.6,781.812,0.36,281.45232,N11205D,GRUPO IDALIMENTOS,11205I0005B,MANGA ADEREZO BLUE CHEASE,E, 23/01/24, 23/01/24, 29/02/24, 29/02/24, 02/03/24,,,22,-15,3.00,0.00,3.00,0.00,MI,"7,927.55",39,Alejandro de Mata,
,I0ETI29279-2,PLANEACION,,M4800005-360,228.6,781.812,0.36,281.45232,N11205D,GRUPO IDALIMENTOS,11205I0003B,MANGA ADEREZO CESAR,E, 23/01/24, 23/01/24, 29/02/24, 29/02/24, 02/03/24,,,22,-15,3.00,0.00,3.00,0.00,MI,"7,927.55",39,Alejandro de Mata,
,I0ETI29279-3,PLANEACION,,M4800005-360,228.6,781.812,0.36,281.45232,N11205D,GRUPO IDALIMENTOS,11205I0005B,MANGA ADEREZO BLUE CHEASE,E, 23/01/24, 23/01/24, 29/02/24, 29/02/24, 02/03/24,,,22,-15,3.00,0.00,3.00,0.00,MI,"7,927.55",39,Alejandro de Mata,
,I0ETI29279-4,PLANEACION,,M4800005-360,228.6,1303.02,0.36,469.0872,N11205D,GRUPO IDALIMENTOS,11205I0001B,MANGA ADEREZO MIL ISLAS,E, 23/01/24, 23/01/24, 29/02/24, 29/02/24, 02/03/24,,,22,-15,5.00,0.00,5.00,0.00,MI,"13,212.58",39,Alejandro de Mata,
,I0ETI29279-5,PLANEACION,,M4800005-360,228.6,781.812,0.36,281.45232,N11205D,GRUPO IDALIMENTOS,11205I0002B,MANGA ADEREZO RANCH,E, 23/01/24, 23/01/24, 29/02/24, 29/02/24, 02/03/24,,,22,-15,3.00,0.00,3.00,0.00,MI,"7,927.55",39,Alejandro de Mata,
,I0TIJ12285-1,CEDIS,,M0151306-325,207.4,2239.92,0.325,727.974,N10413D,EC PRINT,50000B0015A,ETIQ. TT 4 X 6 C/P R/1000 C-3,A, 09/02/24, 13/02/24, 20/02/24, 29/02/24,N/A,,,1,-6,10.00,0.00,10.00,-13.00,CJ,"7,633.83",210,Alberto Limas,
,I0ETI29590-1,SOLO FACT,,M0151306-325,207.4,6719.76,0.325,2183.922,N12287D,OPP FILM MEXICO,50000B0015A,ETIQ. TT 4 X 6 C/P R/1000 C-3,A, 30/01/24, 30/01/24, 06/02/24, 29/02/24,N/A,,,15,7,30.00,0.00,30.00,-13.00,CJ,"25,913.34",182,Clelia Sanchez,SOLO FACTURAR SUSTITUYE A LA EFV126705
,I0ETI29868-2,PLANEACION,OE00049425,M0549199-300,82.55,10698.48,0.3,3209.544,NE0969P,EMBOTELLADORA GEYSER,00969I0025C,ETIQ. CIEL BIDON 5 LT.,B, 10/02/24, 10/02/24, 29/02/24, 29/02/24, 02/03/24,,,4,-15,120.00,0.00,120.00,0.00,MI,"115,440.00",79,Jaime Blasques,
,I0ETI29868-3,PLANEACION,OE00049426,M0549199-300,82.55,9806.94,0.3,2942.082,NE0969P,EMBOTELLADORA GEYSER,00969I0025C,ETIQ. CIEL BIDON 5 LT.,B, 10/02/24, 10/02/24, 29/02/24, 29/02/24, 02/03/24,,,4,-15,110.00,0.00,110.00,0.00,MI,"105,820.00",79,Jaime Blasques,
,I0TIJ12284-1,CEDIS,,M0151306-220,356.5,5005.26,0.22,1101.1572,N10413D,EC PRINT,50000B0016A,ETIQ. TT 4X3 R-1500 C/P C-3,C, 09/02/24, 13/02/24, 02/03/24, 29/02/24,N/A,,,1,-17,13.00,0.00,13.00,0.00,CJ,"12,555.61",210,Alberto Limas,
,I0ETI29545-1,PLANEACION,OE00049498,M0549163-215,7.5,4050,0.215,870.75,NE8509D,PROVEEDORA DE SEGURIDAD INDUSTRIAL DEL GOLFO,08509B0010A,ETIQ. TD 1 1/2 x 1 R/1300 C/1 C/P,C, 29/01/24, 13/02/24, 29/02/24, 29/02/24, 02/03/24,,,1,-15,500.00,0.00,500.00,0.00,RL,"21,546.88",210,Alberto Limas,SOLICITAR CONTACTO PARA EL ENVIO
,I0MEX22866-1,CEDIS,,M0151306-220,315,340.2,0.22,74.844,CT9739P,SOLUCION INTEGRAL EN CODIFICADO,50000B0012A,ETIQ. TT 4X2 R-2000 C/P C-3,A, 10/01/24, 10/01/24, 17/01/24, 29/02/24,N/A,,,35,27,1.00,0.00,1.00,62.00,CJ,988.62,179,Guadalupe Gomar,
,I0MEX23117-1,CEDIS,,M0151306-325,207.4,447.984,0.325,145.5948,CT8968P,JAIME POSADAS MORENO,50000B0015A,ETIQ. TT 4 X 6 C/P R/1000 C-3,A, 29/01/24, 29/01/24, 04/02/24, 29/02/24,N/A,,,16,9,2.00,0.00,2.00,-13.00,CJ,"1,403.82",179,Guadalupe Gomar,
,I0TIJ12092-1,CEDIS,,M7974163-220,15.7,678.24,0.22,149.2128,NE8509D,PROVEEDORA DE SEGURIDAD INDUSTRIAL DEL GOLFO,08509B0005A,ETIQ. TD 4X4 R-350 C-1 C-P,C, 07/01/24, 16/01/24, 03/02/24, 29/02/24,N/A,,,29,11,40.00,0.00,40.00,0.00,RL,"2,761.42",210,Alberto Limas,
,I0TIJ12092-2,CEDIS,,M0549196-255,21.7,93.744,0.255,23.90472,NE8509D,PROVEEDORA DE SEGURIDAD INDUSTRIAL DEL GOLFO,08509I0001A,ETIQUETA TT BLANCA IMPRESA 3X5 R-500 C-3,C, 07/01/24, 16/01/24, 03/02/24, 29/02/24,N/A,,,29,11,4.00,0.00,4.00,0.00,RL,481.51,210,Alberto Limas,
,I0TIJ12116-1,CEDIS,,M0151306-220,318.2,1030.968,0.22,226.81296,NE8509D,PROVEEDORA DE SEGURIDAD INDUSTRIAL DEL GOLFO,50000I0017A,ETIQ. TT 4 X 6 C/P R-1000 C-3 Y (AMARILL,A, 10/01/24, 11/01/24, 18/01/24, 29/02/24,N/A,,,34,27,3.00,0.00,3.00,17.00,CJ,"2,725.77",210,Alberto Limas,
,I0TIJ12125-1,CEDIS,,M0549163-245,15.24,1349.6544,0.245,330.665328,NT7640P,JOSE ANGEL GUSTAVO MONDRAGON ORDAZ,11214B0001B,ETIQ. TD 3 X 1 R/1600 C/1 C/P,C, 15/01/24, 15/01/24, 02/02/24, 29/02/24,N/A,,,30,11,98.00,16.00,82.00,0.00,RL,"5,057.18",12,Martha Lopez,
*,I0ETI29857-1,RETENIDO,,,,,,,NE1110P,JOSE FERNANDO GOMEZ CUEVAS,01110I0001B,ETIQ. LACTEOS FINOS GUINDA,C, 09/02/24, 09/02/24, 27/02/24, 27/02/24,27/02/2024,,,5,-14,65.00,0.00,65.00,0.00,MI,"30,181.75",182,Clelia Sanchez,
*,I0ETI29857-2,RETENIDO,,,,,,,NE1110P,JOSE FERNANDO GOMEZ CUEVAS,01110I0002B,ETIQ. LACTEOS FINOS ROJA,C, 09/02/24, 09/02/24, 27/02/24, 27/02/24,27/02/2024,,,5,-14,15.00,0.00,15.00,0.00,MI,"6,965.02",182,Clelia Sanchez,
,I0TIJ12134-4,CEDIS,,M0549196-230,311.1,1007.964,0.23,231.83172,C11315P,KB FOAM DE MEXICO,50000I0022A,ETIQ. TT 4 X 6 C/P R-1000 C-3 P-245 (MOR,C, 16/01/24, 17/01/24, 04/02/24, 29/02/24,N/A,,,28,10,3.00,0.00,3.00,0.00,CJ,"3,242.40",210,Alberto Limas,
,I0TIJ12149-1,CEDIS,,M0549153-215,35.56,2611.5264,0.215,561.478176,C11181D,RODRIGO PIETSCH RESENDIZ,11181B0001A,ETIQ. LASER 8.5 X 14  de 2 5/8 x 12 7/8,C, 21/01/24, 22/01/24, 09/02/24, 29/02/24,N/A,,,23,5,483.00,415.00,68.00,0.00,PQ,"9,192.79",210,Alberto Limas,
,I0TIJ12151-1,CEDIS,,M0151319-325,210.2,454.032,0.325,147.5604,N10887P,CORRUEMP,50000B0004A,ETIQ. TD 4X6 R-1000 C/P C-3,A, 21/01/24, 22/01/24, 28/01/24, 29/02/24,N/A,,,23,17,210.00,208.00,2.00,29.00,CJ,"1,980.00",210,Alberto Limas,
,I0TIJ12153-1,CEDIS,,M0151319-220,269.3,2035.908,0.22,447.89976,N12067P,MANUEL MEDINA JIMENEZ,50000B0002A,ETIQ. TD 4X2 R-2500 C/P C-3,A, 22/01/24, 25/01/24, 01/02/24, 29/02/24,N/A,,,20,13,8.00,1.00,7.00,30.00,CJ,"5,989.73",210,Alberto Limas,
,I0TIJ12174-1,CEDIS,,M2644003-254,39.68,25712.64,0.254,6531.01056,N10272D,DISTRIBUIDORA EL FLORIDO,10272I0001A,"ETIQ. TD 70GR 3.125"" X 1.25"" R5000 C1 CP",C, 26/01/24, 26/01/24, 13/02/24, 29/02/24,N/A,,,19,0,600.00,0.00,600.00,0.00,RL,"114,849.24",210,Alberto Limas,
,I0TIJ12191-1,CEDIS,,M0151319-220,103.2,111456,0.22,24520.32,N10887P,CORRUEMP,10887B0003A,ETIQ. TD 4X8 R/1000 C/3 C/P,C, 29/01/24, 30/01/24, 17/02/24, 29/02/24,N/A,,,15,-3,"1,000.00",0.00,"1,000.00",0.00,RL,"385,560.00",210,Alberto Limas,EN TRANSFERENCIA Y FACTURAR AL LLEGAR (PROTECC)
,I0TIJ12192-1,CEDIS,,M0151319-220,103.2,102539.52,0.22,22558.6944,N10887P,CORRUEMP,10887B0003A,ETIQ. TD 4X8 R/1000 C/3 C/P,C, 29/01/24, 30/01/24, 17/02/24, 29/02/24,N/A,,,15,-3,920.00,0.00,920.00,0.00,RL,"354,715.20",210,Alberto Limas,TRANFERECIA A LLEGAR  ( PROTEC )
,I0TIJ12249-1,CEDIS,,M0151319-325,6.04,782.784,0.325,254.4048,N11646P,IMPRESOS Y ETIQUETAS MONACO,11336I0001A,ETIQ. BASCULA BRENDA 57 X 40 R/700 C/38,C, 06/02/24, 06/02/24, 24/02/24, 29/02/24,N/A,,,8,-11,120.00,0.00,120.00,0.00,RL,"4,155.60",12,Martha Lopez,
,I0TIJ12253-1,CEDIS,,M0549153-215,29,4698,0.215,1010.07,N11393P,MN PROVEEDORA,PL5161100,ETIQ. LASER 4 X 1 C/100,A, 06/02/24, 06/02/24, 18/02/24, 29/02/24,N/A,,,8,-5,150.00,0.00,150.00,80.00,PQ,"23,610.00",210,Alberto Limas,PEDIDO DE ABRIL
,I0TIJ12253-2,CEDIS,,M0549153-215,29.9,3229.2,0.215,694.278,N11393P,MN PROVEEDORA,PL5162100,ETIQUETA LASER 4 X 1 1/3,B, 06/02/24, 06/02/24, 18/02/24, 29/02/24,N/A,,,8,-5,100.00,0.00,100.00,0.00,PQ,"15,740.00",210,Alberto Limas,PEDIDO DE ABRIL
,I0TIJ12253-3,CEDIS,,M0549153-215,29,313.2,0.215,67.338,N11393P,MN PROVEEDORA,PL5160100,ETIQ. LASER 2 5/8 X 1 C/100,A, 06/02/24, 06/02/24, 18/02/24, 29/02/24,N/A,,,8,-5,10.00,0.00,10.00,427.00,PQ,"1,574.00",210,Alberto Limas,PEDIDO DE ABRIL
,I0TIJ12253-4,CEDIS,,M0549153-215,29,626.4,0.215,134.676,N11393P,MN PROVEEDORA,PL5163100,ETIQ. LASER 4 X 2 C/100,A, 06/02/24, 06/02/24, 18/02/24, 29/02/24,N/A,,,8,-5,20.00,0.00,20.00,182.00,PQ,"3,148.00",210,Alberto Limas,PEDIDO DE ABRIL
*,I0ETI29869-1,RETENIDO,,,,,,,BA3362P,BACHOCO ( CELAYA ),03362B0007A,ETIQ. TERMICA 3x3” S/SEG BLANCA,B, 10/02/24, 10/02/24, 23/02/24, 12/02/24,23/02/2024,,,4,-9,64.00,0.00,64.00,518.00,MI,"11,673.60",59,Cynthia Garay,CONSIGNACIÓN SOLO FACTURAR
*,I0ETI29869-2,RETENIDO,,,,,,,BA3362P,BACHOCO ( CELAYA ),03362B0005A,ETI. TERMICA FECHA DE CADUCIDAD,B, 10/02/24, 10/02/24, 23/02/24, 12/02/24,23/02/2024,,,4,-9,136.00,0.00,136.00,-160.00,MI,"3,326.56",59,Cynthia Garay,CONSIGNACIÓN SOLO FACTURAR
*,I0ETI29869-3,RETENIDO,,,,,,,BA3362P,BACHOCO ( CELAYA ),03362B0003A,ETIQ. BCA. TOTE 4 X 4 1/4 RESPALDO LAM,B, 10/02/24, 10/02/24, 23/02/24, 12/02/24,23/02/2024,,,4,-9,100.00,0.00,100.00,-198.00,MI,"39,995.00",59,Cynthia Garay,CONSIGNACIÓN SOLO FACTURAR
*,I0ETI29869-4,RETENIDO,,,,,,,BA3362P,BACHOCO ( CELAYA ),03362I0362A,ETIQ. TERMICA 4 X 4” C/SEG AZUL SELLO TI,B, 10/02/24, 10/02/24, 23/02/24, 12/02/24,23/02/2024,,,4,-9,50.00,0.00,50.00,204.00,MI,"18,762.50",59,Cynthia Garay,CONSIGNACIÓN SOLO FACTURAR
*,I0ETI29869-5,RETENIDO,,,,,,,BA3362P,BACHOCO ( CELAYA ),03362I0360A,ETIQ. TERMICA 4 X 4” C/SEG NARANJA SELLO,B, 10/02/24, 10/02/24, 23/02/24, 12/02/24,23/02/2024,,,4,-9,50.00,0.00,50.00,-7.00,MI,"18,762.50",59,Cynthia Garay,CONSIGNACIÓN SOLO FACTURAR
*,I0ETI29869-6,RETENIDO,,,,,,,BA3362P,BACHOCO ( CELAYA ),03362I0359A,ETIQ. TERMICA 4 X 4” C/SEG AMARILLA SELL,B, 10/02/24, 10/02/24, 23/02/24, 12/02/24,23/02/2024,,,4,-9,50.00,0.00,50.00,122.00,MI,"18,762.50",59,Cynthia Garay,CONSIGNACIÓN SOLO FACTURAR
*,I0ETI29869-7,RETENIDO,,,,,,,BA3362P,BACHOCO ( CELAYA ),03362I0361A,ETIQ. TERMICA 4 X 4” C/SEG VERDE SELLO T,B, 10/02/24, 10/02/24, 23/02/24, 12/02/24,23/02/2024,,,4,-9,50.00,0.00,50.00,-38.00,MI,"18,762.50",59,Cynthia Garay,CONSIGNACIÓN SOLO FACTURAR
*,I0ETI29869-8,RETENIDO,,,,,,,BA3362P,BACHOCO ( CELAYA ),03362I0357A,ETIQ. TERMICA 4 X 4” C/SEG ROJA SELLO TI,B, 10/02/24, 10/02/24, 23/02/24, 12/02/24,23/02/2024,,,4,-9,50.00,0.00,50.00,115.00,MI,"18,762.50",59,Cynthia Garay,CONSIGNACIÓN SOLO FACTURAR
*,I0ETI29869-9,RETENIDO,,,,,,,BA3362P,BACHOCO ( CELAYA ),03362I0358A,ETIQ. TERMICA 4 X 4” C/SEG PLATA SELLO T,B, 10/02/24, 10/02/24, 23/02/24, 12/02/24,23/02/2024,,,4,-9,50.00,0.00,50.00,237.00,MI,"18,762.50",59,Cynthia Garay,CONSIGNACIÓN SOLO FACTURAR
,I0TIJ12253-5,CEDIS,,M0549153-215,29,313.2,0.215,67.338,N11393P,MN PROVEEDORA,PL2113100,"ETQ. LASER 8 1/2"" X 5 1/2"" C/100",A, 06/02/24, 06/02/24, 18/02/24, 29/02/24,N/A,,,8,-5,10.00,0.00,10.00,60.00,PQ,"1,574.00",210,Alberto Limas,PEDIDO DE ABRIL
,I0TIJ12254-1,CEDIS,,M0549153-215,29,4698,0.215,1010.07,N11393P,MN PROVEEDORA,PL5161100,ETIQ. LASER 4 X 1 C/100,A, 06/02/24, 06/02/24, 18/02/24, 29/02/24,N/A,,,8,-5,150.00,0.00,150.00,80.00,PQ,"23,610.00",210,Alberto Limas,PEDIDO DE MARZO
,I0TIJ12254-2,CEDIS,,M0549153-215,29.9,3229.2,0.215,694.278,N11393P,MN PROVEEDORA,PL5162100,ETIQUETA LASER 4 X 1 1/3,B, 06/02/24, 06/02/24, 18/02/24, 29/02/24,N/A,,,8,-5,100.00,0.00,100.00,0.00,PQ,"15,740.00",210,Alberto Limas,PEDIDO DE MARZO
,I0TIJ12254-3,CEDIS,,M0549153-215,29,313.2,0.215,67.338,N11393P,MN PROVEEDORA,PL5160100,ETIQ. LASER 2 5/8 X 1 C/100,A, 06/02/24, 06/02/24, 18/02/24, 29/02/24,N/A,,,8,-5,10.00,0.00,10.00,427.00,PQ,"1,574.00",210,Alberto Limas,PEDIDO DE MARZO
*,I0ETI29874-1,RETENIDOS,,,,,,,N10887P,CORRUEMP,10887B0003A,ETIQ. TD 4X8 R/1000 C/3 C/P,C, 11/02/24, 11/02/24, 01/03/24, 01/03/24,01/03/2024,,,3,-17,"1,000.00",0.00,"1,000.00",0.00,RL,"385,560.00",210,Alberto Limas,
,I0TIJ12254-4,CEDIS,,M0549153-215,29,626.4,0.215,134.676,N11393P,MN PROVEEDORA,PL5163100,ETIQ. LASER 4 X 2 C/100,A, 06/02/24, 06/02/24, 18/02/24, 29/02/24,N/A,,,8,-5,20.00,0.00,20.00,182.00,PQ,"3,148.00",210,Alberto Limas,PEDIDO DE MARZO
*,I0ETI29878-1,RETENIDOS,,,,,,,NE2563P,VELADORAS MISTICAS,02563I0139A,MANGA ANGEL DE LA GUARDA PERFUMADA,E, 12/02/24, 12/02/24, 12/03/24, 12/03/24,12/03/2024,,,2,-27,20.00,0.00,20.00,0.00,MI,"18,704.00",79,Jaime Blasques,
*,I0ETI29878-2,RETENIDOS,,,,,,,NE2563P,VELADORAS MISTICAS,02563I0140A,MANGA SAGRADO CORAZON PERFUMADA,E, 12/02/24, 12/02/24, 12/03/24, 12/03/24,12/03/2024,,,2,-27,20.00,0.00,20.00,0.00,MI,"18,704.00",79,Jaime Blasques,
*,I0ETI29878-3,RETENIDOS,,,,,,,NE2563P,VELADORAS MISTICAS,02563I0141A,MANGA VIRGEN DE GUADALUPE PERFUMADA,E, 12/02/24, 12/02/24, 12/03/24, 12/03/24,12/03/2024,,,2,-27,20.00,0.00,20.00,0.00,MI,"18,704.00",79,Jaime Blasques,
*,I0ETI29878-4,RETENIDOS,,,,,,,NE2563P,VELADORAS MISTICAS,02563I0142A,MANGA SAN JUDAS PERFUMADA,E, 12/02/24, 12/02/24, 12/03/24, 12/03/24,12/03/2024,,,2,-27,20.00,0.00,20.00,0.00,MI,"18,704.00",79,Jaime Blasques,
*,I0ETI29878-5,RETENIDOS,,,,,,,NE2563P,VELADORAS MISTICAS,02563I0014A,MANGA M9859 MANGA JAIBOLERO GUADALUPE,E, 12/02/24, 12/02/24, 12/03/24, 12/03/24,12/03/2024,,,2,-27,80.00,0.00,80.00,0.00,MI,"55,104.00",79,Jaime Blasques,
,I0TIJ12254-5,CEDIS,,M0549153-215,29,313.2,0.215,67.338,N11393P,MN PROVEEDORA,PL2113100,"ETQ. LASER 8 1/2"" X 5 1/2"" C/100",A, 06/02/24, 06/02/24, 18/02/24, 29/02/24,N/A,,,8,-5,10.00,0.00,10.00,60.00,PQ,"1,574.00",210,Alberto Limas,PEDIDO DE MARZO
*,I0ETI29884-1,RETENIDO,,,,,,,PA5204P,BACHOCO ( LAGOS DE MORENO),03362I0362A,ETIQ. TERMICA 4 X 4” C/SEG AZUL SELLO TI,B, 12/02/24, 12/02/24, 24/02/24, 13/02/24,24/02/2024,,,2,-10,30.00,0.00,30.00,204.00,MI,"11,257.50",59,Cynthia Garay,CONSIGNACIÓN SOLO FACTURAR
*,I0ETI29884-2,RETENIDO,,,,,,,PA5204P,BACHOCO ( LAGOS DE MORENO),03362I0360A,ETIQ. TERMICA 4 X 4” C/SEG NARANJA SELLO,B, 12/02/24, 12/02/24, 24/02/24, 13/02/24,24/02/2024,,,2,-10,33.00,0.00,33.00,-7.00,MI,"12,383.25",59,Cynthia Garay,CONSIGNACIÓN SOLO FACTURAR
*,I0ETI29884-3,RETENIDO,,,,,,,PA5204P,BACHOCO ( LAGOS DE MORENO),03362I0359A,ETIQ. TERMICA 4 X 4” C/SEG AMARILLA SELL,B, 12/02/24, 12/02/24, 24/02/24, 13/02/24,24/02/2024,,,2,-10,38.00,0.00,38.00,122.00,MI,"14,259.50",59,Cynthia Garay,CONSIGNACIÓN SOLO FACTURAR
*,I0ETI29884-4,RETENIDO,,,,,,,PA5204P,BACHOCO ( LAGOS DE MORENO),03362I0361A,ETIQ. TERMICA 4 X 4” C/SEG VERDE SELLO T,B, 12/02/24, 12/02/24, 24/02/24, 13/02/24,24/02/2024,,,2,-10,1.00,0.00,1.00,-38.00,MI,375.25,59,Cynthia Garay,CONSIGNACIÓN SOLO FACTURAR
*,I0ETI29884-5,RETENIDO,,,,,,,PA5204P,BACHOCO ( LAGOS DE MORENO),03362I0357A,ETIQ. TERMICA 4 X 4” C/SEG ROJA SELLO TI,B, 12/02/24, 12/02/24, 24/02/24, 13/02/24,24/02/2024,,,2,-10,38.00,0.00,38.00,115.00,MI,"14,259.50",59,Cynthia Garay,CONSIGNACIÓN SOLO FACTURAR
*,I0ETI29884-6,RETENIDO,,,,,,,PA5204P,BACHOCO ( LAGOS DE MORENO),03362I0358A,ETIQ. TERMICA 4 X 4” C/SEG PLATA SELLO T,B, 12/02/24, 12/02/24, 24/02/24, 13/02/24,24/02/2024,,,2,-10,34.00,0.00,34.00,237.00,MI,"12,758.50",59,Cynthia Garay,CONSIGNACIÓN SOLO FACTURAR
*,I0ETI29884-7,RETENIDO,,,,,,,PA5204P,BACHOCO ( LAGOS DE MORENO),03362I0351A,ETIQ. TERMICA 102 X 108MM BCA SELLO TIF,B, 12/02/24, 12/02/24, 24/02/24, 13/02/24,24/02/2024,,,2,-10,22.00,0.00,22.00,142.00,MI,"8,255.50",59,Cynthia Garay,CONSIGNACIÓN SOLO FACTURAR
,I0TIJ12266-1,CEDIS,,M0151319-325,6.04,2348.352,0.325,763.2144,N11646P,IMPRESOS Y ETIQUETAS MONACO,11336I0001A,ETIQ. BASCULA BRENDA 57 X 40 R/700 C/38,C, 07/02/24, 07/02/24, 25/02/24, 29/02/24,N/A,,,7,-12,360.00,0.00,360.00,0.00,RL,"12,466.80",12,Martha Lopez,
*,I0ETI29887-1,RETENIDO,,,,,,,SU5241P,BACHOCO  (MERIDA),03362I0360A,ETIQ. TERMICA 4 X 4” C/SEG NARANJA SELLO,B, 12/02/24, 12/02/24, 24/02/24, 13/02/24,24/02/2024,,,2,-11,168.00,0.00,168.00,-7.00,MI,"63,042.00",59,Cynthia Garay,CONSIGNACIÓN SOLO FACTURAR
*,I0ETI29887-2,RETENIDO,,,,,,,SU5241P,BACHOCO  (MERIDA),03362I0359A,ETIQ. TERMICA 4 X 4” C/SEG AMARILLA SELL,B, 12/02/24, 12/02/24, 24/02/24, 13/02/24,24/02/2024,,,2,-11,48.00,0.00,48.00,122.00,MI,"18,012.00",59,Cynthia Garay,CONSIGNACIÓN SOLO FACTURAR
*,I0ETI29887-3,RETENIDO,,,,,,,SU5241P,BACHOCO  (MERIDA),03362I0361A,ETIQ. TERMICA 4 X 4” C/SEG VERDE SELLO T,B, 12/02/24, 12/02/24, 24/02/24, 13/02/24,24/02/2024,,,2,-11,168.00,0.00,168.00,-38.00,MI,"63,042.00",59,Cynthia Garay,CONSIGNACIÓN SOLO FACTURAR
*,I0ETI29887-4,RETENIDO,,,,,,,SU5241P,BACHOCO  (MERIDA),03362I0357A,ETIQ. TERMICA 4 X 4” C/SEG ROJA SELLO TI,B, 12/02/24, 12/02/24, 24/02/24, 13/02/24,24/02/2024,,,2,-11,18.00,0.00,18.00,115.00,MI,"6,754.50",59,Cynthia Garay,CONSIGNACIÓN SOLO FACTURAR
*,I0ETI29887-5,RETENIDO,,,,,,,SU5241P,BACHOCO  (MERIDA),03362I0358A,ETIQ. TERMICA 4 X 4” C/SEG PLATA SELLO T,B, 12/02/24, 12/02/24, 24/02/24, 13/02/24,24/02/2024,,,2,-11,152.00,0.00,152.00,237.00,MI,"57,038.00",59,Cynthia Garay,CONSIGNACIÓN SOLO FACTURAR
*,I0ETI29887-6,RETENIDO,,,,,,,SU5241P,BACHOCO  (MERIDA),03362I0351A,ETIQ. TERMICA 102 X 108MM BCA SELLO TIF,B, 12/02/24, 12/02/24, 24/02/24, 13/02/24,24/02/2024,,,2,-11,24.00,0.00,24.00,142.00,MI,"9,006.00",59,Cynthia Garay,CONSIGNACIÓN SOLO FACTURAR
,I0TIJ12274-1,CEDIS,,M0151319-220,103.2,111456,0.22,24520.32,N10887P,CORRUEMP,10887B0003A,ETIQ. TD 4X8 R/1000 C/3 C/P,C, 08/02/24, 08/02/24, 27/02/24, 29/02/24,N/A,,,6,-14,"1,000.00",0.00,"1,000.00",0.00,RL,"385,560.00",210,Alberto Limas,
*,I0ETI29890-1,RETENIDO,,,,,,,N11796D,GROWHERBS,50000B0024A,ETIQ. TD 2X1 R-1500 C/P C-1,A, 12/02/24, 12/02/24, 18/02/24, 17/02/24,18/02/2024,,,2,-5,30.00,0.00,30.00,9.00,CJ,"7,064.96",205,Gabriela Chapa,
*,I0ETI29894-1,RETENIDO,,,,,,,NO3666P,THINK SMART,50000B0015A,ETIQ. TT 4 X 6 C/P R/1000 C-3,A, 12/02/24, 12/02/24, 01/03/24, 01/03/24,01/03/2024,,,2,-17,50.00,0.00,50.00,-13.00,CJ,"36,085.85",205,Gabriela Chapa,
*,I0ETI29894-2,RETENIDO,,,,,,,NO3666P,THINK SMART,03666B0016A,"ETIQ TT 1 X 3"" R-2000 C-40mm",C, 12/02/24, 12/02/24, 01/03/24, 01/03/24,01/03/2024,,,2,-17,140.00,0.00,140.00,0.00,RL,"13,073.00",205,Gabriela Chapa,
,CS00005111-1,PLANEACION,OE00049099,M1001904-340,13.229,114298.56,0.34,38861.5104,APEM,ALMACEN ETIQUETAS MONTERREY-MP,08125I0008A,ETIQ. SEGURIDAD APEAM,C, 01/02/24, 01/02/24, 01/03/24, 01/03/24, 04/03/24,,,13,-16,"8,000.00",0.00,"8,000.00",0.00,MI,"561,270.53",,#N/A,
,I0ETI29883-1,PLANEACION,,M0151306-120,0.00338,730.08,0.12,87.6096,D11204D,UNIVERSAL ELECTRONICS INC.,11017B0009A,"57007-1112015-M DATE CODE LABEL, PAD PRI",C, 12/02/24, 12/02/24, 01/03/24, 01/03/24, 04/03/24,,,2,-16,"200,000.00",0.00,"200,000.00",0.00,PZ,"3,454.66",59,Cynthia Garay,
,I0ETI29885-1,PLANEACION,,M0549247-220/M16361016-220,78.3,4228.2,0.22,930.204,NE9600D,YURA CORPORATION MEXICO,09600B0001A,ETIQUETA BOPP LAMINADO MATE 4 X 6 R-1000,C, 12/02/24, 12/02/24, 01/03/24, 01/03/24, 04/03/24,,,2,-17,50.00,0.00,50.00,0.00,MI,"31,699.11",39,Alejandro de Mata,
,I0ETI29898-1,SORIANA PROCESO,,M0549163-315,263.14,1705.1472,0.315,537.121368,NE0742P,TIENDAS SORIANA,00742B0171A,ETIQ TD BIZERBA 58X114MM R/280 CAJA C/40,C, 12/02/24, 12/02/24, 01/03/24, 01/03/24, 04/03/24,,,2,-17,6.00,0.00,6.00,-37.00,CJ,"6,092.70",79,Jaime Blasques,"TULTITLAN, EMBARCAR 15 FEBRERO, CITA 17 FEBRERO"
,I0ETI29898-10,SORIANA PROCESO,,M0151319-325,160,9158.4,0.325,2976.48,NE0742P,TIENDAS SORIANA,10000B0157,ETIQ. TD R CONTINUO 52 X 40 MTS B24,B, 12/02/24, 12/02/24, 01/03/24, 01/03/24, 04/03/24,,,2,-17,53.00,0.00,53.00,5.00,CJ,"33,173.23",79,Jaime Blasques,"TULTITLAN, EMBARCAR 15 FEBRERO, CITA 17 FEBRERO"
,I0ETI29898-11,SORIANA PROCESO,,M0151319-325,246.7,266.436,0.325,86.5917,NE0742P,TIENDAS SORIANA,00742B0167A,ETIQ TD BERKEL BLANCA 58 X 114 MM R-350,B, 12/02/24, 12/02/24, 01/03/24, 01/03/24, 04/03/24,,,2,-17,1.00,0.00,1.00,-12.00,CJ,953.27,79,Jaime Blasques,"TULTITLAN, EMBARCAR 15 FEBRERO, CITA 17 FEBRERO"
,I0ETI29898-12,SORIANA PROCESO,,M0151234-325,321.8,347.544,0.325,112.9518,NE0742P,TIENDAS SORIANA,00742I0157,TOLEDO IMP. RANCHO SANTA FE CAJA C/30R,C, 12/02/24, 12/02/24, 01/03/24, 01/03/24, 04/03/24,,,2,-17,1.00,0.00,1.00,-2.00,CJ,"1,072.89",79,Jaime Blasques,"TULTITLAN, EMBARCAR 15 FEBRERO, CITA 17 FEBRERO"
,I0ETI29898-13,SORIANA PROCESO,,M0151319-325,330.6,714.096,0.325,232.0812,NE0742P,TIENDAS SORIANA,10000B0011,TD R CONTINUO TOLEDO 61 X 56 B/30,C, 12/02/24, 12/02/24, 01/03/24, 01/03/24, 04/03/24,,,2,-17,2.00,0.00,2.00,-8.00,CJ,"2,510.44",79,Jaime Blasques,"TULTITLAN, EMBARCAR 15 FEBRERO, CITA 17 FEBRERO"
,I0ETI29898-14,SORIANA PROCESO,,M0151319-325,315.5,1022.22,0.325,332.2215,NE0742P,TIENDAS SORIANA,10000B0010,TD TOLEDO 61 X 47 R/1000 B/30,B, 12/02/24, 12/02/24, 01/03/24, 01/03/24, 04/03/24,,,2,-17,3.00,0.00,3.00,-8.00,CJ,"3,508.89",79,Jaime Blasques,"TULTITLAN, EMBARCAR 15 FEBRERO, CITA 17 FEBRERO"
,I0ETI29898-15,PT,,M0549163-325,327,706.32,0.325,229.554,NE0742P,TIENDAS SORIANA,10000B0014A,ETIQ. TD QUANTUM 57MM X 45MM R-1250 C-69,C, 12/02/24, 12/02/24, 01/03/24, 01/03/24, 04/03/24,,12/2/2024,2,-17,2.00,0.00,2.00,2.00,CJ,"3,203.86",79,Jaime Blasques,"TULTITLAN, EMBARCAR 15 FEBRERO, CITA 17 FEBRERO"
,I0ETI29898-16,PT,,M0549163-250,347.3,375.084,0.25,93.771,NE0742P,TIENDAS SORIANA,00742I0514A,ETIQ. TD HOBART FRESCO R-1250 CAJA C-25R,C, 12/02/24, 12/02/24, 01/03/24, 01/03/24, 04/03/24,,12/2/2024,2,-17,1.00,0.00,1.00,0.00,CJ,"1,217.08",79,Jaime Blasques,"TULTITLAN, EMBARCAR 15 FEBRERO, CITA 17 FEBRERO"
,I0ETI29898-2,SORIANA PROCESO,,M0151319-325,131.7,2418.012,0.325,785.8539,NE0742P,TIENDAS SORIANA,00742I0151,BIZERBA IMP. SANTA FE CAJA C/20R,B, 12/02/24, 12/02/24, 01/03/24, 01/03/24, 04/03/24,,,2,-17,17.00,0.00,17.00,-39.00,CJ,"9,750.52",79,Jaime Blasques,"TULTITLAN, EMBARCAR 15 FEBRERO, CITA 17 FEBRERO"
,I0ETI29898-3,SORIANA PROCESO,,M0151319-325,258.5,2791.8,0.325,907.335,NE0742P,TIENDAS SORIANA,00742I0149,BIZERBA IMP. DON FCO SELEC CAJA C/40R,B, 12/02/24, 12/02/24, 01/03/24, 01/03/24, 04/03/24,,,2,-17,10.00,0.00,10.00,-42.00,CJ,"11,168.30",79,Jaime Blasques,"TULTITLAN, EMBARCAR 15 FEBRERO, CITA 17 FEBRERO"
,I0ETI29898-4,SORIANA PROCESO,,M0151319-325,240.5,20779.2,0.325,6753.24,NE0742P,TIENDAS SORIANA,10000B0012,TD BIZERBA 57 X 43 R/800 B/34,B, 12/02/24, 12/02/24, 01/03/24, 01/03/24, 04/03/24,,,2,-17,80.00,0.00,80.00,-357.00,CJ,"77,929.60",79,Jaime Blasques,"TULTITLAN, EMBARCAR 15 FEBRERO, CITA 17 FEBRERO"
,I0ETI29898-5,SORIANA PROCESO,,M0151319-290,491.4,18574.92,0.29,5386.7268,NE0742P,TIENDAS SORIANA,00742B0043A,ROLLO CONTINUO BIZERBA 57X50 B50,B, 12/02/24, 12/02/24, 01/03/24, 01/03/24, 04/03/24,,,2,-17,35.00,0.00,35.00,5.00,CJ,"61,261.55",79,Jaime Blasques,"TULTITLAN, EMBARCAR 15 FEBRERO, CITA 17 FEBRERO"
,I0ETI29898-6,SORIANA PROCESO,,M0151319-325,321.8,347.544,0.325,112.9518,NE0742P,TIENDAS SORIANA,00742I0154,BERKEL IMP. SANTA FE CAJA C/40R,B, 12/02/24, 12/02/24, 01/03/24, 01/03/24, 04/03/24,,,2,-17,1.00,0.00,1.00,-3.00,CJ,"1,472.54",79,Jaime Blasques,"TULTITLAN, EMBARCAR 15 FEBRERO, CITA 17 FEBRERO"
,I0ETI29898-7,SORIANA PROCESO,,M0151319-325,321.8,347.544,0.325,112.9518,NE0742P,TIENDAS SORIANA,00742I0152,BERKEL IMP. DON FCO SELEC CAJA C/40R,C, 12/02/24, 12/02/24, 01/03/24, 01/03/24, 04/03/24,,,2,-17,1.00,0.00,1.00,-12.00,CJ,"1,438.76",79,Jaime Blasques,"TULTITLAN, EMBARCAR 15 FEBRERO, CITA 17 FEBRERO"
,I0ETI29898-8,SORIANA PROCESO,,M0151319-325,157.7,4257.9,0.325,1383.8175,NE0742P,TIENDAS SORIANA,10000B0156,ETIQ. TD BERKEL 49 X 65 R/600  C/38 B24,B, 12/02/24, 12/02/24, 01/03/24, 01/03/24, 04/03/24,,,2,-17,25.00,0.00,25.00,-30.00,CJ,"15,876.00",79,Jaime Blasques,"TULTITLAN, EMBARCAR 15 FEBRERO, CITA 17 FEBRERO"
,I0ETI29898-9,PT,,M0151319-325,351.8,1139.832,0.325,370.4454,NE0742P,TIENDAS SORIANA,10000B0017,TD BERKEL 49 X 40 R/1000 B/54 C-38,C, 12/02/24, 12/02/24, 01/03/24, 01/03/24, 04/03/24,,12/2/2024,2,-17,3.00,0.00,3.00,11.00,CJ,"4,376.85",79,Jaime Blasques,"TULTITLAN, EMBARCAR 15 FEBRERO, CITA 17 FEBRERO"
,I0ETI29899-1,SORIANA PROCESO,,M0549163-315,263.14,11367.648,0.315,3580.80912,NE0742P,TIENDAS SORIANA,00742B0171A,ETIQ TD BIZERBA 58X114MM R/280 CAJA C/40,C, 12/02/24, 12/02/24, 01/03/24, 01/03/24, 04/03/24,,,2,-17,40.00,0.00,40.00,-37.00,CJ,"40,618.00",79,Jaime Blasques,"QUERETARO, EMBARCAR 15 FEBRERO, CITA 17 FEBRERO"
,I0ETI29899-10,SORIANA PROCESO,,M0151319-325,160,20736,0.325,6739.2,NE0742P,TIENDAS SORIANA,10000B0157,ETIQ. TD R CONTINUO 52 X 40 MTS B24,B, 12/02/24, 12/02/24, 01/03/24, 01/03/24, 04/03/24,,,2,-17,120.00,0.00,120.00,5.00,CJ,"75,109.20",79,Jaime Blasques,"QUERETARO, EMBARCAR 15 FEBRERO, CITA 17 FEBRERO"
,I0ETI29899-11,SORIANA PROCESO,,M0151319-325,246.7,1865.052,0.325,606.1419,NE0742P,TIENDAS SORIANA,00742B0167A,ETIQ TD BERKEL BLANCA 58 X 114 MM R-350,B, 12/02/24, 12/02/24, 01/03/24, 01/03/24, 04/03/24,,,2,-17,7.00,0.00,7.00,-12.00,CJ,"6,672.89",79,Jaime Blasques,"QUERETARO, EMBARCAR 15 FEBRERO, CITA 17 FEBRERO"
,I0ETI29899-12,SORIANA PROCESO,,M0151234-325,250,270,0.325,87.75,NE0742P,TIENDAS SORIANA,00742I0057,ETIQ. TD TOLEDO 60 X 114 R/350,C, 12/02/24, 12/02/24, 01/03/24, 01/03/24, 04/03/24,,,2,-17,1.00,0.00,1.00,-1.00,CJ,983.11,79,Jaime Blasques,"QUERETARO, EMBARCAR 15 FEBRERO, CITA 17 FEBRERO"
,I0ETI29899-13,SORIANA PROCESO,,M0151234-325,321.8,1042.632,0.325,338.8554,NE0742P,TIENDAS SORIANA,00742I0157,TOLEDO IMP. RANCHO SANTA FE CAJA C/30R,C, 12/02/24, 12/02/24, 01/03/24, 01/03/24, 04/03/24,,,2,-17,3.00,0.00,3.00,-2.00,CJ,"3,218.67",79,Jaime Blasques,"QUERETARO, EMBARCAR 15 FEBRERO, CITA 17 FEBRERO"
,I0ETI29899-14,PT,,M0549163-320,246.7,266.436,0.32,85.25952,NE0742P,TIENDAS SORIANA,00742I0566A,ETIQ. TOLEDO IMP DON FCO SELECTA CAJA C/,C, 12/02/24, 12/02/24, 01/03/24, 01/03/24, 04/03/24,,12/2/2024,2,-17,1.00,0.00,1.00,0.00,CJ,"1,048.32",79,Jaime Blasques,"QUERETARO, EMBARCAR 15 FEBRERO, CITA 17 FEBRERO"
,I0ETI29899-15,SORIANA PROCESO,,M0151319-325,330.6,2142.288,0.325,696.2436,NE0742P,TIENDAS SORIANA,10000B0011,TD R CONTINUO TOLEDO 61 X 56 B/30,C, 12/02/24, 12/02/24, 01/03/24, 01/03/24, 04/03/24,,,2,-17,6.00,0.00,6.00,-8.00,CJ,"7,531.32",79,Jaime Blasques,"QUERETARO, EMBARCAR 15 FEBRERO, CITA 17 FEBRERO"
,I0ETI29899-16,SORIANA PROCESO,,M0151319-325,315.5,3407.4,0.325,1107.405,NE0742P,TIENDAS SORIANA,10000B0010,TD TOLEDO 61 X 47 R/1000 B/30,B, 12/02/24, 12/02/24, 01/03/24, 01/03/24, 04/03/24,,,2,-17,10.00,0.00,10.00,-8.00,CJ,"11,696.30",79,Jaime Blasques,"QUERETARO, EMBARCAR 15 FEBRERO, CITA 17 FEBRERO"
,I0ETI29899-17,SORIANA PROCESO,,M0151319-325,337.4,2915.136,0.325,947.4192,NE0742P,TIENDAS SORIANA,10000B0009,TD R CONTINUO QUANTUM 57 X 70 B/22,C, 12/02/24, 12/02/24, 01/03/24, 01/03/24, 04/03/24,,,2,-17,8.00,0.00,8.00,-5.00,CJ,"8,595.68",79,Jaime Blasques,"QUERETARO, EMBARCAR 15 FEBRERO, CITA 17 FEBRERO"
,I0ETI29899-18,PT,,M0549163-250,347.3,750.168,0.25,187.542,NE0742P,TIENDAS SORIANA,00742I0514A,ETIQ. TD HOBART FRESCO R-1250 CAJA C-25R,C, 12/02/24, 12/02/24, 01/03/24, 01/03/24, 04/03/24,,12/2/2024,2,-17,2.00,0.00,2.00,0.00,CJ,"2,434.16",79,Jaime Blasques,"QUERETARO, EMBARCAR 15 FEBRERO, CITA 17 FEBRERO"
,I0ETI29899-2,SORIANA PROCESO,,M0151319-325,131.7,2702.484,0.325,878.3073,NE0742P,TIENDAS SORIANA,00742I0151,BIZERBA IMP. SANTA FE CAJA C/20R,B, 12/02/24, 12/02/24, 01/03/24, 01/03/24, 04/03/24,,,2,-17,19.00,0.00,19.00,-39.00,CJ,"10,897.64",79,Jaime Blasques,"QUERETARO, EMBARCAR 15 FEBRERO, CITA 17 FEBRERO"
,I0ETI29899-3,SORIANA PROCESO,,M0151319-325,258.5,7258.68,0.325,2359.071,NE0742P,TIENDAS SORIANA,00742I0149,BIZERBA IMP. DON FCO SELEC CAJA C/40R,B, 12/02/24, 12/02/24, 01/03/24, 01/03/24, 04/03/24,,,2,-17,26.00,0.00,26.00,-42.00,CJ,"29,037.58",79,Jaime Blasques,"QUERETARO, EMBARCAR 15 FEBRERO, CITA 17 FEBRERO"
,I0ETI29899-4,SORIANA PROCESO,,M0151319-325,240.5,47012.94,0.325,15279.2055,NE0742P,TIENDAS SORIANA,10000B0012,TD BIZERBA 57 X 43 R/800 B/34,B, 12/02/24, 12/02/24, 01/03/24, 01/03/24, 04/03/24,,,2,-17,181.00,0.00,181.00,-357.00,CJ,"176,315.72",79,Jaime Blasques,"QUERETARO, EMBARCAR 15 FEBRERO, CITA 17 FEBRERO"
,I0ETI29899-5,SORIANA PROCESO,,M0151319-290,491.4,33434.856,0.29,9696.10824,NE0742P,TIENDAS SORIANA,00742B0043A,ROLLO CONTINUO BIZERBA 57X50 B50,B, 12/02/24, 12/02/24, 01/03/24, 01/03/24, 04/03/24,,,2,-17,63.00,0.00,63.00,5.00,CJ,"110,270.79",79,Jaime Blasques,"QUERETARO, EMBARCAR 15 FEBRERO, CITA 17 FEBRERO"
,I0ETI29899-6,SORIANA PROCESO,,M0151319-325,321.8,695.088,0.325,225.9036,NE0742P,TIENDAS SORIANA,00742I0154,BERKEL IMP. SANTA FE CAJA C/40R,B, 12/02/24, 12/02/24, 01/03/24, 01/03/24, 04/03/24,,,2,-17,2.00,0.00,2.00,-3.00,CJ,"2,945.08",79,Jaime Blasques,"QUERETARO, EMBARCAR 15 FEBRERO, CITA 17 FEBRERO"
,I0ETI29899-7,SORIANA PROCESO,,M0151319-325,321.8,2780.352,0.325,903.6144,NE0742P,TIENDAS SORIANA,00742I0152,BERKEL IMP. DON FCO SELEC CAJA C/40R,C, 12/02/24, 12/02/24, 01/03/24, 01/03/24, 04/03/24,,,2,-17,8.00,0.00,8.00,-12.00,CJ,"11,510.08",79,Jaime Blasques,"QUERETARO, EMBARCAR 15 FEBRERO, CITA 17 FEBRERO"
,I0ETI29899-8,PT,,M0151319-325,321.8,347.544,0.325,112.9518,NE0742P,TIENDAS SORIANA,00742I0153,BERKEL IMP. DON FCO PREM CAJA C/40R,C, 12/02/24, 12/02/24, 01/03/24, 01/03/24, 04/03/24,,12/2/2024,2,-17,1.00,0.00,1.00,0.00,CJ,"1,396.05",79,Jaime Blasques,"QUERETARO, EMBARCAR 15 FEBRERO, CITA 17 FEBRERO"
,I0ETI29899-9,SORIANA PROCESO,,M0151319-325,157.7,14306.544,0.325,4649.6268,NE0742P,TIENDAS SORIANA,10000B0156,ETIQ. TD BERKEL 49 X 65 R/600  C/38 B24,B, 12/02/24, 12/02/24, 01/03/24, 01/03/24, 04/03/24,,,2,-17,84.00,0.00,84.00,-30.00,CJ,"53,343.36",79,Jaime Blasques,"QUERETARO, EMBARCAR 15 FEBRERO, CITA 17 FEBRERO"
,I0ETI29900-1,SORIANA PROCESO,,M0549163-315,263.14,1420.956,0.315,447.60114,NE0742P,TIENDAS SORIANA,00742B0171A,ETIQ TD BIZERBA 58X114MM R/280 CAJA C/40,C, 12/02/24, 12/02/24, 01/03/24, 01/03/24, 04/03/24,,,2,-17,5.00,0.00,5.00,-37.00,CJ,"5,077.25",79,Jaime Blasques,"SALINAS, EMBARCAR 15 FEBRERO, CITA 17 FEBRERO"
,I0ETI29900-2,SORIANA PROCESO,,M0151319-325,131.7,568.944,0.325,184.9068,NE0742P,TIENDAS SORIANA,00742I0151,BIZERBA IMP. SANTA FE CAJA C/20R,B, 12/02/24, 12/02/24, 01/03/24, 01/03/24, 04/03/24,,,2,-17,4.00,0.00,4.00,-39.00,CJ,"2,294.24",79,Jaime Blasques,"SALINAS, EMBARCAR 15 FEBRERO, CITA 17 FEBRERO"
,I0ETI29900-3,SORIANA PROCESO,,M0151319-325,258.5,4187.7,0.325,1361.0025,NE0742P,TIENDAS SORIANA,00742I0149,BIZERBA IMP. DON FCO SELEC CAJA C/40R,B, 12/02/24, 12/02/24, 01/03/24, 01/03/24, 04/03/24,,,2,-17,15.00,0.00,15.00,-42.00,CJ,"16,752.45",79,Jaime Blasques,"SALINAS, EMBARCAR 15 FEBRERO, CITA 17 FEBRERO"
,I0ETI29900-4,SORIANA PROCESO,,M0151319-325,240.5,11428.56,0.325,3714.282,NE0742P,TIENDAS SORIANA,10000B0012,TD BIZERBA 57 X 43 R/800 B/34,B, 12/02/24, 12/02/24, 01/03/24, 01/03/24, 04/03/24,,,2,-17,44.00,0.00,44.00,-357.00,CJ,"42,861.28",79,Jaime Blasques,"SALINAS, EMBARCAR 15 FEBRERO, CITA 17 FEBRERO"
,I0ETI29900-5,SORIANA PROCESO,,M0151319-290,491.4,4776.408,0.29,1385.15832,NE0742P,TIENDAS SORIANA,00742B0043A,ROLLO CONTINUO BIZERBA 57X50 B50,B, 12/02/24, 12/02/24, 01/03/24, 01/03/24, 04/03/24,,,2,-17,9.00,0.00,9.00,5.00,CJ,"15,752.97",79,Jaime Blasques,"SALINAS, EMBARCAR 15 FEBRERO, CITA 17 FEBRERO"
,I0ETI29900-6,SORIANA PROCESO,,M0151319-325,321.8,1042.632,0.325,338.8554,NE0742P,TIENDAS SORIANA,00742I0152,BERKEL IMP. DON FCO SELEC CAJA C/40R,C, 12/02/24, 12/02/24, 01/03/24, 01/03/24, 04/03/24,,,2,-17,3.00,0.00,3.00,-12.00,CJ,"4,316.28",79,Jaime Blasques,"SALINAS, EMBARCAR 15 FEBRERO, CITA 17 FEBRERO"
,I0ETI29900-7,SORIANA PROCESO,,M0151319-325,157.7,5790.744,0.325,1881.9918,NE0742P,TIENDAS SORIANA,10000B0156,ETIQ. TD BERKEL 49 X 65 R/600  C/38 B24,B, 12/02/24, 12/02/24, 01/03/24, 01/03/24, 04/03/24,,,2,-17,34.00,0.00,34.00,-30.00,CJ,"21,591.36",79,Jaime Blasques,"SALINAS, EMBARCAR 15 FEBRERO, CITA 17 FEBRERO"
,I0ETI29900-8,SORIANA PROCESO,,M0151319-325,160,2937.6,0.325,954.72,NE0742P,TIENDAS SORIANA,10000B0157,ETIQ. TD R CONTINUO 52 X 40 MTS B24,B, 12/02/24, 12/02/24, 01/03/24, 01/03/24, 04/03/24,,,2,-17,17.00,0.00,17.00,5.00,CJ,"10,640.47",79,Jaime Blasques,"SALINAS, EMBARCAR 15 FEBRERO, CITA 17 FEBRERO"
*,I0ETI29902-1,RETENIDO,,,,,,,N12099P,SAUCES DRESSINGS AND CONDIMENTS FOODS,11925D0016A,ETIQADEREZO RANCH ORIGINAL MAXSELECT FTE,D, 12/02/24, 12/02/24, 29/02/24, 29/02/24,29/02/2024,,,2,-15,15.00,0.00,15.00,0.00,MI,"7,262.49",39,Alejandro de Mata,
*,I0ETI29902-2,RETENIDO,,,,,,,N12099P,SAUCES DRESSINGS AND CONDIMENTS FOODS,11925D0015A,ETIQADEREZO RANCH ORIGINAL MAXSELECT REV,D, 12/02/24, 12/02/24, 29/02/24, 29/02/24,29/02/2024,,,2,-15,15.00,0.00,15.00,0.00,MI,"7,262.49",39,Alejandro de Mata,
,I0ETI29900-9,SORIANA PROCESO,,M0151319-325,246.7,1065.744,0.325,346.3668,NE0742P,TIENDAS SORIANA,00742B0167A,ETIQ TD BERKEL BLANCA 58 X 114 MM R-350,B, 12/02/24, 12/02/24, 01/03/24, 01/03/24, 04/03/24,,,2,-17,4.00,0.00,4.00,-12.00,CJ,"3,813.08",79,Jaime Blasques,"SALINAS, EMBARCAR 15 FEBRERO, CITA 17 FEBRERO"
,I0ETI29912-2,PLANEACION,,M0151306-325,207.4,5599.8,0.325,1819.935,N12269D,S-RIKO DE QUERETARO,50000B0015A,ETIQ. TT 4 X 6 C/P R/1000 C-3,A, 12/02/24, 13/02/24, 01/03/24, 01/03/24, 04/03/24,,,1,-17,25.00,0.00,25.00,-13.00,CJ,"21,514.69",205,Gabriela Chapa,
,I0ETI29912-1,PLANEACION,OE00049488,M0151319-225,31.11,3359.88,0.225,755.973,N12269D,S-RIKO DE QUERETARO,12269B0001A,"ETIQ TD 4 X 6"" R-400 C-1"" C/P",C, 12/02/24, 13/02/24, 01/03/24, 01/03/24, 04/03/24,,,1,-17,100.00,0.00,100.00,0.00,RL,"10,791.55",205,Gabriela Chapa,
,I0ETI29917-1,PLANEACION,,M0549163-220,84.138,20718.14112,0.22,4557.991046,N10851P,CODIFLEX,10851B0004A,TD10216500-TI ETIQ TD 4X6.5 R-250 C-1,C, 12/02/24, 12/02/24, 01/03/24, 01/03/24, 04/03/24,,,2,-17,228.00,0.00,228.00,0.00,MI,"59,620.67",39,Alejandro de Mata,
*,I0ETI29910-1,RETENIDO,,,,,,,N12269D,S-RIKO DE QUERETARO,12269B0001A,"ETIQ TD 4 X 6"" R-400 C-1"" C/P",C, 12/02/24, 12/02/24, 01/03/24, 01/03/24,01/03/2024,,,2,-17,120.00,0.00,120.00,0.00,RL,"12,949.86",205,Gabriela Chapa,
*,I0ETI29910-2,RETENIDO,,,,,,,N12269D,S-RIKO DE QUERETARO,12269B0002A,"ETIQ TT 4 X 6"" R-300 C-1"" C/P",C, 12/02/24, 12/02/24, 01/03/24, 01/03/24,01/03/2024,,,2,-17,100.00,0.00,100.00,0.00,RL,"9,919.33",205,Gabriela Chapa,
*,I0ETI29910-3,RETENIDO,,,,,,,N12269D,S-RIKO DE QUERETARO,50000B0015A,ETIQ. TT 4 X 6 C/P R/1000 C-3,A, 12/02/24, 12/02/24, 01/03/24, 01/03/24,01/03/2024,,,2,-17,20.00,0.00,20.00,-13.00,CJ,"17,211.75",205,Gabriela Chapa,
,I0ETI29888-1,PLANEACION,,M0549163-215,359.2,38793.6,0.215,8340.624,NE8002P,BASCULAS Y ACCESORIOS DE PESO,08002B0002A,ETIQ. TD BASCULA 2 X 1.5 C-40MM R-1000,C, 12/02/24, 12/02/24, 02/03/24, 02/03/24, 04/03/24,,,2,-17,100.00,0.00,100.00,0.00,CJ,"129,293.39",90,Carlos Arechavaleta,
,I0ETI29923-1,PLANEACION,OE00049492,M0549197-225,65.08,843.4368,0.225,189.77328,N11816P,SONORA AGROPECUARIA,03362I0632A,ETI19270 ET SMO 1501215 CHICHARRON PRENS,C, 13/02/24, 13/02/24, 02/03/24, 02/03/24, 04/03/24,,,1,-17,12.00,0.00,12.00,0.00,MI,"3,304.80",59,Cynthia Garay,
*,I0ETI29914-1,RETENIDO,,,,,,,N12099P,SAUCES DRESSINGS AND CONDIMENTS FOODS,12099D0012A,ETIQ. SALSA HABANORIA,D, 12/02/24, 12/02/24, 29/02/24, 29/02/24,29/02/2024,,,2,-15,15.00,0.00,15.00,0.00,MI,"16,987.71",39,Alejandro de Mata,
*,I0ETI29916-1,RETENIDO,,,,,,,C11752P,VICTOR HUGO TORRES MARTINEZ,50000I0019A,ETIQ. TT 4 X 6 C/P R-1000 C-3 P-165 (NAR,A, 12/02/24, 12/02/24, 23/02/24, 23/02/24,23/02/2024,,,2,-9,2.00,0.00,2.00,20.00,CJ,"1,848.42",205,Gabriela Chapa,
*,I0ETI29916-2,RETENIDO,,,,,,,C11752P,VICTOR HUGO TORRES MARTINEZ,50000I0012A,ETIQ. TT 4 X 2 R-3000 C/P C-3 P-165 (NAR,A, 12/02/24, 12/02/24, 23/02/24, 23/02/24,23/02/2024,,,2,-9,2.00,0.00,2.00,17.00,CJ,"2,011.23",205,Gabriela Chapa,
,I0ETI29928-1,PLANEACION,OE00049495,M0151319-325,18,524.88,0.325,170.586,N11200P,TIENDAS SORIANA,00742B0013A,MTTO. EQUIPO ETIQ. 4 X 2 TD,C, 13/02/24, 13/02/24, 01/03/24, 02/03/24, 04/03/24,,,1,-17,27.00,0.00,27.00,120.00,MI,"2,160.00",1,Directo,
,I0ETI29930-1,PLANEACION,,COMERCIALIZACION,,0,#VALUE!,#VALUE!,PA5209P,BACHOCO  (CULIACAN ),05209R0001A,MA1721 ET P/PISTOLA BCO 1618,C, 13/02/24, 13/02/24, 02/03/24, 02/03/24, 04/03/24,,,1,-18,"1,000.00",0.00,"1,000.00",0.00,MI,"13,000.00",59,Cynthia Garay,
,I0ETI29931-1,PLANEACION,OE00049496,M0549205-305,129.5,41958,0.305,12797.19,N10411P,FABRICANTES DE EQUIPOS PARA REFRIGERACION,00111B0003C,12900450 KIT 20 ROLLOS WLABEL ESP,C, 13/02/24, 13/02/24, 02/03/24, 02/03/24, 04/03/24,,,1,-18,300.00,0.00,300.00,0.00,CJ,"182,514.00",59,Cynthia Garay,
,I0ETI29931-2,PLANEACION,OE00049497,M0549205-305,129.5,13986,0.305,4265.73,N10411P,FABRICANTES DE EQUIPOS PARA REFRIGERACION,00111B0001C,12900451 KIT TORREY COMPLETO ESP 1500,C, 13/02/24, 13/02/24, 02/03/24, 02/03/24, 04/03/24,,,1,-18,100.00,0.00,100.00,0.00,CJ,"60,702.00",59,Cynthia Garay,
,I0ETI29939-1,PLANEACION,,M0549142-160,238.1,2314.332,0.16,370.29312,NE3330P,QUALTIA ALIMENTOS OPERACIONES,03330I0035C,ETIQ. B6802 JAMÓN DE PIERNA KIR,C, 13/02/24, 13/02/24, 02/03/24, 02/03/24, 04/03/24,,,1,-18,9.00,0.00,9.00,0.00,MI,"27,423.00",79,Jaime Blasques,
,I0ETI29687-1,PLANEACION,OE00049152,M4800001-272,16.14,18399.6,0.272,5004.6912,CT8600P,"ANDERSON CONECTORES, S.A DE C.V",08600I0002J,MANGA CONECTOR 2 TINTAS,E, 02/02/24, 03/02/24, 03/03/24, 02/03/24, 04/03/24,,,11,-19,"1,000.00",0.00,"1,000.00",0.00,MI,"81,010.78",9775,Magdalena Martínez,
,I0ETI29688-1,PLANEACION,OE00049151,M4800001-272,16.14,14719.68,0.272,4003.75296,CT8600P,"ANDERSON CONECTORES, S.A DE C.V",08600I0001J,MANGA CONECTOR 3 TINTAS,E, 02/02/24, 03/02/24, 03/03/24, 02/03/24, 04/03/24,,,11,-19,800.00,0.00,800.00,0.00,MI,"74,420.07",9775,Magdalena Martínez,
*,I0ETI29932-1,RETENIDO,,,,,,,S11111P,CORPORATIVO DE JUEGOS MARGIL,11111I0001A,TICKET MAQUIMAC 1 TINTA,E, 13/02/24, 13/02/24, 13/03/24, 13/03/24,13/03/2024,,,1,-29,"1,000.00",0.00,"1,000.00",0.00,MI,"25,628.25",182,Clelia Sanchez,ENTREGA OCURRE- MORELIA ATENCION ROBERTO SEPULVEDA
,I0ETI29944-1,PLANEACION,,M0549248-230,52.4,56.592,0.23,13.01616,NE0807P,SUPERMERCADOS INTERNACIONALES H E B,00807I0085A,ETIQ. HEB BAKERY GRANDE,A, 13/02/24, 13/02/24, 02/03/24, 02/03/24, 04/03/24,,,1,-18,1.00,0.00,1.00,2.00,CJ,876.13,59,Cynthia Garay,
,I0ETI29944-2,PLANEACION,,M0151324-220,21.2,114.48,0.22,25.1856,NE0807P,SUPERMERCADOS INTERNACIONALES H E B,00807D0003A,ETIQ HEB TRES LECHES,A, 13/02/24, 13/02/24, 02/03/24, 02/03/24, 04/03/24,,,1,-18,5.00,0.00,5.00,17.00,MI,"4,163.55",59,Cynthia Garay,
*,I0ETI29940-1,RETENIDO,,,,,,,C12108P,JOAQUIN GACHUPIN MORA,10816B0006A,"ETIQ. TD 4X8 R400 C3"" C/P  PRECORTE",C, 13/02/24, 13/02/24, 02/03/24, 02/03/24,02/03/2024,,,1,-18,15.00,0.00,15.00,0.00,MI,"4,907.81",179,Guadalupe Gomar,
*,I0ETI29940-2,RETENIDO,,,,,,,C12108P,JOAQUIN GACHUPIN MORA,10816B0005A,"ETIQ. TD 4X8 R400 C1.5"" C/P  PRECORTE",C, 13/02/24, 13/02/24, 02/03/24, 02/03/24,02/03/2024,,,1,-18,10.00,0.00,10.00,0.00,MI,"3,271.87",179,Guadalupe Gomar,
*,I0ETI29940-3,RETENIDO,,,,,,,C12108P,JOAQUIN GACHUPIN MORA,10816B0002A,ETIQ.TD 4 X 6 C-P C-1.5 R-400,C, 13/02/24, 13/02/24, 02/03/24, 02/03/24,02/03/2024,,,1,-18,10.00,0.00,10.00,0.00,MI,"2,554.28",179,Guadalupe Gomar,
,I0ETI29944-4,PLANEACION,,M0549197-285,5.5033,5.943564,0.285,1.69391574,NE0807P,SUPERMERCADOS INTERNACIONALES H E B,00807D0011A,ET. HEB FESTEJA A TU MASCOTA,A, 13/02/24, 13/02/24, 02/03/24, 02/03/24, 04/03/24,,,1,-18,1.00,0.00,1.00,26.00,CJ,225.92,59,Cynthia Garay,
,I0ETI29944-5,PLANEACION,,M0151324-220,21.2,160.272,0.22,35.25984,NE0807P,SUPERMERCADOS INTERNACIONALES H E B,00807D0002B,ETIQ HEB FLAN,A, 13/02/24, 13/02/24, 02/03/24, 02/03/24, 04/03/24,,,1,-18,7.00,0.00,7.00,1.00,MI,"5,828.97",59,Cynthia Garay,
,I0ETI29944-3,PLANEACION,,M0549197-150,68.26,73.7208,0.15,11.05812,NE0807P,SUPERMERCADOS INTERNACIONALES H E B,00807I0059B,ETIQ. HEB PAY DE CEREZA REDUCIDO EN AZUC,C, 13/02/24, 13/02/24, 02/03/24, 02/03/24, 04/03/24,,,1,-18,1.00,0.00,1.00,0.00,CJ,558.84,59,Cynthia Garay,
,I0ETI29953-1,PLANEACION,,m0549153-225,26.8,1447.2,0.225,325.62,NE6316P,EL NUEVO MUNDO MONTERREY,06316I0001,ETIQ. 100UP PLASTA VERDE,C, 13/02/24, 13/02/24, 02/03/24, 02/03/24, 04/03/24,,,1,-18,50.00,0.00,50.00,0.00,PQ,"11,032.00",59,Cynthia Garay,
,cs00005099-1,PLANEACION,oe00048979,M0151319-250,9.44,2039.04,0.25,509.76,TTIJ,ALMACEN ETIQUETAS MONTERREY-MP,08509B0011B,ETIQ TD 2.25 X 2 R/700 C/1 C/P,C, 29/01/24, 29/01/24, 04/03/24, 04/03/24, 06/03/24,,,16,-19,200.00,0.00,200.00,0.00,RL,0.00,,#N/A,
,I0ETI28747-9,PLANEACION,OE00048305,M0549142-245/M0151226-250,114.3,1851.66,0.245,453.6567,NE3330P,QUALTIA ALIMENTOS OPERACIONES,03330I0027D,ETIQ. B6846 JAMON VIRGINIA ZWAN BIO,B, 10/01/24, 11/01/24, 05/03/24, 05/03/24, 07/03/24,,,34,-20,15.00,0.00,15.00,1.00,MI,"30,247.50",79,Jaime Blasques,
,I0ETI29870-2,MP,OE00049423,M0549247-300,82.55,6597.396,0.3,1979.2188,NE0969P,EMBOTELLADORA GEYSER,00969I0023E,ETIQ. DEL VALLE FRUT BIDON 5 LT.,B, 10/02/24, 10/02/24, 05/03/24, 05/03/24, 07/03/24,,,4,-20,74.00,0.00,74.00,0.00,MI,"72,520.00",79,Jaime Blasques,
,I0ETI29699-1,PLANEACION,,M4800005-360,228.6,781.812,0.36,281.45232,N11205D,GRUPO IDALIMENTOS,11205I0005B,MANGA ADEREZO BLUE CHEASE,E, 03/02/24, 03/02/24, 05/03/24, 05/03/24, 07/03/24,,,11,-20,3.00,0.00,3.00,0.00,MI,"7,928.01",39,Alejandro de Mata,
,I0ETI29699-2,PLANEACION,,M4800005-360,228.6,781.812,0.36,281.45232,N11205D,GRUPO IDALIMENTOS,11205I0003B,MANGA ADEREZO CESAR,E, 03/02/24, 03/02/24, 05/03/24, 05/03/24, 07/03/24,,,11,-20,3.00,0.00,3.00,0.00,MI,"7,928.01",39,Alejandro de Mata,
,I0ETI29699-3,PLANEACION,,M4800005-360,228.6,781.812,0.36,281.45232,N11205D,GRUPO IDALIMENTOS,11205I0004B,MANGA ADEREZO ITALIANO,E, 03/02/24, 03/02/24, 05/03/24, 05/03/24, 07/03/24,,,11,-20,3.00,0.00,3.00,0.00,MI,"7,928.01",39,Alejandro de Mata,
,I0ETI29699-4,PLANEACION,,M4800005-360,228.6,260.604,0.36,93.81744,N11205D,GRUPO IDALIMENTOS,11205I0001B,MANGA ADEREZO MIL ISLAS,E, 03/02/24, 03/02/24, 05/03/24, 05/03/24, 07/03/24,,,11,-20,1.00,0.00,1.00,0.00,MI,"2,642.67",39,Alejandro de Mata,
,I0ETI29699-5,PLANEACION,,M4800005-360,228.6,781.812,0.36,281.45232,N11205D,GRUPO IDALIMENTOS,11205I0002B,MANGA ADEREZO RANCH,E, 03/02/24, 03/02/24, 05/03/24, 05/03/24, 07/03/24,,,11,-20,3.00,0.00,3.00,0.00,MI,"7,928.01",39,Alejandro de Mata,
,I0ETI29829-1,PT,,M0549153-215,29,939.6,0.215,202.014,NE9798D,UNICAR PLASTICS,PL5164100,ETQ. LASER 4 X 3 1/3 C/100,A, 08/02/24, 08/02/24, 07/03/24, 07/03/24, 09/03/24,,,6,-22,30.00,0.00,30.00,110.00,PQ,"4,456.54",182,Clelia Sanchez,SALTILLO FACTURAR Y EMBARCAR 10 MARZO
,I0ETI29814-1,PLANEACION,,M0034354-270,27.94,5029.2,0.27,1357.884,N11776D,AREMA PRODUCCION Y SERVICIOS,11776I0004A,BOLETO THIANY,E, 07/02/24, 07/02/24, 08/03/24, 08/03/24, 11/03/24,,,7,-24,150.00,0.00,150.00,0.00,MI,"60,332.20",182,Clelia Sanchez,
,I0ETI29846-1,PLANEACION,,M1001912-330,82.02,106.29792,0.33,35.0783136,C11277P,PCM Prueba Industrial CDMX,P4392A,BAG TAG KIOSKO 2024,E, 09/02/24, 09/02/24, 10/03/24, 09/03/24, 11/03/24,,,5,-26,1.20,0.00,1.20,0.00,MI,0.01,7,Ana Rebeca Reyes,"ENTREGAR EN LA OFICINA DE VIVA EN MONTERREY, EN ATENCIÓN A  ADRIAN ESCOBAR"
,I0ETI29849-1,PLANEACION,OE00049395,M0549246-245,1.42875,1851.66,0.245,453.6567,NE9849P,GRUPO COMERCIAL DSW,09849B0002A,ETIQ TD  3” x 1” C.S.12mm C/150pzas P/An,E, 09/02/24, 09/02/24, 10/03/24, 09/03/24, 11/03/24,,,5,-26,"1,200.00",0.00,"1,200.00",0.00,RL,"17,100.00",8,Ilse de la Fuente,
,I0ETI29833-1,PLANEACION,,M2644003-220,200,79056,0.22,17392.32,S10789D,AEROPUERTO DE CANCUN,10789I0001A,ROLLO TERM. A UNA TINTA AL REVERSO DE 3.,E, 08/02/24, 08/02/24, 09/03/24, 09/03/24, 11/03/24,,,6,-25,366.00,0.00,366.00,0.00,RL,"98,701.10",9775,Magdalena Martínez,
,I0ETI28747-10,PLANEACION,OE00048306,M0549142-245/M0151226-250,114.3,1851.66,0.245,453.6567,NE3330P,QUALTIA ALIMENTOS OPERACIONES,03330I0027D,ETIQ. B6846 JAMON VIRGINIA ZWAN BIO,B, 10/01/24, 11/01/24, 12/03/24, 12/03/24, 14/03/24,,,34,-27,15.00,0.00,15.00,1.00,MI,"30,247.50",79,Jaime Blasques,
,I0ETI29151-1,PLANEACION,OE00048731,M0549204-325,17.99,7577.388,0.325,2462.6511,CT9222P,RECKITT BENCKISER MEXICO,09222B0007B,"KIT ETIQ 50021854 TT 4""X2"" R3000 C/RIBBO",C, 18/01/24, 19/01/24, 12/03/24, 12/03/24, 14/03/24,,,26,-27,390.00,0.00,390.00,0.00,MI,"41,067.00",79,Jaime Blasques,
*,I0ETI29948-1,RETENIDO,,,,,,,NE0742P,TIENDAS SORIANA,10000B0012,TD BIZERBA 57 X 43 R/800 B/34,B, 13/02/24, 13/02/24, 02/03/24, 02/03/24,02/03/2024,,,1,-18,7.00,0.00,7.00,-357.00,CJ,"6,818.84",79,Jaime Blasques,"QUERETARO, EMBARCAR 15  FEBRERO, CITA 17 FEBRERO."
*,I0ETI29948-2,RETENIDO,,,,,,,NE0742P,TIENDAS SORIANA,10000B0156,ETIQ. TD BERKEL 49 X 65 R/600  C/38 B24,B, 13/02/24, 13/02/24, 02/03/24, 02/03/24,02/03/2024,,,1,-18,1.00,0.00,1.00,-30.00,CJ,635.04,79,Jaime Blasques,"QUERETARO, EMBARCAR 15  FEBRERO, CITA 17 FEBRERO."
*,I0ETI29948-3,RETENIDO,,,,,,,NE0742P,TIENDAS SORIANA,10000B0011,TD R CONTINUO TOLEDO 61 X 56 B/30,C, 13/02/24, 13/02/24, 02/03/24, 02/03/24,02/03/2024,,,1,-18,2.00,0.00,2.00,-8.00,CJ,"2,510.44",79,Jaime Blasques,"QUERETARO, EMBARCAR 15  FEBRERO, CITA 17 FEBRERO."
*,I0ETI29949-1,RETENIDO,,,,,,,NE0742P,TIENDAS SORIANA,10000B0012,TD BIZERBA 57 X 43 R/800 B/34,B, 13/02/24, 13/02/24, 02/03/24, 02/03/24,02/03/2024,,,1,-18,6.00,0.00,6.00,-357.00,CJ,"5,844.72",79,Jaime Blasques,"TULTITLAN, EMBARCAR  15 FEBRERO, CITA 17 FEBRERO"
*,I0ETI29949-2,RETENIDO,,,,,,,NE0742P,TIENDAS SORIANA,00742B0043A,ROLLO CONTINUO BIZERBA 57X50 B50,B, 13/02/24, 13/02/24, 02/03/24, 02/03/24,02/03/2024,,,1,-18,2.00,0.00,2.00,5.00,CJ,"3,500.66",79,Jaime Blasques,"TULTITLAN, EMBARCAR  15 FEBRERO, CITA 17 FEBRERO"
*,I0ETI29949-3,RETENIDO,,,,,,,NE0742P,TIENDAS SORIANA,00742I0154,BERKEL IMP. SANTA FE CAJA C/40R,B, 13/02/24, 13/02/24, 02/03/24, 02/03/24,02/03/2024,,,1,-18,1.00,0.00,1.00,-3.00,CJ,"1,472.54",79,Jaime Blasques,"TULTITLAN, EMBARCAR  15 FEBRERO, CITA 17 FEBRERO"
*,I0ETI29949-4,RETENIDO,,,,,,,NE0742P,TIENDAS SORIANA,10000B0156,ETIQ. TD BERKEL 49 X 65 R/600  C/38 B24,B, 13/02/24, 13/02/24, 02/03/24, 02/03/24,02/03/2024,,,1,-18,3.00,0.00,3.00,-30.00,CJ,"1,905.12",79,Jaime Blasques,"TULTITLAN, EMBARCAR  15 FEBRERO, CITA 17 FEBRERO"
*,I0ETI29949-5,RETENIDO,,,,,,,NE0742P,TIENDAS SORIANA,10000B0017,TD BERKEL 49 X 40 R/1000 B/54 C-38,C, 13/02/24, 13/02/24, 02/03/24, 02/03/24,02/03/2024,,,1,-18,1.00,0.00,1.00,11.00,CJ,"1,458.95",79,Jaime Blasques,"TULTITLAN, EMBARCAR  15 FEBRERO, CITA 17 FEBRERO"
*,I0ETI29949-6,RETENIDO,,,,,,,NE0742P,TIENDAS SORIANA,10000B0157,ETIQ. TD R CONTINUO 52 X 40 MTS B24,B, 13/02/24, 13/02/24, 02/03/24, 02/03/24,02/03/2024,,,1,-18,2.00,0.00,2.00,5.00,CJ,"1,251.82",79,Jaime Blasques,"TULTITLAN, EMBARCAR  15 FEBRERO, CITA 17 FEBRERO"
*,I0ETI29949-7,RETENIDO,,,,,,,NE0742P,TIENDAS SORIANA,10000B0010,TD TOLEDO 61 X 47 R/1000 B/30,B, 13/02/24, 13/02/24, 02/03/24, 02/03/24,02/03/2024,,,1,-18,2.00,0.00,2.00,-8.00,CJ,"2,339.26",79,Jaime Blasques,"TULTITLAN, EMBARCAR  15 FEBRERO, CITA 17 FEBRERO"
*,I0ETI29950-1,RETENIDO,,,,,,,NE0742P,TIENDAS SORIANA,00742B0171A,ETIQ TD BIZERBA 58X114MM R/280 CAJA C/40,C, 13/02/24, 13/02/24, 02/03/24, 02/03/24,02/03/2024,,,1,-18,2.00,0.00,2.00,-37.00,CJ,"2,030.90",79,Jaime Blasques,"SALINAS, EMBARCAR 15 FEBRERO, CITA 17 DE FEBRERO"
*,I0ETI29950-10,RETENIDO,,,,,,,NE0742P,TIENDAS SORIANA,00742I0057,ETIQ. TD TOLEDO 60 X 114 R/350,C, 13/02/24, 13/02/24, 02/03/24, 02/03/24,02/03/2024,,,1,-18,1.00,0.00,1.00,-1.00,CJ,983.11,79,Jaime Blasques,"SALINAS, EMBARCAR 15 FEBRERO, CITA 17 DE FEBRERO"
*,I0ETI29950-2,RETENIDO,,,,,,,NE0742P,TIENDAS SORIANA,00742I0151,BIZERBA IMP. SANTA FE CAJA C/20R,B, 13/02/24, 13/02/24, 02/03/24, 02/03/24,02/03/2024,,,1,-18,1.00,0.00,1.00,-39.00,CJ,573.56,79,Jaime Blasques,"SALINAS, EMBARCAR 15 FEBRERO, CITA 17 DE FEBRERO"
*,I0ETI29950-3,RETENIDO,,,,,,,NE0742P,TIENDAS SORIANA,00742I0149,BIZERBA IMP. DON FCO SELEC CAJA C/40R,B, 13/02/24, 13/02/24, 02/03/24, 02/03/24,02/03/2024,,,1,-18,3.00,0.00,3.00,-42.00,CJ,"3,350.49",79,Jaime Blasques,"SALINAS, EMBARCAR 15 FEBRERO, CITA 17 DE FEBRERO"
*,I0ETI29950-4,RETENIDO,,,,,,,NE0742P,TIENDAS SORIANA,10000B0012,TD BIZERBA 57 X 43 R/800 B/34,B, 13/02/24, 13/02/24, 02/03/24, 02/03/24,02/03/2024,,,1,-18,10.00,0.00,10.00,-357.00,CJ,"9,741.20",79,Jaime Blasques,"SALINAS, EMBARCAR 15 FEBRERO, CITA 17 DE FEBRERO"
*,I0ETI29950-5,RETENIDO,,,,,,,NE0742P,TIENDAS SORIANA,00742B0043A,ROLLO CONTINUO BIZERBA 57X50 B50,B, 13/02/24, 13/02/24, 02/03/24, 02/03/24,02/03/2024,,,1,-18,4.00,0.00,4.00,5.00,CJ,"7,001.32",79,Jaime Blasques,"SALINAS, EMBARCAR 15 FEBRERO, CITA 17 DE FEBRERO"
*,I0ETI29950-6,RETENIDO,,,,,,,NE0742P,TIENDAS SORIANA,00742I0154,BERKEL IMP. SANTA FE CAJA C/40R,B, 13/02/24, 13/02/24, 02/03/24, 02/03/24,02/03/2024,,,1,-18,1.00,0.00,1.00,-3.00,CJ,"1,472.54",79,Jaime Blasques,"SALINAS, EMBARCAR 15 FEBRERO, CITA 17 DE FEBRERO"
*,I0ETI29950-7,RETENIDO,,,,,,,NE0742P,TIENDAS SORIANA,00742I0152,BERKEL IMP. DON FCO SELEC CAJA C/40R,C, 13/02/24, 13/02/24, 02/03/24, 02/03/24,02/03/2024,,,1,-18,1.00,0.00,1.00,-12.00,CJ,"1,438.76",79,Jaime Blasques,"SALINAS, EMBARCAR 15 FEBRERO, CITA 17 DE FEBRERO"
*,I0ETI29950-8,RETENIDO,,,,,,,NE0742P,TIENDAS SORIANA,10000B0156,ETIQ. TD BERKEL 49 X 65 R/600  C/38 B24,B, 13/02/24, 13/02/24, 02/03/24, 02/03/24,02/03/2024,,,1,-18,2.00,0.00,2.00,-30.00,CJ,"1,270.08",79,Jaime Blasques,"SALINAS, EMBARCAR 15 FEBRERO, CITA 17 DE FEBRERO"
*,I0ETI29950-9,RETENIDO,,,,,,,NE0742P,TIENDAS SORIANA,10000B0157,ETIQ. TD R CONTINUO 52 X 40 MTS B24,B, 13/02/24, 13/02/24, 02/03/24, 02/03/24,02/03/2024,,,1,-18,7.00,0.00,7.00,5.00,CJ,"4,381.37",79,Jaime Blasques,"SALINAS, EMBARCAR 15 FEBRERO, CITA 17 DE FEBRERO"
,I0ETI29664-1,PLANEACION,OE00049113,M0034320-215,12.7,3429,0.215,737.235,NE6447P,OPERADORA MERCO,06447I0004A,ETIQ. LOGO VERDE,B, 01/02/24, 01/02/24, 12/03/24, 12/03/24, 14/03/24,,,13,-27,250.00,0.00,250.00,0.00,MI,"30,539.25",59,Cynthia Garay,Cita 13 Marzo 2024
,I0ETI29664-2,PLANEACION,OE00049114,M0151319-325,6.6,1782,0.325,579.15,NE6447P,OPERADORA MERCO,06447B0003A,ROLLO CONTINUO 57MM X 33MTS BASCULA DIGI,C, 01/02/24, 01/02/24, 12/03/24, 12/03/24, 14/03/24,,,13,-27,250.00,0.00,250.00,250.00,RL,"10,182.50",59,Cynthia Garay,Cita 13 Marzo 2024
,I0ETI29871-1,PLANEACION,,M0151319-254,6.98,2351.9808,0.254,597.4031232,C12257P,GRUPO ZORRO ABARROTERO,12257I0003A,RL TD 76MM X 102MM 200 1T C12MM VERDE,E, 10/02/24, 10/02/24, 12/03/24, 12/03/24, 14/03/24,,,4,-27,312.00,0.00,312.00,0.00,RL,"15,219.36",197,#N/A,
,I0ETI29871-2,PLANEACION,,M0151319-254,6.98,2811.8232,0.254,714.2030928,C12257P,GRUPO ZORRO ABARROTERO,12257I0006A,RL TD 76MM X 102MM 200 1T C12MM ROJO,E, 10/02/24, 10/02/24, 12/03/24, 12/03/24, 14/03/24,,,4,-27,373.00,0.00,373.00,0.00,RL,"18,194.94",197,#N/A,
,I0ETI29901-1,PLANEACION,,M0151319-220,32.54,3760.3224,0.22,827.270928,C12257P,GRUPO ZORRO ABARROTERO,12257B0001A,"ROLLO TD 4X5 PGS, 500, C12MM",E, 12/02/24, 12/02/24, 12/03/24, 12/03/24, 14/03/24,,,2,-28,107.00,0.00,107.00,0.00,RL,"16,983.04",197,#N/A,
,I0ETI29901-2,PLANEACION,,M0151319-220,32.54,3900.8952,0.22,858.196944,C12257P,GRUPO ZORRO ABARROTERO,12257B0001A,"ROLLO TD 4X5 PGS, 500, C12MM",E, 12/02/24, 12/02/24, 12/03/24, 12/03/24, 14/03/24,,,2,-28,111.00,0.00,111.00,0.00,RL,"17,617.92",197,#N/A,
*,I0ETI29954-1,RETENIDO,,,,,,,NO9543P,USTRECH,50000B0053A,ETIQ. TT 3 X 5 R-1200 C-3,C, 13/02/24, 13/02/24, 02/03/24, 02/03/24,02/03/2024,,,1,-18,420.00,0.00,420.00,0.00,MI,"57,263.76",59,Cynthia Garay,
*,I0ETI29957-1,RETENIDO,,,,,,,N12145P,ALIMENTOS OROMAR,12145B0001A,ET. CART 102X152 BCA R-750 C-3,C, 13/02/24, 13/02/24, 02/03/24, 02/03/24,02/03/2024,,,1,-18,"120,000.00",0.00,"120,000.00",0.00,PZ,"26,653.38",59,Cynthia Garay,
*,I0ETI29958-1,RETENIDO,,,,,,,N11997D,SDI MONCLOVA,11451I0053A,"ETIQ TT 4 X 6"" R-1000 C-3"" C/P  ""U""  MEL",C, 13/02/24, 13/02/24, 05/03/24, 05/03/24,05/03/2024,,,1,-20,16.00,0.00,16.00,0.00,MI,"3,668.60",205,Gabriela Chapa,
*,I0ETI29959-1,RETENIDO,,,,,,,NA7446D,NATIONAL POS PAPER LLC,07446B0011B,ETIQ TD 4 X 1 1/2 R-1620 C/P C-1,C, 13/02/24, 13/02/24, 02/03/24, 02/03/24,02/03/2024,,,1,-18,100.00,0.00,100.00,0.00,CJ,"49,838.40",178,#N/A,
*,I0ETI29959-2,RETENIDO,,,,,,,NA7446D,NATIONAL POS PAPER LLC,07446I0224A,ETIQ TD 58X40MM R-700,C, 13/02/24, 13/02/24, 02/03/24, 02/03/24,02/03/2024,,,1,-18,20.00,0.00,20.00,0.00,CJ,"7,285.26",178,#N/A,
*,I0ETI29959-3,RETENIDO,,,,,,,NA7446D,NATIONAL POS PAPER LLC,07446I0214B,ETIQ TD BASCULA 57.15X60MM CAJA C/12R500,C, 13/02/24, 13/02/24, 02/03/24, 02/03/24,02/03/2024,,,1,-18,250.00,0.00,250.00,0.00,CJ,"90,254.15",178,#N/A,
*,I0ETI29959-4,RETENIDO,,,,,,,NA7446D,NATIONAL POS PAPER LLC,07446I0087B,ETIQ HOBART 57 X 76MM C/16 ROLLOS C/1000,C, 13/02/24, 13/02/24, 02/03/24, 02/03/24,02/03/2024,,,1,-18,20.00,0.00,20.00,0.00,CJ,"25,676.09",178,#N/A,
*,I0ETI29959-5,RETENIDO,,,,,,,NA7446D,NATIONAL POS PAPER LLC,07446B0033A,ROLLO CONTINUO 64MMX121FT (36.8808MTS),C, 13/02/24, 13/02/24, 02/03/24, 02/03/24,02/03/2024,,,1,-18,100.00,0.00,100.00,0.00,CJ,"42,098.67",178,#N/A,
*,I0ETI29959-6,RETENIDO,,,,,,,NA7446D,NATIONAL POS PAPER LLC,07446I0222B,ETIQ. TD 56 X 60 MM R-500 B12 REC,C, 13/02/24, 13/02/24, 02/03/24, 02/03/24,02/03/2024,,,1,-18,100.00,0.00,100.00,0.00,CJ,"34,683.57",178,#N/A,
*,I0ETI29963-1,RETENIDO,,,,,,,C11810P,ROSA ARREOLA CARDENAS,08125I0008A,ETIQ. SEGURIDAD APEAM,C, 13/02/24, 13/02/24, 02/03/24, 02/03/24,02/03/2024,,,1,-18,100.00,0.00,100.00,0.00,MI,"22,400.00",209,#N/A,SOLO FACTURAR
*,I0ETI29967-1,RETENIDO,,,,,,,C12109D,AUTOMATIZACION Y TRAFICO ALTO,12109I0018A,"SAMARA CON FOLIO, 05-BTDESTERM",E, 13/02/24, 13/02/24, 13/03/24, 13/03/24,13/03/2024,,,1,-29,240.00,0.00,240.00,0.00,MI,"32,804.16",94,#N/A,"FOLIO DEL  480,001 AL 720,000.    ENVIAR A CEDIS CDMX"
*,I0ETI29968-1,RETENIDO,,,,,,,C12109D,AUTOMATIZACION Y TRAFICO ALTO,12109I0024A,"LA ISLA CANCUN, CON FOLIO, 05-BTDESTERM",E, 13/02/24, 13/02/24, 13/03/24, 13/03/24,13/03/2024,,,1,-29,300.00,0.00,300.00,0.00,MI,"41,005.20",94,#N/A,"FOLIOS DEL 1 AL 300,000.     VENTAS LIBERA PEDIDO POR MEDIO DE CITA."
*,I0ETI29969-1,RETENIDO,,,,,,,C12109D,AUTOMATIZACION Y TRAFICO ALTO,12109I0008A,PLAZA CUMBRES 05-BTDESTERM CON FOLIO,E, 13/02/24, 13/02/24, 13/03/24, 13/03/24,13/03/2024,,,1,-29,960.00,0.00,960.00,0.00,MI,"131,216.64",94,#N/A,"FOLIOS DEL 40,001 AL 1,000,000 VENTAS LIBERA PEDIDO POR MEDIO DE CITA."
,I0ETI29903-1,PLANEACION,,M2644004-240,21.63,5191.2,0.24,1245.888,C12109D,AUTOMATIZACION Y TRAFICO ALTO,12109I0019A,"PATIO HERMOSILLO CON FOLIO, 05-BTDESTERM",E, 12/02/24, 12/02/24, 12/03/24, 12/03/24, 14/03/24,,,2,-28,200.00,0.00,200.00,0.00,MI,"27,363.68",94,#N/A,"FOLIOS DEL 750,001 AL 950,000.      ENVIAR A CEDIS CDMX."
,I0ETI29904-1,PLANEACION,,M2644004-240,21.63,4672.08,0.24,1121.2992,C12109D,AUTOMATIZACION Y TRAFICO ALTO,12109I0011A,"PLAZA LINDAVISTA CON FOLIO, 05-BTDESTERM",E, 12/02/24, 12/02/24, 12/03/24, 12/03/24, 14/03/24,,,2,-28,180.00,0.00,180.00,0.00,MI,"24,627.31",94,#N/A,"FOLIOS DEL 810,000 AL 990,000.     ENVIAR A CEDIS CDMX."
,I0ETI29905-1,PLANEACION,,M2644004-240,21.63,10382.4,0.24,2491.776,C12109D,AUTOMATIZACION Y TRAFICO ALTO,12109I0020A,"PLAZA ARKANA CON FOLIO, 05-BTDESTERM",E, 12/02/24, 12/02/24, 12/03/24, 12/03/24, 14/03/24,,,2,-28,400.00,0.00,400.00,0.00,MI,"54,727.36",94,#N/A,"FOLIOS DEL 20,001 AL 420,000.     ENVIAR A CEDIS CDMX."
*,I0MEX22764-2,RETENIDO,,,,,,,C10176P,ALFREDO GERMAN RAMIREZ,PL5165100,ETIQ. LASER 8 1/2 X 11 C/100,A, 07/12/23, 07/12/23, 26/12/23, 14/12/23,26/12/2023,,,69,50,40.00,0.00,40.00,120.00,PQ,"6,501.70",179,Guadalupe Gomar,
*,I0MEX22769-1,RETENIDO,,,,,,,C10176P,ALFREDO GERMAN RAMIREZ,50000B0012A,ETIQ. TT 4X2 R-2000 C/P C-3,A, 11/12/23, 11/12/23, 29/12/23, 11/12/23,29/12/2023,,,65,47,3.00,0.00,3.00,62.00,CJ,"2,878.43",179,Guadalupe Gomar,
*,I0MEX22769-2,RETENIDO,,,,,,,C10176P,ALFREDO GERMAN RAMIREZ,50000B0098A,ETIQ. TT 4x3 C3 R2000 CP,C, 11/12/23, 11/12/23, 29/12/23, 11/12/23,29/12/2023,,,65,47,16.00,0.00,16.00,0.00,MI,"1,914.77",179,Guadalupe Gomar,
*,I0MEX22772-1,RETENIDO,,,,,,,C10176P,ALFREDO GERMAN RAMIREZ,50000B0031B,ETIQ. TT 4X4 R-1000 C/P C-3,A, 12/12/23, 20/12/23, 27/12/23, 31/01/24,31/01/2024,,,56,49,4.00,0.00,4.00,49.00,CJ,"2,494.16",179,Guadalupe Gomar,
,I0ETI29942-1,PLANEACION,OE00049499,M4800001-306,180,6156,0.306,1883.736,NE7141P,SPRAYLAB,07141I0152A,MANGA 2PACK SIMPLE TRUTH AVOCADO OIL,E, 13/02/24, 13/02/24, 13/03/24, 13/03/24, 15/03/24,,,1,-29,30.00,0.00,30.00,0.00,MI,"29,144.45",79,Jaime Blasques,
,I0ETI29945-1,PLANEACION,OE00049502,M2644004-240,21.63,3114.72,0.24,747.5328,C12109D,AUTOMATIZACION Y TRAFICO ALTO,12109I0002B,BOLETO LA CASA DE TOÑO CON FOLIO,E, 13/02/24, 13/02/24, 13/03/24, 13/03/24, 15/03/24,,,1,-29,120.00,0.00,120.00,0.00,MI,"16,402.08",94,#N/A,"FOLIOS DEL 780,001 AL 900,000.         ENVIAR A CEDIS CDMX."
*,I0TIJ12081-1,RETENIDO,,,,,,,N11878P,WESTECH DE MEXICO,50000B0017A,ETIQ. TT 4X3 R-2000 C-3,A, 04/01/24, 04/01/24, 11/01/24, 05/01/24,11/01/2024,,,41,33,33.00,0.00,33.00,0.00,CJ,"24,614.73",210,Alberto Limas,
,I0ETI29952-3,PLANEACION,OE00049507,TERMICO135.258GRS FA,5.1429,16662.996,0.0052,86.6475792,C11994P,AEROENLACES NACIONALES,T8062MTSVIVA,TERMICO  80X62MTS C- PANAL 12MM,C, 13/02/24, 13/02/24, 13/03/24, 13/03/24, 15/03/24,,,1,-29,"3,000.00",0.00,"3,000.00","-29,000.00",PZ,"61,860.00",94,#N/A,VENTAS LIBERA PEDIDO POR MEDIO DE CITA.
,I0ETI29952-5,PLANEACION,OE00049509,M1001912-330,82.02,62007.12,0.33,20462.3496,C11994P,AEROENLACES NACIONALES,11994I0002A,ETI EQ ULTHR FANFOLD IMP VAR VIVAAEROBUS,C, 13/02/24, 13/02/24, 13/03/24, 13/03/24, 15/03/24,,,1,-29,700.00,0.00,700.00,"-2,565.00",MI,"627,158.00",94,#N/A,VENTAS LIBERA PEDIDO POR MEDIO DE CITA.
*,I0TIJ12095-1,RETENIDO,,,,,,,N11878P,WESTECH DE MEXICO,02939I0059A,ETIQ. TT 4X3 AZUL P-2905 C/P R-2000 C-3,C, 07/01/24, 07/01/24, 26/01/24, 08/01/24,26/01/2024,,,38,18,50.00,0.00,50.00,0.00,MI,"3,025.63",210,Alberto Limas,
,I0ETI29952-1,PLANEACION,OE00049505,M1001912-330,82.02,70865.28,0.33,23385.5424,C11994P,AEROENLACES NACIONALES,11994I0004A,BAGTAG ROLLO VIVAAEROBUS C3 3G O NORMAL,E, 13/02/24, 13/02/24, 13/03/24, 13/03/24, 15/03/24,,,1,-29,800.00,0.00,800.00,"-2,092.00",MI,"516,592.00",94,#N/A,VENTAS LIBERA PEDIDO POR MEDIO DE CITA.
,I0ETI29952-2,PLANEACION,OE00049506,M1001912-330,82.02,70865.28,0.33,23385.5424,C11994P,AEROENLACES NACIONALES,11994I0003A,BAGTAG ROLLO VIVAAEROBUS C3 3F O ALREVES,E, 13/02/24, 13/02/24, 13/03/24, 13/03/24, 15/03/24,,,1,-29,800.00,0.00,800.00,"-1,794.00",MI,"516,592.00",94,#N/A,VENTAS LIBERA PEDIDO POR MEDIO DE CITA.
*,I0TIJ12129-1,RETENIDO,,,,,,,N12067P,MANUEL MEDINA JIMENEZ,PL5163100,ETIQ. LASER 4 X 2 C/100,A, 16/01/24, 16/01/24, 03/02/24, 16/01/24,03/02/2024,,,29,11,20.00,0.00,20.00,182.00,PQ,"3,300.00",210,Alberto Limas,
,I0ETI29952-4,PLANEACION,OE00049508,M2644004-270,67.73,51203.88,0.27,13825.0476,C11994P,AEROENLACES NACIONALES,11994I0001A,PASE DE ABORDAR VIVAAEROBUS,E, 13/02/24, 13/02/24, 13/03/24, 13/03/24, 15/03/24,,,1,-29,700.00,0.00,700.00,"-2,118.00",MI,"283,101.00",94,#N/A,VENTAS LIBERA PEDIDO POR MEDIO DE CITA.
,I0ETI29970-1,PLANEACION,OE00049521,M2644004-240,21.63,1297.8,0.24,311.472,C12109D,AUTOMATIZACION Y TRAFICO ALTO,12109I0019A,"PATIO HERMOSILLO CON FOLIO, 05-BTDESTERM",E, 13/02/24, 14/02/24, 13/03/24, 13/03/24, 15/03/24,,,0,-29,50.00,0.00,50.00,0.00,MI,"6,834.20",94,#N/A,"FOLIOS DEL 950,001 AL 1,000,000.                 Y FOLIOS DEL 1 AL 150,000.     VENTAS LIBERA PEDIDO POR MEDIO DE CITA."
,I0ETI29970-2,PLANEACION,OE00049522,M2644004-240,21.63,3893.4,0.24,934.416,C12109D,AUTOMATIZACION Y TRAFICO ALTO,12109I0019A,"PATIO HERMOSILLO CON FOLIO, 05-BTDESTERM",E, 13/02/24, 14/02/24, 13/03/24, 13/03/24, 15/03/24,,,0,-29,150.00,0.00,150.00,0.00,MI,"20,502.60",94,#N/A,"FOLIOS DEL 950,001 AL 1,000,000.                 Y FOLIOS DEL 1 AL 150,000.     VENTAS LIBERA PEDIDO POR MEDIO DE CITA."
,I0ETI29971-1,PLANEACION,OE00049520,M2644004-240,21.63,5191.2,0.24,1245.888,C12109D,AUTOMATIZACION Y TRAFICO ALTO,12109I0019A,"PATIO HERMOSILLO CON FOLIO, 05-BTDESTERM",E, 13/02/24, 14/02/24, 13/03/24, 13/03/24, 15/03/24,,,0,-29,200.00,0.00,200.00,0.00,MI,"27,336.80",94,#N/A,"FOLIOS DEL 150,001 AL 350,000.      VENTAS LIBERA PEDIDO POR MEDIO DE CITA."
,CS00005134-1,PLANEACION,OE00049379,M0549153-215,29.9,1614.6,0.215,347.139,TTIJ,ALMACEN ETIQUETAS MONTERREY-MP,PL5162100,ETIQUETA LASER 4 X 1 1/3,B, 08/02/24, 08/02/24, 18/03/24, 18/03/24, 20/03/24,,,6,-33,50.00,0.00,50.00,0.00,PQ,"3,600.00",,#N/A,
,CS00005134-2,PLANEACION,OE00049380,M0549153-215,29,1566,0.215,336.69,TTIJ,ALMACEN ETIQUETAS MONTERREY-MP,PL2113100,"ETQ. LASER 8 1/2"" X 5 1/2"" C/100",A, 08/02/24, 08/02/24, 18/03/24, 18/03/24, 20/03/24,,,6,-33,50.00,0.00,50.00,60.00,PQ,"2,642.16",,#N/A,
,CS00005134-3,PLANEACION,OE00049381,M0549153-215,29,1566,0.215,336.69,TTIJ,ALMACEN ETIQUETAS MONTERREY-MP,PL5160100,ETIQ. LASER 2 5/8 X 1 C/100,A, 08/02/24, 08/02/24, 18/03/24, 18/03/24, 20/03/24,,,6,-33,50.00,0.00,50.00,427.00,PQ,"3,604.00",,#N/A,
,CS00005134-4,PLANEACION,OE00049382,M0549153-215,29,4698,0.215,1010.07,TTIJ,ALMACEN ETIQUETAS MONTERREY-MP,PL5161100,ETIQ. LASER 4 X 1 C/100,A, 08/02/24, 08/02/24, 18/03/24, 18/03/24, 20/03/24,,,6,-33,150.00,0.00,150.00,80.00,PQ,"9,944.11",,#N/A,
*,I0TIJ12252-1,RETENIDO,,,,,,,NE8509D,PROVEEDORA DE SEGURIDAD INDUSTRIAL DEL GOLFO,08509B0011B,ETIQ TD 2.25 X 2 R/700 C/1 C/P,C, 06/02/24, 06/02/24, 24/02/24, 06/02/24,24/02/2024,,,8,-11,100.00,0.00,100.00,0.00,RL,"5,914.92",210,Alberto Limas,
*,I0TIJ12252-2,RETENIDO,,,,,,,NE8509D,PROVEEDORA DE SEGURIDAD INDUSTRIAL DEL GOLFO,08509B0005A,ETIQ. TD 4X4 R-350 C-1 C-P,C, 06/02/24, 06/02/24, 24/02/24, 06/02/24,24/02/2024,,,8,-11,95.00,0.00,95.00,0.00,RL,"6,596.42",210,Alberto Limas,
,CS00005134-5,PLANEACION,OE00049383,M0549153-215,29,1566,0.215,336.69,TTIJ,ALMACEN ETIQUETAS MONTERREY-MP,PL5163100,ETIQ. LASER 4 X 2 C/100,A, 08/02/24, 08/02/24, 18/03/24, 18/03/24, 20/03/24,,,6,-33,50.00,0.00,50.00,182.00,PQ,"3,330.88",,#N/A,
,I0ETI29833-2,PLANEACION,,M2644003-220,200,79056,0.22,17392.32,S10789D,AEROPUERTO DE CANCUN,10789I0001A,ROLLO TERM. A UNA TINTA AL REVERSO DE 3.,E, 08/02/24, 08/02/24, 20/03/24, 20/03/24, 22/03/24,,,6,-35,366.00,0.00,366.00,0.00,RL,"98,701.10",9775,Magdalena Martínez,
,I0ETI29834-2,PLANEACION,,M1001912-325,17.99,50127.336,0.325,16291.3842,S10789D,AEROPUERTO DE CANCUN,10789I0002A,BAG TAG ASUR,C, 08/02/24, 08/02/24, 20/03/24, 20/03/24, 22/03/24,,,6,-35,"2,580.00",0.00,"2,580.00",0.00,RL,"359,088.71",9775,Magdalena Martínez,
,I0ETI29155-1,PLANEACION,OE00048727,M0549196-215,7.14,1850.688,0.215,397.89792,CT9222P,RECKITT BENCKISER MEXICO,09222B0001C,"KIT ETIQ TT 1 7/8""X1"" 2-P RIBBON 110X300",C, 18/01/24, 19/01/24, 23/03/24, 23/03/24, 25/03/24,,,26,-38,240.00,0.00,240.00,0.00,MI,"7,507.20",79,Jaime Blasques,
,I0ETI29835-1,PLANEACION,,M0549153-215,29,939.6,0.215,202.014,NE9798D,UNICAR PLASTICS,PL5164100,ETQ. LASER 4 X 3 1/3 C/100,A, 08/02/24, 08/02/24, 08/04/24, 08/04/24, 10/04/24,,,6,-54,30.00,0.00,30.00,110.00,PQ,"4,456.54",182,Clelia Sanchez,SALTILLO FACTURAR Y EMBARCAR 10 ABRIL
,I0ETI29833-3,PLANEACION,,M2644003-220,200,79056,0.22,17392.32,S10789D,AEROPUERTO DE CANCUN,10789I0001A,ROLLO TERM. A UNA TINTA AL REVERSO DE 3.,E, 08/02/24, 08/02/24, 22/04/24, 22/04/24, 24/04/24,,,6,-68,366.00,0.00,366.00,0.00,RL,"98,701.10",9775,Magdalena Martínez,
,I0ETI29834-3,PLANEACION,,M1001912-325,17.99,50127.336,0.325,16291.3842,S10789D,AEROPUERTO DE CANCUN,10789I0002A,BAG TAG ASUR,C, 08/02/24, 08/02/24, 22/04/24, 22/04/24, 24/04/24,,,6,-68,"2,580.00",0.00,"2,580.00",0.00,RL,"359,088.71",9775,Magdalena Martínez,
,I0ETI29501-1,PLANEACION,,M0549196-225,26.99,1748.952,0.225,393.5142,NE9999P,PCM  (REPROGRAMACIONES),50000I0058A,ETIQ. TT 4 X 2 AMARILLA R/3000 C/P C-3,B, 27/01/24, 27/01/24, 15/02/24, 15/05/24, 17/05/24,,,18,-1,60.00,0.00,60.00,0.00,MI,0.00,182,Clelia Sanchez,Coordinar entrega con clelia sanchez
,I0ETI29833-4,PLANEACION,,M2644003-220,200,79056,0.22,17392.32,S10789D,AEROPUERTO DE CANCUN,10789I0001A,ROLLO TERM. A UNA TINTA AL REVERSO DE 3.,E, 08/02/24, 08/02/24, 20/05/24, 20/05/24, 22/05/24,,,6,-96,366.00,0.00,366.00,0.00,RL,"98,701.10",9775,Magdalena Martínez,
,I0ETI29834-4,PLANEACION,,M1001912-325,17.99,50127.336,0.325,16291.3842,S10789D,AEROPUERTO DE CANCUN,10789I0002A,BAG TAG ASUR,C, 08/02/24, 08/02/24, 20/05/24, 20/05/24, 22/05/24,,,6,-96,"2,580.00",0.00,"2,580.00",0.00,RL,"359,088.71",9775,Magdalena Martínez,
*,I0TIJ12263-1,RETENIDO,,,,,,,N11646P,IMPRESOS Y ETIQUETAS MONACO,50000B0111A,ETIQ BASCULA TIPO CASS BLANCA 57X40 R700,C, 07/02/24, 07/02/24, 25/02/24, 09/02/24,25/02/2024,,,7,-12,60.00,0.00,60.00,0.00,RL,"1,654.20",210,Alberto Limas,
,I0ETI29833-5,PLANEACION,,M2644003-220,200,79056,0.22,17392.32,S10789D,AEROPUERTO DE CANCUN,10789I0001A,ROLLO TERM. A UNA TINTA AL REVERSO DE 3.,E, 08/02/24, 08/02/24, 20/06/24, 20/06/24, 22/06/24,,,6,-127,366.00,0.00,366.00,0.00,RL,"98,701.10",9775,Magdalena Martínez,
*,I0TIJ12269-1,RETENIDO,,,,,,,N12067P,MANUEL MEDINA JIMENEZ,PL5163100,ETIQ. LASER 4 X 2 C/100,A, 07/02/24, 07/02/24, 14/02/24, 07/02/24,14/02/2024,,,7,-1,30.00,0.00,30.00,182.00,PQ,"4,950.00",210,Alberto Limas,
*,I0TIJ12269-2,RETENIDO,,,,,,,N12067P,MANUEL MEDINA JIMENEZ,PL5165100,ETIQ. LASER 8 1/2 X 11 C/100,A, 07/02/24, 07/02/24, 14/02/24, 07/02/24,14/02/2024,,,7,-1,30.00,0.00,30.00,120.00,PQ,"4,950.00",210,Alberto Limas,
*,I0TIJ12269-3,RETENIDO,,,,,,,N12067P,MANUEL MEDINA JIMENEZ,PL2113100,"ETQ. LASER 8 1/2"" X 5 1/2"" C/100",A, 07/02/24, 07/02/24, 14/02/24, 07/02/24,14/02/2024,,,7,-1,10.00,0.00,10.00,60.00,PQ,"1,650.00",210,Alberto Limas,
*,I0TIJ12272-1,RETENIDO,,,,,,,NE8509D,PROVEEDORA DE SEGURIDAD INDUSTRIAL DEL GOLFO,50000B0015A,ETIQ. TT 4 X 6 C/P R/1000 C-3,A, 08/02/24, 08/02/24, 15/02/24, 07/02/24,15/02/2024,,,6,-1,3.00,0.00,3.00,-13.00,CJ,"2,572.22",210,Alberto Limas,
,I0ETI29834-5,PLANEACION,,M1001912-325,17.99,50127.336,0.325,16291.3842,S10789D,AEROPUERTO DE CANCUN,10789I0002A,BAG TAG ASUR,C, 08/02/24, 08/02/24, 20/06/24, 20/06/24, 22/06/24,,,6,-127,"2,580.00",0.00,"2,580.00",0.00,RL,"359,088.71",9775,Magdalena Martínez,
,I0ETI29833-6,PLANEACION,,M2644003-220,200,79920,0.22,17582.4,S10789D,AEROPUERTO DE CANCUN,10789I0001A,ROLLO TERM. A UNA TINTA AL REVERSO DE 3.,E, 08/02/24, 08/02/24, 22/07/24, 22/07/24, 24/07/24,,,6,-159,370.00,0.00,370.00,0.00,RL,"99,779.80",9775,Magdalena Martínez,
,I0ETI29834-6,PLANEACION,,M1001912-325,17.99,50515.92,0.325,16417.674,S10789D,AEROPUERTO DE CANCUN,10789I0002A,BAG TAG ASUR,C, 08/02/24, 08/02/24, 22/07/24, 22/07/24, 24/07/24,,,6,-159,"2,600.00",0.00,"2,600.00",0.00,RL,"361,872.34",9775,Magdalena Martínez,
*,I0TIJ12287-1,RETENIDO,,,,,,,N10887P,CORRUEMP,10887B0003A,ETIQ. TD 4X8 R/1000 C/3 C/P,C, 11/02/24, 11/02/24, 01/03/24, 29/02/24,01/03/2024,,,3,-17,"1,000.00",0.00,"1,000.00",0.00,RL,"385,560.00",210,Alberto Limas,
*,I0TIJ12293-1,RETENIDO,,,,,,,N12253D,INDUSTRIAS SECO DE TIJUANA,50000I0021A,ETIQ. TT 4 X 6 C/P R-1000 C-3 P-186 (ROJ,A, 13/02/24, 13/02/24, 20/02/24, 13/02/24,20/02/2024,,,1,-7,1.00,0.00,1.00,20.00,CJ,923.30,210,Alberto Limas,